instructor_id,name,expertise_area,rating,join_date
i00001,Arjun Smith,Math,4.2,10/10/2018
i00002,Eva Clark,Biology,3.5,6/4/2020
i00003,Benjamin Smith,Physics,4.5,2/27/2019
i00004,Vihaan Smith,History,4,7/2/2020
i00005,Aarav Martin,Math,4.5,5/31/2018
i00006,Benjamin Davis,Biology,5,9/22/2018
i00007,Ethan Clark,Math,4,6/16/2021
i00008,Mia Lewis,Math,3.8,4/10/2020
i00009,Lucas Martin,Data Science,4.7,3/15/2020
i00010,Emma Walker,Music,3.9,3/23/2018
i00011,Meera Wilson,Physics,3.4,9/3/2019
i00012,Liam Moore,Biology,3.1,3/22/2020
i00013,Benjamin Thomas,Biology,3.3,3/20/2018
i00014,Zara Lee,Business,3.7,3/29/2019
i00015,Mia Lee,Math,3.7,1/13/2020
i00016,Meera Clark,Programming,3.8,4/21/2020
i00017,Meera Patel,Data Science,5,6/18/2019
i00018,Benjamin Walker,Data Science,3.1,2/15/2021
i00019,Eva Clark,History,3.3,6/13/2021
i00020,Lucas Thomas,History,4.6,7/7/2018
i00021,Aanya Clark,Physics,4.8,5/27/2020
i00022,Aanya Lee,Programming,3,10/28/2020
i00023,Benjamin Lee,Business,4.4,8/22/2021
i00024,Lucas Singh,Business,3.4,4/28/2019
i00025,Ethan Patel,Programming,3.7,3/10/2018
i00026,Sophia Miller,AI,4.4,9/16/2019
i00027,Mia Miller,Music,3.9,12/9/2018
i00028,Karan Moore,AI,3.1,5/15/2021
i00029,Aanya Smith,Data Science,4.7,2/25/2021
i00030,Aanya Thomas,Design,3.7,7/28/2019
i00031,Mia Moore,Data Science,4.7,6/10/2018
i00032,Isabella Anderson,Business,4.2,7/6/2019
i00033,Zara Brown,Business,4.2,7/30/2020
i00034,Mia Brown,Business,4.4,1/1/2018
i00035,Vihaan Walker,AI,4.7,11/23/2020
i00036,Isabella Davis,Math,4.1,2/18/2021
i00037,Isabella Lewis,Physics,3.2,5/7/2019
i00038,Mia Moore,Music,5,8/24/2020
i00039,Sophia Anderson,AI,3.7,1/8/2018
i00040,Mia Sharma,History,4.1,8/4/2021
i00041,Amelia Johnson,Biology,4.8,6/30/2018
i00042,Olivia Lewis,Design,3.2,9/20/2018
i00043,Eva Smith,Programming,4,11/24/2021
i00044,Emma Smith,Physics,4.8,3/7/2019
i00045,Vihaan Clark,Programming,4.6,4/16/2021
i00046,Zara Thomas,Design,3.2,10/23/2021
i00047,Riya Patel,Design,4.8,4/14/2018
i00048,Sophia Anderson,Design,4.8,4/23/2018
i00049,Eva Thomas,Business,4.8,12/21/2020
i00050,Lucas Martin,Design,4.9,3/2/2021
i00051,Isabella Thomas,Biology,3.6,3/31/2019
i00052,Amelia Hall,Physics,4.1,6/26/2020
i00053,Meera Verma,Music,3.9,4/10/2019
i00054,Liam Smith,Business,4.2,5/22/2021
i00055,Liam Clark,Math,3.8,1/31/2019
i00056,Olivia Anderson,Business,3.3,11/23/2018
i00057,Arjun Clark,Physics,3.1,7/3/2018
i00058,Amelia Miller,Data Science,3.6,9/21/2021
i00059,Emma Taylor,History,4.8,11/10/2019
i00060,Isabella Lewis,Programming,4.9,12/25/2018
i00061,Riya Martin,Programming,3.7,10/3/2018
i00062,Aarav Davis,Design,4.9,7/11/2021
i00063,Amelia Walker,Physics,3.7,9/17/2021
i00064,Amelia Davis,Music,4.8,5/25/2021
i00065,Emma Anderson,AI,3.4,10/2/2018
i00066,Noah Patel,Math,4.4,6/16/2019
i00067,Sophia Lewis,Biology,4.2,7/26/2021
i00068,Arjun Verma,AI,4.8,10/19/2018
i00069,Emma Walker,Programming,4.3,2/11/2020
i00070,Aanya Johnson,Data Science,4.9,12/31/2018
i00071,Karan Hall,Math,3.5,2/26/2020
i00072,Eva Clark,Programming,3.4,12/14/2020
i00073,Ethan Sharma,Design,3.6,5/31/2018
i00074,Karan Thomas,AI,3.6,7/27/2019
i00075,Zara Wilson,Programming,3.5,2/18/2018
i00076,Noah Martin,Programming,4.1,3/7/2019
i00077,Isabella Davis,Data Science,3.8,12/12/2019
i00078,Amelia Wilson,Business,3.2,3/3/2019
i00079,Aarav Patel,Math,4.5,5/13/2020
i00080,Sophia Hall,Physics,3.2,12/9/2020
i00081,Aarav Moore,Programming,3.5,9/26/2021
i00082,Liam Lee,Programming,4.2,2/2/2019
i00083,Aarav Davis,Biology,4.6,3/12/2021
i00084,Meera Patel,Music,3.7,1/9/2018
i00085,Olivia Clark,History,3.6,7/16/2021
i00086,Eva Verma,Biology,4.8,7/17/2019
i00087,Lucas Martin,AI,3.9,1/27/2021
i00088,Zara Moore,History,5,5/22/2019
i00089,Aanya Miller,AI,3.1,12/3/2021
i00090,Mia Walker,Math,3.1,4/23/2019
i00091,Ethan Thomas,Physics,3.4,1/20/2019
i00092,Liam Miller,Data Science,3.4,6/5/2021
i00093,Zara Taylor,Design,3.4,11/5/2019
i00094,Eva Singh,Design,3,8/9/2020
i00095,Karan Patel,Music,4,10/8/2018
i00096,Aanya Miller,Programming,4.4,5/10/2020
i00097,Benjamin Davis,Music,4.6,12/5/2018
i00098,Isabella Brown,Music,4.8,6/26/2018
i00099,Karan Verma,Physics,3.2,2/19/2018
i00100,Riya Sharma,Math,4.6,10/8/2020
i00101,Olivia Walker,Data Science,4,6/5/2019
i00102,Lucas Sharma,Data Science,3.9,9/14/2021
i00103,Emma Brown,Data Science,3.5,10/22/2021
i00104,Riya Johnson,History,3.8,7/25/2021
i00105,Arjun Taylor,Design,4.9,5/14/2021
i00106,Karan Smith,Business,4.8,11/8/2019
i00107,Meera Miller,Biology,4,8/2/2019
i00108,Sophia Anderson,Programming,3.7,6/9/2020
i00109,Zara Thomas,Music,3.9,5/30/2020
i00110,Vihaan Johnson,Math,3.7,3/2/2019
i00111,Aarav Thomas,Math,3.2,10/22/2021
i00112,Sophia Moore,Programming,4.6,7/22/2020
i00113,Sophia Walker,Data Science,4.4,2/10/2021
i00114,Arjun Johnson,Design,3.8,5/16/2020
i00115,Emma Smith,Business,4.1,2/11/2018
i00116,Karan Verma,Music,3.7,1/8/2020
i00117,Zara Walker,Design,3.6,12/14/2021
i00118,Meera Brown,Programming,4.7,10/29/2021
i00119,Liam Brown,Data Science,3.9,5/17/2019
i00120,Lucas Moore,Physics,4.9,4/12/2018
i00121,Isabella Moore,Biology,3,11/19/2021
i00122,Vihaan Hall,Design,3.6,7/24/2021
i00123,Arjun Thomas,Biology,4.1,7/15/2020
i00124,Lucas Moore,Biology,3.2,2/24/2019
i00125,Arjun Lewis,Music,4.8,3/1/2019
i00126,Sophia Lee,History,4.3,2/21/2018
i00127,Zara Taylor,Biology,3,8/27/2019
i00128,Mia Sharma,AI,3,2/19/2018
i00129,Emma Clark,Design,3.8,6/16/2021
i00130,Emma Thomas,Music,3.4,6/17/2020
i00131,Olivia Verma,Biology,4.5,1/29/2020
i00132,Eva Brown,Math,4.3,4/5/2019
i00133,Riya Lewis,History,4.1,1/29/2019
i00134,Benjamin Hall,Math,3.8,4/21/2018
i00135,Aanya Moore,AI,4.4,4/26/2018
i00136,Lucas Lewis,Business,3.4,8/12/2021
i00137,Lucas Verma,Programming,4.4,12/7/2020
i00138,Olivia Hall,Programming,3.3,10/14/2018
i00139,Noah Davis,Design,3.5,3/3/2018
i00140,Riya Hall,Music,4.4,10/10/2021
i00141,Meera Moore,Music,3,11/25/2018
i00142,Noah Moore,Design,4.6,12/3/2020
i00143,Liam Singh,Biology,3.9,7/23/2020
i00144,Amelia Miller,Math,3.2,6/3/2018
i00145,Riya Miller,AI,4.3,3/17/2020
i00146,Olivia Davis,Math,3.7,11/15/2018
i00147,Noah Brown,Music,4.8,10/6/2019
i00148,Liam Taylor,Business,4,1/13/2021
i00149,Benjamin Smith,Programming,3.4,9/19/2019
i00150,Aanya Lewis,Data Science,3.8,7/24/2020
i00151,Liam Smith,Biology,3.6,7/12/2020
i00152,Olivia Wilson,Physics,3.1,10/17/2019
i00153,Olivia Martin,Math,3.1,8/8/2020
i00154,Benjamin Anderson,Physics,3.2,8/14/2018
i00155,Aanya Verma,Business,3.8,1/26/2019
i00156,Ethan Wilson,Data Science,3.6,1/26/2018
i00157,Riya Sharma,Data Science,4.2,3/10/2019
i00158,Karan Martin,Physics,3.9,7/28/2021
i00159,Meera Smith,History,4.2,11/22/2021
i00160,Mia Sharma,Business,4.2,7/5/2019
i00161,Meera Smith,Programming,5,8/1/2019
i00162,Lucas Anderson,Programming,3.5,7/19/2019
i00163,Sophia Thomas,Business,4.5,10/6/2019
i00164,Aarav Moore,History,4.2,6/14/2021
i00165,Aarav Hall,Biology,3.9,10/23/2021
i00166,Amelia Thomas,Programming,3.4,12/14/2020
i00167,Lucas Lee,Music,3.2,1/13/2019
i00168,Zara Wilson,AI,3.4,6/19/2021
i00169,Mia Lewis,Music,4.3,7/28/2018
i00170,Benjamin Anderson,Design,3.3,5/8/2021
i00171,Noah Patel,AI,4.1,10/29/2021
i00172,Mia Singh,Music,3.8,3/9/2021
i00173,Liam Singh,Biology,3.4,11/19/2018
i00174,Sophia Clark,Math,3.7,2/25/2021
i00175,Sophia Smith,Physics,3.7,2/21/2018
i00176,Isabella Verma,Data Science,3.2,6/1/2018
i00177,Liam Smith,Music,3.3,1/11/2021
i00178,Benjamin Moore,History,4.2,2/3/2021
i00179,Isabella Clark,Business,5,7/3/2020
i00180,Olivia Moore,History,4.8,11/25/2019
i00181,Isabella Hall,Music,3.9,8/11/2018
i00182,Arjun Wilson,Design,3.6,3/6/2021
i00183,Eva Hall,AI,4.2,9/24/2019
i00184,Emma Thomas,Physics,3.5,8/22/2020
i00185,Sophia Walker,Programming,3.3,2/14/2020
i00186,Ethan Wilson,AI,3.6,11/26/2018
i00187,Emma Anderson,History,3.4,5/16/2019
i00188,Aarav Patel,Biology,4.6,5/19/2020
i00189,Lucas Brown,Programming,3.7,6/9/2020
i00190,Noah Lewis,History,3.7,12/14/2018
i00191,Eva Smith,AI,3.4,10/22/2020
i00192,Liam Lee,Math,4.2,8/18/2019
i00193,Sophia Lewis,Data Science,3.9,5/30/2018
i00194,Ethan Walker,Data Science,4.7,2/14/2020
i00195,Zara Singh,Music,4.8,9/23/2019
i00196,Emma Martin,Business,3.5,1/8/2018
i00197,Lucas Martin,AI,4.2,5/23/2018
i00198,Amelia Lee,Music,3.8,7/14/2019
i00199,Eva Smith,Business,3.7,3/24/2018
i00200,Aarav Wilson,AI,4.2,10/23/2021
i00201,Vihaan Sharma,Business,4.7,9/26/2021
i00202,Lucas Thomas,Music,4.1,12/20/2021
i00203,Emma Johnson,Math,4.6,6/5/2021
i00204,Aarav Singh,Math,4,10/31/2020
i00205,Olivia Smith,Math,3.9,4/15/2019
i00206,Arjun Clark,Data Science,3,4/2/2019
i00207,Vihaan Thomas,Music,4.1,9/8/2020
i00208,Meera Taylor,Biology,4.8,1/23/2021
i00209,Zara Walker,Biology,4.4,11/12/2018
i00210,Aarav Thomas,History,3.3,12/27/2019
i00211,Liam Smith,Programming,4.5,3/23/2019
i00212,Lucas Singh,Physics,3,10/2/2019
i00213,Isabella Lee,History,3.4,1/2/2018
i00214,Aarav Singh,Music,4.3,5/28/2018
i00215,Liam Taylor,Biology,3,8/20/2020
i00216,Sophia Miller,Biology,3.9,5/12/2021
i00217,Riya Lee,AI,4.5,9/30/2019
i00218,Liam Brown,History,3.1,2/28/2019
i00219,Aarav Anderson,Math,4.3,9/10/2018
i00220,Isabella Johnson,Music,4.7,9/19/2019
i00221,Riya Hall,AI,4.8,3/16/2018
i00222,Liam Brown,Math,4.4,6/23/2021
i00223,Riya Brown,Business,3.3,9/7/2019
i00224,Noah Patel,Music,4.1,2/15/2020
i00225,Aanya Moore,Music,3.9,6/2/2018
i00226,Riya Hall,Biology,4.8,12/10/2019
i00227,Sophia Lewis,History,4.2,4/13/2020
i00228,Olivia Walker,Math,3.3,1/10/2018
i00229,Mia Lee,Physics,3.6,5/11/2020
i00230,Eva Thomas,Programming,4.2,9/28/2021
i00231,Aanya Brown,Data Science,3.9,1/23/2020
i00232,Meera Hall,Programming,3.4,1/28/2019
i00233,Riya Lewis,Biology,3.1,4/14/2018
i00234,Olivia Thomas,Data Science,3.8,8/31/2019
i00235,Eva Lewis,Design,5,10/10/2018
i00236,Aanya Singh,AI,4.3,9/24/2019
i00237,Benjamin Patel,Business,3.6,6/27/2021
i00238,Meera Lee,Physics,4.2,12/4/2021
i00239,Eva Johnson,Business,4.7,10/20/2019
i00240,Zara Moore,Data Science,4.7,9/18/2019
i00241,Riya Anderson,History,4.5,1/9/2020
i00242,Zara Taylor,Biology,4,7/16/2018
i00243,Liam Lewis,Business,3.5,8/25/2021
i00244,Liam Singh,Physics,4.1,12/1/2018
i00245,Meera Moore,History,4.4,9/6/2021
i00246,Zara Verma,Math,4.4,6/17/2020
i00247,Noah Singh,Music,3.4,10/6/2019
i00248,Ethan Lee,Math,3.1,1/15/2019
i00249,Zara Walker,Business,3.9,10/13/2020
i00250,Karan Moore,Data Science,3.8,7/23/2019
i00251,Karan Smith,Programming,4.7,2/12/2019
i00252,Isabella Smith,Data Science,4.6,10/4/2019
i00253,Noah Davis,Data Science,3.7,3/20/2020
i00254,Liam Davis,History,3.3,2/8/2018
i00255,Benjamin Wilson,Data Science,4.7,6/26/2021
i00256,Ethan Singh,Music,4.6,9/19/2018
i00257,Aanya Lewis,Design,3,7/26/2019
i00258,Karan Verma,Math,3.7,6/5/2018
i00259,Emma Patel,Design,3.5,12/20/2020
i00260,Amelia Taylor,Biology,3.5,5/21/2018
i00261,Noah Clark,Business,3.8,3/20/2020
i00262,Isabella Miller,Business,3.7,12/23/2021
i00263,Mia Martin,Music,4.6,6/25/2021
i00264,Karan Wilson,Business,3.1,4/14/2018
i00265,Emma Anderson,Business,3.4,2/11/2018
i00266,Liam Singh,Biology,3.6,3/1/2020
i00267,Amelia Brown,History,4.6,3/1/2019
i00268,Zara Wilson,History,3.9,8/23/2020
i00269,Karan Miller,Music,4.3,8/23/2021
i00270,Sophia Hall,Data Science,3.3,9/4/2019
i00271,Vihaan Sharma,Biology,3.6,12/12/2018
i00272,Olivia Davis,Design,4.7,12/24/2020
i00273,Riya Hall,Programming,4.6,12/5/2021
i00274,Eva Taylor,Physics,4.5,11/26/2021
i00275,Zara Lee,Biology,3.9,3/30/2019
i00276,Zara Wilson,Design,4.2,6/28/2019
i00277,Benjamin Martin,AI,4.8,4/18/2021
i00278,Karan Clark,Design,3.2,12/1/2021
i00279,Meera Thomas,History,4.3,5/31/2018
i00280,Zara Wilson,Programming,3.7,1/22/2018
i00281,Aanya Lee,History,4.8,4/17/2018
i00282,Lucas Martin,Programming,3.2,6/19/2021
i00283,Lucas Verma,Physics,3.4,1/5/2018
i00284,Arjun Sharma,Design,4.6,3/26/2019
i00285,Vihaan Hall,Data Science,3.6,7/17/2021
i00286,Amelia Anderson,Design,4.6,10/21/2018
i00287,Zara Anderson,AI,3.4,9/30/2021
i00288,Lucas Sharma,Music,3.8,8/9/2021
i00289,Ethan Anderson,Physics,3.2,3/22/2019
i00290,Vihaan Verma,Business,3.8,12/24/2018
i00291,Vihaan Patel,AI,4.3,10/3/2018
i00292,Zara Verma,Biology,4.5,4/23/2021
i00293,Amelia Clark,Business,3.9,6/2/2020
i00294,Vihaan Miller,Music,5,4/8/2021
i00295,Arjun Wilson,Biology,4.4,10/28/2020
i00296,Olivia Brown,Music,4.6,5/20/2018
i00297,Mia Miller,Music,3.8,6/14/2021
i00298,Meera Thomas,AI,4.5,11/24/2018
i00299,Zara Davis,Design,3.8,7/12/2018
i00300,Liam Verma,Programming,4.3,3/9/2021
i00301,Lucas Smith,Programming,3.5,3/19/2018
i00302,Mia Davis,Data Science,3.8,1/12/2018
i00303,Eva Patel,Biology,4.6,6/4/2021
i00304,Amelia Lewis,Design,3.7,2/17/2021
i00305,Sophia Walker,Design,4.4,5/26/2018
i00306,Ethan Brown,History,3.1,4/15/2021
i00307,Olivia Wilson,History,3.6,6/29/2019
i00308,Mia Brown,Music,4.6,8/25/2021
i00309,Ethan Taylor,History,5,8/1/2018
i00310,Mia Walker,Business,4.1,12/21/2020
i00311,Arjun Smith,Business,3.5,3/27/2018
i00312,Eva Moore,Design,4.3,8/24/2021
i00313,Vihaan Hall,Design,3.2,4/10/2020
i00314,Benjamin Smith,Programming,4.5,9/17/2020
i00315,Vihaan Thomas,Data Science,3.7,10/2/2020
i00316,Benjamin Patel,Biology,4.7,7/18/2021
i00317,Sophia Martin,Programming,3,3/4/2021
i00318,Vihaan Clark,Data Science,3,12/6/2019
i00319,Aanya Martin,Biology,3.1,8/26/2019
i00320,Emma Wilson,Data Science,4.6,8/22/2019
i00321,Ethan Lewis,Physics,5,12/1/2020
i00322,Aanya Verma,Business,3.6,1/5/2021
i00323,Noah Brown,Math,3.2,3/13/2018
i00324,Lucas Martin,Biology,3.3,3/12/2018
i00325,Mia Patel,AI,4.5,4/17/2020
i00326,Arjun Anderson,Design,4.4,5/25/2020
i00327,Olivia Walker,History,3.7,11/20/2020
i00328,Liam Smith,Biology,4.8,7/10/2021
i00329,Lucas Anderson,Programming,4.1,3/13/2019
i00330,Vihaan Martin,AI,4.6,8/27/2019
i00331,Emma Smith,Data Science,3.4,12/23/2020
i00332,Emma Taylor,History,4.7,2/12/2018
i00333,Emma Moore,Physics,3.3,9/3/2021
i00334,Benjamin Davis,Math,4.5,2/17/2018
i00335,Riya Patel,Programming,4.9,3/28/2020
i00336,Riya Martin,Business,4,10/31/2018
i00337,Aanya Patel,Math,3.9,1/13/2018
i00338,Liam Smith,Music,4.5,7/9/2020
i00339,Noah Johnson,Data Science,4.9,1/11/2019
i00340,Sophia Verma,Music,5,10/17/2020
i00341,Vihaan Sharma,Business,3.2,4/8/2021
i00342,Arjun Moore,Math,4.3,8/19/2018
i00343,Lucas Brown,Design,4,12/4/2018
i00344,Amelia Walker,Programming,4.8,5/8/2021
i00345,Amelia Anderson,Music,4.6,12/24/2020
i00346,Amelia Wilson,History,3.8,8/25/2021
i00347,Aarav Sharma,Math,4.7,4/30/2018
i00348,Liam Johnson,Business,3.7,4/7/2021
i00349,Noah Lewis,Math,4,8/4/2021
i00350,Eva Lewis,Biology,4.1,4/2/2018
i00351,Eva Davis,Music,3.5,7/31/2020
i00352,Riya Singh,Design,3.4,11/3/2021
i00353,Liam Lee,Design,4.4,4/13/2018
i00354,Ethan Johnson,Math,4.6,11/7/2018
i00355,Riya Wilson,Physics,4.8,7/5/2021
i00356,Sophia Martin,Business,3.1,3/27/2019
i00357,Noah Anderson,Business,4.9,3/17/2018
i00358,Noah Moore,Music,4.4,7/26/2021
i00359,Emma Verma,Physics,3.7,7/2/2018
i00360,Lucas Verma,Music,3.9,2/15/2021
i00361,Riya Thomas,Math,4.4,6/3/2018
i00362,Ethan Lewis,History,3.4,6/21/2019
i00363,Sophia Wilson,Music,5,10/26/2020
i00364,Olivia Martin,Physics,4.2,9/7/2020
i00365,Emma Wilson,Data Science,3.7,5/25/2019
i00366,Meera Davis,Music,4.6,4/19/2020
i00367,Meera Lee,Design,4.8,4/29/2018
i00368,Karan Moore,Music,4,4/20/2021
i00369,Eva Wilson,Data Science,4.5,3/21/2021
i00370,Mia Singh,Music,3.7,10/25/2018
i00371,Amelia Walker,AI,4.6,11/4/2019
i00372,Riya Miller,Programming,4.5,4/22/2019
i00373,Sophia Taylor,AI,4.2,6/24/2018
i00374,Eva Johnson,Physics,4.2,8/29/2021
i00375,Karan Singh,Data Science,4.7,2/6/2020
i00376,Mia Wilson,Physics,4.9,8/12/2021
i00377,Noah Walker,Biology,4.8,10/23/2019
i00378,Emma Walker,Biology,3,11/8/2018
i00379,Eva Anderson,Business,4.5,1/13/2020
i00380,Zara Sharma,History,3.9,5/4/2018
i00381,Benjamin Smith,Math,3.8,8/22/2019
i00382,Benjamin Smith,Music,4.7,3/29/2021
i00383,Noah Lee,Biology,4,11/11/2021
i00384,Aanya Lee,Programming,4.1,7/15/2020
i00385,Lucas Johnson,Physics,3.5,1/28/2018
i00386,Karan Davis,Music,3.4,7/7/2021
i00387,Isabella Martin,Design,4.8,1/1/2020
i00388,Sophia Davis,Data Science,4.2,3/21/2020
i00389,Isabella Taylor,Design,3.4,9/18/2019
i00390,Sophia Miller,Math,4.4,4/9/2019
i00391,Amelia Walker,Music,3.1,5/9/2019
i00392,Emma Davis,History,4.8,6/12/2019
i00393,Aarav Anderson,Biology,3.5,7/1/2018
i00394,Amelia Anderson,Design,4.1,5/5/2021
i00395,Eva Moore,Physics,3,11/19/2018
i00396,Ethan Taylor,AI,4.9,4/23/2018
i00397,Zara Martin,AI,4.7,5/25/2020
i00398,Lucas Smith,Physics,3.2,3/29/2019
i00399,Aarav Martin,Biology,3.9,6/6/2021
i00400,Aanya Patel,Math,4,11/26/2018
i00401,Emma Davis,History,3.1,2/8/2018
i00402,Olivia Miller,Business,4.1,2/17/2021
i00403,Amelia Singh,Business,4.3,6/18/2018
i00404,Riya Patel,Programming,4.4,2/6/2020
i00405,Mia Singh,Design,3.4,10/18/2021
i00406,Ethan Lee,Music,4,3/12/2018
i00407,Lucas Brown,Business,3.5,12/4/2019
i00408,Liam Brown,Music,3.9,2/11/2021
i00409,Eva Verma,Design,4.4,5/29/2020
i00410,Amelia Anderson,Math,4.4,6/13/2018
i00411,Lucas Singh,Business,3.4,7/19/2018
i00412,Karan Taylor,Math,4.9,9/12/2020
i00413,Eva Hall,History,4.4,9/30/2021
i00414,Lucas Thomas,History,4.7,6/25/2021
i00415,Riya Hall,Data Science,4.2,11/12/2021
i00416,Mia Singh,Design,4.5,10/14/2020
i00417,Isabella Moore,Programming,3.8,2/2/2021
i00418,Aarav Davis,Business,4.8,2/17/2018
i00419,Aarav Patel,Programming,4.2,7/2/2020
i00420,Amelia Sharma,Math,3.4,11/24/2019
i00421,Eva Singh,AI,4.5,4/16/2018
i00422,Arjun Verma,History,4.5,5/1/2021
i00423,Eva Sharma,History,4.9,1/28/2021
i00424,Arjun Thomas,Biology,4.7,2/17/2019
i00425,Vihaan Hall,AI,4.4,5/13/2019
i00426,Eva Martin,Design,4.6,1/9/2018
i00427,Mia Lee,AI,4.2,9/8/2020
i00428,Ethan Lee,Design,4.6,3/4/2019
i00429,Amelia Smith,Programming,4.5,5/26/2019
i00430,Eva Lee,Math,3.8,2/15/2020
i00431,Karan Hall,Math,3.9,2/6/2018
i00432,Zara Lee,AI,4.2,12/15/2020
i00433,Arjun Walker,Business,4.8,11/11/2018
i00434,Karan Verma,AI,3.6,2/21/2021
i00435,Eva Martin,Data Science,3.2,9/13/2018
i00436,Liam Lewis,Biology,4.1,5/15/2020
i00437,Vihaan Lewis,History,3.1,3/8/2021
i00438,Sophia Anderson,Design,3.4,7/1/2020
i00439,Liam Brown,Math,4.5,5/10/2019
i00440,Karan Singh,Math,3.9,1/30/2018
i00441,Riya Miller,Design,3.5,2/24/2021
i00442,Riya Johnson,Data Science,3.9,5/25/2021
i00443,Lucas Anderson,Business,3.5,10/31/2020
i00444,Amelia Martin,Design,3.9,5/19/2019
i00445,Liam Davis,History,4,2/3/2021
i00446,Benjamin Davis,Music,3.2,4/20/2020
i00447,Amelia Davis,Math,4,1/26/2018
i00448,Aarav Patel,Biology,4.3,8/21/2019
i00449,Arjun Brown,Music,4.7,1/29/2018
i00450,Vihaan Wilson,Physics,4.6,8/9/2018
i00451,Ethan Sharma,Biology,3.2,2/14/2018
i00452,Aarav Sharma,History,4.4,8/28/2021
i00453,Meera Johnson,History,4.8,6/15/2019
i00454,Isabella Hall,History,4.3,1/20/2019
i00455,Olivia Brown,History,3.8,2/2/2020
i00456,Lucas Moore,Biology,3.2,12/21/2018
i00457,Isabella Sharma,History,3.2,7/28/2019
i00458,Eva Brown,Biology,3.7,11/18/2021
i00459,Mia Martin,Math,3.6,3/4/2021
i00460,Aanya Verma,AI,4.5,10/14/2018
i00461,Riya Lewis,Physics,3.2,12/15/2021
i00462,Isabella Anderson,Data Science,3.7,3/5/2019
i00463,Noah Brown,Biology,4.5,2/19/2020
i00464,Zara Wilson,Music,3.7,8/7/2019
i00465,Amelia Davis,AI,4.2,4/20/2018
i00466,Eva Moore,Business,3.1,4/28/2020
i00467,Mia Lee,History,4.8,7/6/2019
i00468,Aanya Verma,AI,3.3,4/28/2018
i00469,Noah Miller,AI,4.8,6/27/2018
i00470,Mia Johnson,Physics,4.3,10/20/2020
i00471,Karan Clark,AI,3.6,11/8/2020
i00472,Benjamin Brown,Math,4.1,6/13/2018
i00473,Zara Sharma,Programming,3.9,7/2/2019
i00474,Noah Clark,History,3.5,8/21/2020
i00475,Lucas Anderson,Physics,3.3,8/24/2020
i00476,Eva Davis,Data Science,3.2,10/15/2019
i00477,Riya Lee,Business,3.8,9/19/2018
i00478,Sophia Moore,Business,3.7,8/9/2019
i00479,Arjun Smith,History,3.9,4/19/2020
i00480,Olivia Smith,Design,4.9,5/15/2021
i00481,Amelia Thomas,Physics,4.6,2/20/2020
i00482,Olivia Singh,Design,3.3,11/8/2021
i00483,Isabella Davis,Data Science,4,1/24/2018
i00484,Emma Patel,AI,4.3,6/4/2019
i00485,Zara Smith,Biology,3.8,5/2/2018
i00486,Arjun Sharma,Physics,4.3,3/23/2018
i00487,Meera Clark,History,4.9,4/20/2018
i00488,Emma Lewis,Programming,4.5,12/9/2020
i00489,Aarav Clark,Music,3.7,3/12/2020
i00490,Karan Martin,Biology,3.4,1/29/2019
i00491,Zara Smith,Math,3.7,8/9/2021
i00492,Zara Johnson,Design,4.4,4/21/2021
i00493,Isabella Davis,Business,3.8,8/27/2019
i00494,Arjun Lee,Physics,4.4,6/8/2019
i00495,Noah Miller,AI,4.6,8/21/2019
i00496,Mia Brown,History,3.2,1/16/2021
i00497,Vihaan Clark,Design,4.5,11/29/2020
i00498,Meera Anderson,Design,3.7,4/28/2019
i00499,Riya Lee,Business,4.5,8/4/2020
i00500,Amelia Taylor,Data Science,3.4,3/31/2021
i00501,Arjun Singh,Business,3.9,2/18/2021
i00502,Sophia Johnson,Physics,4.1,6/7/2018
i00503,Eva Smith,Data Science,4,3/5/2020
i00504,Eva Hall,Data Science,3.9,7/22/2020
i00505,Aanya Clark,AI,3.1,7/25/2020
i00506,Benjamin Smith,Music,3.3,12/22/2019
i00507,Arjun Thomas,Biology,3.3,11/27/2020
i00508,Ethan Verma,Music,4.1,2/15/2020
i00509,Amelia Sharma,History,4.2,1/3/2018
i00510,Benjamin Taylor,Math,4.1,8/31/2021
i00511,Meera Verma,Business,4.1,10/8/2020
i00512,Aarav Walker,Biology,3.5,6/3/2018
i00513,Emma Walker,History,3.8,11/18/2021
i00514,Mia Hall,Physics,4.2,9/5/2021
i00515,Noah Moore,History,4.4,8/6/2019
i00516,Sophia Lee,History,3,8/30/2021
i00517,Aarav Walker,Music,4.1,4/20/2021
i00518,Noah Taylor,Design,4.4,10/6/2021
i00519,Benjamin Moore,Math,4.7,10/28/2021
i00520,Zara Moore,Business,4,12/30/2019
i00521,Vihaan Brown,Biology,4.3,10/20/2021
i00522,Eva Verma,Biology,3,9/21/2020
i00523,Liam Hall,Biology,4.6,2/27/2018
i00524,Arjun Singh,Business,4.3,6/29/2019
i00525,Zara Thomas,AI,3.3,10/26/2020
i00526,Liam Walker,Physics,4.5,2/19/2021
i00527,Riya Thomas,History,4.5,5/19/2019
i00528,Olivia Lewis,Physics,4.5,3/12/2021
i00529,Aanya Thomas,Physics,4.6,5/19/2021
i00530,Arjun Wilson,Biology,3.2,10/15/2020
i00531,Meera Brown,Programming,5,1/12/2021
i00532,Karan Martin,AI,3.7,5/28/2018
i00533,Amelia Clark,Math,4.3,7/8/2018
i00534,Emma Verma,Physics,4.9,7/29/2020
i00535,Riya Hall,Business,3.7,7/21/2019
i00536,Isabella Thomas,Music,4.2,8/19/2019
i00537,Isabella Sharma,Business,4.9,6/20/2019
i00538,Zara Miller,Programming,3.9,8/6/2019
i00539,Arjun Thomas,AI,3.8,4/20/2021
i00540,Amelia Clark,Music,3.6,9/27/2020
i00541,Karan Singh,Music,3.1,5/11/2021
i00542,Benjamin Smith,Data Science,3.4,6/9/2019
i00543,Sophia Thomas,Physics,4.1,4/5/2019
i00544,Karan Lewis,AI,4.2,5/19/2018
i00545,Noah Wilson,Programming,4.6,5/31/2018
i00546,Zara Clark,Design,4,7/20/2020
i00547,Olivia Johnson,Biology,4.2,8/26/2021
i00548,Lucas Moore,Physics,3.7,4/13/2021
i00549,Riya Anderson,Math,4.1,11/7/2019
i00550,Riya Martin,Business,3.7,9/12/2021
i00551,Emma Lewis,Business,4.9,11/4/2020
i00552,Sophia Johnson,Music,4.3,2/10/2021
i00553,Noah Davis,Music,4.1,8/11/2020
i00554,Riya Johnson,Data Science,3.1,5/8/2018
i00555,Aarav Brown,Design,4.3,10/9/2018
i00556,Arjun Miller,History,3.9,5/1/2018
i00557,Karan Anderson,History,4.6,8/29/2018
i00558,Aarav Lewis,Business,4.7,4/30/2021
i00559,Amelia Patel,Business,3.3,2/12/2019
i00560,Emma Anderson,Physics,3.5,5/11/2020
i00561,Lucas Singh,Data Science,3.4,11/16/2018
i00562,Meera Verma,Design,3,11/22/2019
i00563,Liam Moore,Design,4.3,10/29/2019
i00564,Riya Clark,AI,4,8/4/2019
i00565,Sophia Johnson,Physics,3.6,9/14/2019
i00566,Benjamin Johnson,Physics,4.9,4/25/2020
i00567,Isabella Wilson,Biology,4.7,4/4/2021
i00568,Isabella Hall,Data Science,3.1,4/23/2020
i00569,Mia Johnson,History,4.4,1/26/2020
i00570,Aanya Verma,Business,3.7,1/27/2019
i00571,Isabella Moore,Biology,3.7,4/22/2020
i00572,Sophia Singh,Data Science,4.3,2/7/2019
i00573,Vihaan Lee,Music,4.1,8/19/2020
i00574,Isabella Sharma,Business,3.6,7/31/2018
i00575,Amelia Clark,AI,3.7,3/22/2019
i00576,Noah Lee,Business,3.8,7/11/2019
i00577,Aanya Thomas,History,3.8,12/29/2021
i00578,Ethan Taylor,Music,4.4,11/2/2019
i00579,Eva Miller,Physics,3.3,4/3/2021
i00580,Amelia Singh,Data Science,4.8,7/14/2021
i00581,Noah Singh,Physics,3.9,4/6/2021
i00582,Noah Clark,Music,4,12/15/2019
i00583,Isabella Taylor,Math,3.5,8/2/2018
i00584,Sophia Clark,History,3.2,7/1/2019
i00585,Vihaan Miller,Business,4.2,1/6/2019
i00586,Amelia Johnson,AI,5,3/15/2018
i00587,Ethan Sharma,Music,3.1,7/19/2019
i00588,Karan Davis,AI,4.4,2/22/2021
i00589,Ethan Moore,Data Science,3.6,10/1/2021
i00590,Riya Martin,Math,3.1,8/13/2020
i00591,Ethan Thomas,Design,4.2,8/17/2021
i00592,Mia Patel,Data Science,3.3,4/28/2020
i00593,Meera Miller,Programming,3.4,1/18/2018
i00594,Sophia Clark,Music,4.7,6/19/2019
i00595,Mia Smith,Biology,3.4,7/29/2020
i00596,Benjamin Walker,Design,4.7,9/8/2021
i00597,Aanya Verma,Math,4.3,6/20/2021
i00598,Aanya Patel,AI,4.2,5/13/2021
i00599,Olivia Davis,Biology,3.6,8/13/2021
i00600,Noah Johnson,Biology,4.7,3/3/2021
i00601,Olivia Sharma,Biology,4.8,8/10/2019
i00602,Eva Miller,Programming,4.6,3/12/2021
i00603,Ethan Lee,Business,4.2,11/16/2021
i00604,Aanya Lewis,AI,4,1/23/2020
i00605,Emma Lewis,Business,3.1,11/19/2021
i00606,Sophia Martin,AI,5,6/30/2019
i00607,Benjamin Lee,Physics,4.8,4/5/2020
i00608,Olivia Patel,Math,3.4,3/12/2018
i00609,Eva Brown,Biology,4.4,1/17/2019
i00610,Karan Lee,History,4.7,1/25/2020
i00611,Isabella Verma,Music,3.5,8/8/2020
i00612,Riya Miller,Data Science,3.7,3/27/2021
i00613,Vihaan Lee,Design,4.1,1/14/2021
i00614,Aanya Taylor,Programming,4.8,2/8/2019
i00615,Meera Patel,Music,4.3,11/18/2020
i00616,Benjamin Lee,Data Science,4.3,6/5/2021
i00617,Isabella Singh,Programming,4.1,8/23/2020
i00618,Vihaan Brown,Math,4.8,5/3/2019
i00619,Eva Johnson,History,3.5,1/20/2020
i00620,Zara Martin,Biology,4.9,9/7/2019
i00621,Aarav Wilson,Music,4.7,7/5/2021
i00622,Aanya Hall,Biology,4.3,5/11/2021
i00623,Emma Sharma,Biology,4.8,3/16/2019
i00624,Vihaan Moore,AI,3,2/10/2018
i00625,Isabella Lewis,Biology,3.2,3/13/2018
i00626,Sophia Johnson,Design,3.9,3/14/2020
i00627,Sophia Singh,Biology,4.1,7/15/2021
i00628,Emma Clark,Programming,3.2,11/25/2021
i00629,Sophia Martin,Physics,3.1,7/13/2018
i00630,Aanya Wilson,Business,4,3/9/2018
i00631,Noah Anderson,Physics,4.9,4/10/2019
i00632,Noah Walker,Math,3.7,7/24/2020
i00633,Karan Lee,Music,3.1,3/8/2018
i00634,Isabella Anderson,Design,4.3,10/30/2018
i00635,Aarav Smith,Design,4.6,11/13/2020
i00636,Mia Lee,History,4,4/2/2020
i00637,Karan Singh,Physics,4.6,11/15/2021
i00638,Noah Moore,History,3.6,10/23/2019
i00639,Vihaan Brown,Design,3.7,11/1/2019
i00640,Mia Sharma,Math,3.2,9/16/2019
i00641,Benjamin Clark,History,3.8,8/24/2020
i00642,Aanya Thomas,Design,4.8,4/3/2018
i00643,Lucas Singh,History,5,2/21/2021
i00644,Zara Smith,Music,3.6,1/27/2020
i00645,Noah Moore,Programming,3.1,1/20/2019
i00646,Amelia Martin,History,3.7,4/20/2018
i00647,Karan Wilson,Biology,4.9,9/1/2019
i00648,Liam Brown,Data Science,3.2,5/13/2018
i00649,Amelia Thomas,AI,4.1,5/3/2018
i00650,Arjun Hall,Design,4.2,11/12/2019
i00651,Eva Anderson,Business,3.3,11/29/2018
i00652,Arjun Hall,Design,5,7/7/2019
i00653,Noah Miller,Programming,4.9,1/22/2019
i00654,Benjamin Patel,Programming,3.2,11/21/2018
i00655,Lucas Hall,Math,3.4,9/26/2020
i00656,Sophia Wilson,Business,3.1,9/1/2019
i00657,Mia Lewis,Math,3.9,2/19/2021
i00658,Sophia Verma,AI,4.6,8/11/2019
i00659,Isabella Singh,Music,3.7,4/10/2019
i00660,Liam Thomas,Music,3.3,4/29/2020
i00661,Lucas Hall,Data Science,4.8,1/16/2019
i00662,Riya Lee,History,3.8,8/7/2021
i00663,Amelia Moore,Physics,3.4,2/18/2019
i00664,Sophia Walker,Business,4.2,2/26/2021
i00665,Liam Anderson,Biology,3.4,11/29/2021
i00666,Meera Miller,Physics,3.4,8/3/2019
i00667,Aarav Thomas,Design,4.3,12/23/2018
i00668,Vihaan Taylor,Data Science,3,11/30/2021
i00669,Karan Verma,AI,4.1,1/14/2018
i00670,Zara Thomas,Physics,4,9/23/2018
i00671,Riya Singh,Music,3.9,3/25/2020
i00672,Lucas Clark,Design,3.7,10/31/2020
i00673,Zara Lee,Design,4.7,12/16/2019
i00674,Benjamin Johnson,Design,3.5,5/17/2021
i00675,Arjun Davis,Data Science,3.1,10/26/2018
i00676,Isabella Moore,Physics,3.9,5/3/2021
i00677,Aanya Thomas,AI,4.3,11/8/2021
i00678,Isabella Moore,Biology,3.6,3/20/2020
i00679,Liam Smith,Programming,3.1,3/10/2021
i00680,Olivia Patel,Physics,3.4,10/20/2021
i00681,Vihaan Johnson,History,3.8,12/2/2021
i00682,Eva Thomas,Business,4.4,7/9/2019
i00683,Benjamin Singh,Music,4.8,9/19/2018
i00684,Ethan Johnson,Math,3.6,7/11/2021
i00685,Isabella Lewis,Design,3.1,6/29/2021
i00686,Noah Patel,Design,4.8,4/17/2018
i00687,Aarav Martin,Business,4.8,11/10/2019
i00688,Liam Johnson,Data Science,3,4/14/2020
i00689,Karan Moore,Data Science,5,10/14/2020
i00690,Liam Johnson,Biology,4.7,4/29/2021
i00691,Eva Taylor,Physics,3.2,3/20/2020
i00692,Ethan Singh,Data Science,3.5,7/18/2021
i00693,Amelia Taylor,AI,3.1,11/19/2018
i00694,Riya Singh,Music,3.8,3/25/2019
i00695,Karan Johnson,Music,5,11/24/2019
i00696,Liam Moore,Design,5,7/30/2018
i00697,Arjun Singh,History,4.4,5/21/2019
i00698,Aanya Thomas,Physics,3.3,6/29/2018
i00699,Aanya Wilson,Data Science,4.2,12/4/2019
i00700,Noah Hall,Music,3.9,5/13/2019
i00701,Meera Davis,Biology,3.4,9/30/2019
i00702,Arjun Lee,Design,4.8,3/9/2019
i00703,Benjamin Brown,Math,4.5,5/13/2020
i00704,Liam Taylor,Design,3.1,2/15/2019
i00705,Karan Clark,History,4.3,8/25/2021
i00706,Aarav Walker,History,3.7,11/5/2019
i00707,Isabella Hall,Math,4,12/21/2018
i00708,Isabella Singh,Biology,3.9,8/1/2021
i00709,Noah Singh,Biology,4.9,7/14/2021
i00710,Aarav Patel,Business,4.2,4/16/2019
i00711,Zara Lee,Biology,3.3,8/22/2020
i00712,Zara Miller,Design,3.3,9/9/2019
i00713,Emma Walker,Physics,5,8/25/2018
i00714,Benjamin Moore,Physics,3.5,11/5/2021
i00715,Riya Walker,Data Science,3.8,1/3/2019
i00716,Vihaan Brown,Music,4.6,10/16/2020
i00717,Aarav Wilson,Music,3.1,4/19/2018
i00718,Isabella Miller,Biology,4,4/20/2018
i00719,Zara Moore,Math,4.2,10/16/2019
i00720,Zara Davis,Music,4.4,4/8/2020
i00721,Zara Taylor,Biology,3.3,3/27/2018
i00722,Emma Hall,Programming,3.9,8/30/2018
i00723,Aarav Sharma,Biology,3.5,2/22/2021
i00724,Meera Hall,Physics,3.1,10/3/2019
i00725,Lucas Hall,Physics,3.5,5/16/2021
i00726,Emma Sharma,Physics,3.7,3/25/2020
i00727,Aarav Davis,AI,3,2/22/2018
i00728,Olivia Walker,Music,4.6,5/29/2018
i00729,Emma Martin,Programming,4.9,3/29/2020
i00730,Aanya Anderson,Data Science,4.6,4/29/2018
i00731,Isabella Sharma,Data Science,4,11/4/2020
i00732,Vihaan Clark,Business,4.8,9/11/2019
i00733,Ethan Thomas,Biology,4.9,5/15/2021
i00734,Noah Johnson,Music,3.5,3/14/2020
i00735,Eva Sharma,Math,3.8,7/21/2021
i00736,Ethan Lee,Data Science,3.3,9/28/2018
i00737,Eva Clark,Biology,3.9,6/7/2020
i00738,Lucas Walker,AI,3.7,7/25/2021
i00739,Eva Sharma,Design,4.6,8/29/2019
i00740,Vihaan Taylor,Music,4.6,8/7/2020
i00741,Noah Singh,Music,3.1,9/2/2019
i00742,Meera Clark,Physics,4.6,9/11/2021
i00743,Olivia Moore,AI,3.3,9/3/2019
i00744,Olivia Anderson,Design,3.8,9/26/2019
i00745,Emma Lee,Math,3.1,12/16/2021
i00746,Zara Johnson,History,3.2,7/14/2019
i00747,Aarav Anderson,History,4.9,12/29/2021
i00748,Zara Clark,Physics,3.1,6/29/2018
i00749,Eva Lewis,Math,3.8,3/17/2020
i00750,Eva Moore,Physics,3.1,4/4/2019
i00751,Benjamin Thomas,Music,3.2,9/28/2020
i00752,Liam Taylor,Programming,4.7,2/22/2020
i00753,Liam Martin,Programming,3.2,7/2/2021
i00754,Eva Thomas,Business,4.3,11/16/2018
i00755,Eva Johnson,Physics,4.6,12/9/2018
i00756,Meera Johnson,Data Science,3.3,2/8/2019
i00757,Olivia Walker,Programming,4.8,4/5/2021
i00758,Amelia Martin,Programming,4.6,2/14/2020
i00759,Zara Moore,AI,4,1/21/2020
i00760,Aanya Taylor,Biology,4.7,6/12/2021
i00761,Isabella Patel,Biology,3.8,7/2/2021
i00762,Eva Smith,Math,3.3,1/19/2018
i00763,Mia Anderson,Programming,4.4,6/25/2020
i00764,Sophia Wilson,Business,3.2,3/22/2021
i00765,Ethan Verma,Physics,3.9,6/6/2020
i00766,Riya Singh,Biology,4.5,12/25/2019
i00767,Emma Verma,Programming,4,2/27/2021
i00768,Karan Lee,Math,4.5,4/25/2019
i00769,Isabella Singh,Business,4.9,10/13/2019
i00770,Noah Lewis,Data Science,4.4,5/20/2019
i00771,Riya Sharma,Math,4.2,6/13/2019
i00772,Olivia Sharma,Music,4,6/19/2018
i00773,Aanya Clark,History,3.4,6/28/2019
i00774,Sophia Johnson,Data Science,4.7,5/25/2018
i00775,Aanya Anderson,AI,3.9,9/16/2020
i00776,Sophia Martin,Design,3.8,11/10/2021
i00777,Meera Johnson,Programming,4.8,9/2/2020
i00778,Isabella Singh,Design,5,12/17/2019
i00779,Meera Taylor,Music,3.7,11/27/2018
i00780,Emma Wilson,Music,4.5,11/8/2021
i00781,Olivia Miller,Design,4.6,9/27/2018
i00782,Eva Hall,Programming,3.9,9/17/2020
i00783,Isabella Sharma,Music,4.2,1/3/2018
i00784,Noah Smith,Biology,4.9,1/10/2021
i00785,Mia Martin,Business,3.5,5/28/2019
i00786,Eva Taylor,Math,3.4,3/2/2018
i00787,Vihaan Patel,Data Science,3.5,3/8/2018
i00788,Aarav Hall,Data Science,3.5,11/10/2021
i00789,Meera Lee,Design,4,10/8/2018
i00790,Sophia Hall,Business,4.6,7/3/2020
i00791,Vihaan Davis,Physics,3.9,5/9/2019
i00792,Mia Smith,Music,4.1,9/19/2020
i00793,Noah Clark,Math,3.4,7/22/2021
i00794,Aanya Sharma,Data Science,4.4,9/3/2019
i00795,Mia Thomas,Data Science,4.8,11/26/2020
i00796,Benjamin Wilson,Physics,3.9,8/10/2018
i00797,Noah Wilson,Business,3.7,12/25/2018
i00798,Isabella Smith,Design,4.9,8/8/2020
i00799,Emma Wilson,Math,4.1,11/8/2019
i00800,Arjun Singh,Design,4.1,5/26/2019
i00801,Aanya Moore,AI,3.3,4/13/2019
i00802,Olivia Davis,History,3.5,4/10/2021
i00803,Noah Miller,History,3.5,9/20/2019
i00804,Ethan Moore,Music,4.8,1/30/2020
i00805,Noah Sharma,Data Science,4,2/26/2020
i00806,Aarav Taylor,History,3.4,6/7/2020
i00807,Aanya Lee,Design,3.2,1/21/2019
i00808,Karan Anderson,AI,3.8,12/4/2018
i00809,Sophia Patel,Programming,4.2,5/14/2021
i00810,Meera Miller,AI,4.6,3/26/2020
i00811,Isabella Patel,AI,3.2,9/4/2019
i00812,Benjamin Smith,Biology,3.6,10/2/2021
i00813,Meera Anderson,Biology,3.1,11/23/2020
i00814,Benjamin Brown,Math,4.4,12/8/2018
i00815,Olivia Anderson,History,3.2,8/30/2019
i00816,Aarav Sharma,Music,3.2,3/20/2021
i00817,Vihaan Miller,Biology,3.6,7/27/2019
i00818,Arjun Wilson,Music,4.3,11/19/2019
i00819,Arjun Walker,Business,4,11/6/2021
i00820,Benjamin Smith,AI,3.8,7/23/2021
i00821,Sophia Sharma,Design,3.2,8/29/2020
i00822,Zara Anderson,Biology,3.5,2/21/2020
i00823,Olivia Thomas,History,3.7,4/16/2018
i00824,Olivia Lewis,Physics,5,6/18/2021
i00825,Liam Walker,Design,4.9,5/19/2021
i00826,Olivia Walker,Math,4.3,3/2/2020
i00827,Mia Brown,Physics,4.4,2/1/2021
i00828,Arjun Moore,Programming,3.3,7/5/2019
i00829,Benjamin Lee,Business,4.4,5/12/2018
i00830,Aanya Walker,Design,4.7,10/11/2019
i00831,Riya Verma,Business,4.4,8/27/2019
i00832,Lucas Anderson,Business,4.8,11/2/2020
i00833,Emma Sharma,Design,4.4,7/23/2021
i00834,Olivia Davis,Math,4.8,7/4/2018
i00835,Meera Clark,Programming,3.6,12/25/2021
i00836,Amelia Miller,Math,4.8,8/16/2021
i00837,Lucas Moore,History,3.1,8/17/2019
i00838,Amelia Moore,Business,3.8,11/28/2019
i00839,Eva Moore,Programming,4.4,9/27/2020
i00840,Ethan Taylor,Biology,4.3,4/15/2020
i00841,Lucas Thomas,Physics,4.4,5/15/2018
i00842,Emma Patel,Design,4,1/11/2020
i00843,Riya Patel,Data Science,3.9,8/26/2020
i00844,Zara Johnson,Data Science,4.2,2/4/2018
i00845,Vihaan Verma,Physics,4.8,7/27/2020
i00846,Meera Martin,Biology,3.5,8/1/2019
i00847,Riya Patel,Math,4.6,8/18/2020
i00848,Isabella Lee,Biology,3.8,8/1/2018
i00849,Amelia Taylor,AI,3.3,12/4/2020
i00850,Olivia Lewis,Math,3.2,5/5/2018
i00851,Aanya Sharma,AI,4.2,5/13/2021
i00852,Emma Lee,Biology,3.6,2/16/2018
i00853,Sophia Clark,Physics,4,1/31/2021
i00854,Zara Martin,Programming,3.2,6/13/2021
i00855,Aarav Patel,Data Science,3.6,11/4/2021
i00856,Olivia Hall,Business,4.8,6/15/2021
i00857,Isabella Taylor,Physics,3.6,8/31/2019
i00858,Benjamin Sharma,Programming,4.8,12/16/2018
i00859,Amelia Lewis,History,3.6,1/31/2020
i00860,Amelia Taylor,Physics,4.4,3/13/2019
i00861,Sophia Moore,Music,3.6,11/21/2019
i00862,Zara Miller,Math,3.9,6/28/2021
i00863,Eva Clark,Biology,4,11/5/2020
i00864,Benjamin Miller,Design,3.2,6/17/2020
i00865,Amelia Martin,Physics,3.4,9/29/2019
i00866,Meera Patel,Physics,3.8,12/29/2020
i00867,Mia Martin,Design,4.5,7/16/2021
i00868,Lucas Lewis,Music,3.6,1/14/2021
i00869,Aarav Wilson,Design,4.3,3/25/2020
i00870,Mia Lee,Design,4.6,6/14/2018
i00871,Zara Miller,Design,3.9,5/25/2021
i00872,Isabella Singh,Physics,3.5,4/29/2018
i00873,Arjun Martin,Physics,4,10/11/2018
i00874,Ethan Thomas,Programming,3.3,8/3/2018
i00875,Eva Sharma,Business,4.4,11/28/2019
i00876,Amelia Hall,Design,3.3,1/18/2019
i00877,Vihaan Patel,Programming,3.4,4/5/2021
i00878,Aanya Martin,Business,3.8,8/21/2021
i00879,Meera Anderson,Math,5,5/28/2018
i00880,Vihaan Moore,Biology,3.4,12/9/2021
i00881,Benjamin Walker,Design,3.5,3/27/2020
i00882,Isabella Brown,Data Science,3.9,7/17/2018
i00883,Lucas Walker,Math,4.5,8/30/2021
i00884,Eva Lee,Math,3.5,4/18/2019
i00885,Aanya Moore,Data Science,4.9,10/26/2021
i00886,Amelia Wilson,Biology,3.1,11/17/2019
i00887,Lucas Hall,History,3.5,3/18/2021
i00888,Liam Singh,AI,5,5/27/2021
i00889,Emma Miller,Math,4.3,12/14/2020
i00890,Emma Singh,Music,3.9,7/19/2019
i00891,Benjamin Moore,Biology,3.1,5/5/2021
i00892,Zara Moore,Physics,4,1/10/2021
i00893,Vihaan Martin,AI,4.4,10/24/2018
i00894,Aanya Singh,Biology,3.8,2/29/2020
i00895,Aanya Singh,Music,3.4,5/8/2020
i00896,Karan Clark,Music,3.4,12/12/2018
i00897,Benjamin Wilson,AI,3.1,8/26/2020
i00898,Aarav Davis,Physics,4.8,7/24/2018
i00899,Liam Miller,Data Science,3.8,4/20/2021
i00900,Ethan Wilson,Biology,4.8,1/13/2021
i00901,Liam Anderson,Programming,4.2,8/13/2020
i00902,Sophia Taylor,History,4.1,6/22/2020
i00903,Emma Martin,Physics,3.9,1/12/2018
i00904,Zara Singh,Data Science,3.6,2/19/2019
i00905,Meera Patel,Business,3.3,2/28/2021
i00906,Riya Walker,Design,3.5,9/15/2019
i00907,Riya Thomas,Music,3.2,4/23/2019
i00908,Sophia Miller,Music,4.5,1/18/2021
i00909,Meera Verma,Design,3.3,5/15/2019
i00910,Ethan Walker,Biology,4.7,10/21/2018
i00911,Zara Taylor,Physics,3.8,1/5/2020
i00912,Zara Brown,Programming,3.1,11/8/2021
i00913,Riya Taylor,Business,4.7,8/19/2021
i00914,Zara Hall,AI,4.7,8/6/2019
i00915,Zara Brown,Design,4.6,12/19/2019
i00916,Noah Smith,History,3.9,7/4/2018
i00917,Meera Walker,Physics,3.7,3/31/2018
i00918,Sophia Smith,Physics,3.7,11/21/2019
i00919,Sophia Hall,Physics,3.6,3/11/2020
i00920,Zara Hall,AI,3.4,6/25/2019
i00921,Eva Anderson,Programming,3.2,8/5/2021
i00922,Arjun Miller,Music,3.7,4/14/2021
i00923,Benjamin Miller,AI,3.6,8/11/2018
i00924,Emma Johnson,Biology,3.7,5/31/2021
i00925,Lucas Martin,Music,4.1,12/7/2019
i00926,Emma Martin,Data Science,3.8,1/18/2018
i00927,Eva Anderson,Programming,4.2,2/25/2020
i00928,Benjamin Martin,Physics,3.4,11/9/2019
i00929,Meera Martin,Music,4.2,2/9/2020
i00930,Liam Hall,Biology,4.1,8/14/2019
i00931,Noah Singh,Math,3.5,1/7/2018
i00932,Karan Taylor,Programming,3.2,1/21/2021
i00933,Mia Moore,Programming,4.8,10/25/2020
i00934,Amelia Lee,AI,4.8,7/26/2018
i00935,Ethan Moore,Physics,4,11/21/2019
i00936,Aarav Lee,AI,4.7,7/21/2018
i00937,Noah Martin,Biology,3.4,8/24/2021
i00938,Aanya Walker,History,4,4/28/2021
i00939,Meera Martin,Programming,4.4,6/4/2019
i00940,Mia Anderson,Music,3.4,4/27/2020
i00941,Vihaan Clark,AI,4,9/15/2021
i00942,Arjun Verma,Business,4.8,7/27/2020
i00943,Liam Johnson,Programming,3.7,7/20/2020
i00944,Vihaan Patel,Biology,3.3,3/27/2020
i00945,Riya Verma,Physics,4.6,9/26/2020
i00946,Mia Wilson,Math,3.3,3/25/2018
i00947,Ethan Lewis,Business,4.4,8/27/2021
i00948,Meera Thomas,Biology,4.7,7/16/2021
i00949,Arjun Taylor,Music,4,12/20/2020
i00950,Olivia Davis,Biology,4.4,4/24/2020
i00951,Riya Johnson,Programming,3.6,10/29/2021
i00952,Aanya Hall,Design,4.1,6/20/2021
i00953,Riya Patel,Design,4.4,11/24/2020
i00954,Isabella Smith,Biology,5,9/28/2020
i00955,Aarav Clark,History,4.2,4/13/2021
i00956,Karan Smith,Programming,4.9,3/28/2020
i00957,Liam Moore,AI,4.9,12/11/2020
i00958,Meera Martin,History,3.4,5/23/2018
i00959,Benjamin Singh,Design,3,6/15/2020
i00960,Isabella Anderson,Data Science,4.6,4/24/2019
i00961,Zara Sharma,Physics,4.9,7/17/2021
i00962,Emma Singh,Music,4.1,2/28/2020
i00963,Emma Moore,Biology,4.8,4/5/2020
i00964,Aarav Clark,Music,3.2,7/15/2019
i00965,Meera Anderson,Biology,3.6,5/22/2021
i00966,Karan Lewis,Data Science,4,3/6/2019
i00967,Meera Patel,Music,3.1,3/22/2020
i00968,Isabella Lee,Business,4.5,2/5/2021
i00969,Karan Walker,Math,3.2,6/19/2020
i00970,Riya Singh,AI,3.8,8/9/2019
i00971,Sophia Davis,Math,3.6,10/10/2019
i00972,Arjun Davis,Programming,3.1,12/27/2019
i00973,Zara Anderson,Business,4.5,5/1/2021
i00974,Liam Brown,Programming,4.3,1/9/2019
i00975,Mia Verma,History,3.9,2/15/2021
i00976,Arjun Brown,AI,3.9,6/15/2019
i00977,Emma Patel,Design,3.3,8/12/2020
i00978,Ethan Anderson,Math,3.5,4/11/2020
i00979,Emma Martin,Biology,3.7,1/11/2018
i00980,Benjamin Anderson,Math,3.7,9/5/2019
i00981,Karan Martin,Programming,4.7,8/1/2021
i00982,Zara Lee,History,4.1,2/23/2019
i00983,Aanya Johnson,Business,4.9,4/7/2021
i00984,Olivia Patel,Design,3.8,9/6/2021
i00985,Aanya Moore,Physics,4.8,8/21/2019
i00986,Mia Lewis,Design,3.5,5/28/2020
i00987,Vihaan Johnson,Business,3.3,12/15/2020
i00988,Aanya Anderson,Math,3.9,9/24/2018
i00989,Karan Hall,Music,3.1,6/7/2018
i00990,Eva Taylor,Music,3.5,7/13/2018
i00991,Aanya Lewis,Physics,3.7,1/16/2020
i00992,Eva Thomas,History,3.7,6/9/2021
i00993,Vihaan Lee,Physics,4.7,7/22/2021
i00994,Sophia Thomas,Math,3.9,2/17/2018
i00995,Benjamin Johnson,Physics,3.6,12/30/2020
i00996,Vihaan Anderson,Business,3.3,5/28/2020
i00997,Aarav Taylor,Design,3.8,5/20/2021
i00998,Noah Lee,Biology,4.1,12/6/2018
i00999,Amelia Clark,Data Science,3.8,12/8/2021
i01000,Meera Patel,Design,3.1,7/1/2021
i01001,Lucas Anderson,History,3.4,12/13/2020
i01002,Noah Walker,Math,4.2,10/8/2020
i01003,Arjun Davis,AI,3.5,5/18/2021
i01004,Mia Hall,Physics,4.2,6/16/2021
i01005,Eva Sharma,Music,3,4/28/2018
i01006,Meera Smith,Business,4.9,9/6/2021
i01007,Riya Singh,AI,4.9,4/16/2020
i01008,Amelia Clark,Music,4.9,5/15/2018
i01009,Emma Wilson,Design,3.5,11/3/2021
i01010,Eva Wilson,Physics,3.8,9/20/2019
i01011,Emma Clark,AI,3.7,11/9/2021
i01012,Mia Verma,Data Science,3.9,12/11/2019
i01013,Eva Miller,Math,4.4,3/30/2021
i01014,Noah Smith,Design,3.3,1/7/2018
i01015,Meera Hall,Programming,4.5,3/8/2018
i01016,Noah Lewis,AI,5,1/8/2021
i01017,Aanya Davis,History,3.1,1/4/2018
i01018,Lucas Clark,Music,3.3,9/1/2020
i01019,Emma Miller,Physics,3.8,6/20/2019
i01020,Aanya Miller,AI,4.1,7/18/2021
i01021,Meera Lewis,AI,3.3,2/1/2021
i01022,Liam Walker,History,4.7,4/14/2018
i01023,Vihaan Singh,Business,3.2,2/9/2018
i01024,Olivia Brown,Biology,4.9,9/8/2020
i01025,Zara Walker,Biology,4.9,5/4/2021
i01026,Sophia Martin,Physics,3.7,2/25/2020
i01027,Liam Walker,History,4.7,10/15/2019
i01028,Karan Patel,Math,4.6,8/9/2021
i01029,Zara Lewis,History,4.4,8/6/2021
i01030,Arjun Moore,Design,4,11/14/2019
i01031,Aarav Anderson,History,4.2,6/22/2019
i01032,Vihaan Lee,Programming,4.6,9/13/2019
i01033,Riya Lewis,AI,3.3,5/10/2019
i01034,Lucas Miller,History,4.6,8/2/2018
i01035,Olivia Smith,Design,4.9,1/11/2020
i01036,Aarav Lee,Biology,4.3,1/5/2018
i01037,Aarav Verma,Biology,4.8,6/30/2021
i01038,Aanya Smith,Programming,4.8,12/17/2018
i01039,Emma Miller,History,4.5,3/25/2021
i01040,Aarav Davis,History,3.6,12/6/2020
i01041,Liam Anderson,History,4.9,4/15/2018
i01042,Aarav Lee,Design,4.9,7/3/2018
i01043,Aarav Verma,Music,4.3,1/6/2018
i01044,Arjun Anderson,Math,4.7,10/26/2020
i01045,Isabella Clark,Programming,3.5,7/15/2019
i01046,Noah Patel,Design,3.2,8/11/2019
i01047,Arjun Thomas,Data Science,4.6,11/30/2018
i01048,Karan Johnson,Music,3.1,10/27/2019
i01049,Meera Brown,Music,4.9,8/19/2020
i01050,Vihaan Walker,Math,3.5,12/28/2019
i01051,Aarav Verma,Programming,4.8,12/28/2018
i01052,Meera Smith,Programming,3.4,11/10/2020
i01053,Zara Miller,Math,4.7,12/20/2020
i01054,Liam Lewis,Biology,3.8,1/25/2018
i01055,Riya Anderson,Music,3.2,2/7/2021
i01056,Riya Johnson,AI,4.2,4/11/2020
i01057,Sophia Martin,Biology,3.6,3/25/2019
i01058,Meera Moore,History,3.9,5/25/2019
i01059,Isabella Verma,History,4.2,7/13/2021
i01060,Emma Miller,Music,4.5,5/29/2021
i01061,Aarav Walker,Music,4.8,7/21/2019
i01062,Liam Moore,Programming,4.1,12/27/2021
i01063,Aarav Singh,History,4,5/18/2019
i01064,Lucas Singh,Programming,4.5,11/16/2019
i01065,Meera Patel,Physics,3.5,8/2/2020
i01066,Karan Walker,Math,4.4,3/28/2018
i01067,Zara Davis,Business,5,11/18/2019
i01068,Zara Walker,Data Science,3.6,2/26/2020
i01069,Liam Moore,Data Science,4.9,2/4/2021
i01070,Amelia Sharma,History,4.6,10/14/2019
i01071,Aarav Smith,Music,4.6,10/3/2020
i01072,Isabella Verma,AI,5,1/4/2019
i01073,Eva Lewis,Programming,4.3,8/25/2018
i01074,Lucas Lee,Math,4.5,6/12/2020
i01075,Benjamin Singh,History,4.1,8/13/2020
i01076,Olivia Brown,History,4.5,7/2/2019
i01077,Zara Walker,Data Science,3.5,7/10/2019
i01078,Liam Moore,History,4,5/31/2019
i01079,Riya Patel,Music,3,11/26/2021
i01080,Olivia Moore,Business,4.1,7/4/2019
i01081,Riya Taylor,Programming,4.8,10/7/2018
i01082,Emma Clark,Data Science,4.6,5/21/2021
i01083,Aanya Verma,History,3.5,7/3/2021
i01084,Mia Hall,Math,4.6,6/11/2021
i01085,Zara Clark,Programming,3.8,1/27/2019
i01086,Aarav Hall,History,3,2/23/2018
i01087,Karan Verma,Music,3.1,5/12/2020
i01088,Aarav Lee,Business,4.3,11/21/2020
i01089,Riya Clark,Music,4.1,11/18/2019
i01090,Ethan Hall,Data Science,3.5,7/8/2020
i01091,Arjun Smith,Music,4.7,10/22/2018
i01092,Riya Hall,History,4.1,8/10/2018
i01093,Eva Smith,Programming,3.2,11/15/2021
i01094,Benjamin Walker,Physics,5,2/27/2021
i01095,Eva Martin,Music,3.9,9/10/2018
i01096,Olivia Walker,Math,3.3,2/15/2020
i01097,Vihaan Davis,AI,3.8,3/3/2019
i01098,Arjun Moore,History,4.5,7/12/2019
i01099,Sophia Hall,Programming,3.8,2/3/2020
i01100,Liam Martin,Math,3.9,2/3/2021
i01101,Olivia Thomas,Design,3.2,3/1/2021
i01102,Amelia Brown,Math,3.1,4/11/2019
i01103,Arjun Davis,Physics,4.3,3/4/2021
i01104,Arjun Hall,Biology,3.3,1/10/2019
i01105,Amelia Verma,AI,4.9,10/6/2021
i01106,Lucas Anderson,Design,5,3/15/2019
i01107,Ethan Sharma,Programming,4.4,4/18/2018
i01108,Ethan Taylor,Music,3.5,6/22/2021
i01109,Liam Brown,Physics,5,12/19/2020
i01110,Arjun Lee,Physics,4.2,1/13/2019
i01111,Arjun Verma,History,3.1,4/24/2019
i01112,Eva Walker,History,3.9,3/17/2020
i01113,Lucas Singh,Math,4,8/26/2020
i01114,Ethan Clark,History,4.9,3/24/2021
i01115,Sophia Miller,Physics,3.8,5/11/2020
i01116,Aanya Miller,Programming,3.5,8/29/2018
i01117,Ethan Anderson,Business,4.7,10/8/2019
i01118,Eva Patel,Biology,4,8/17/2018
i01119,Riya Lee,Business,4,11/28/2019
i01120,Meera Moore,Business,3.6,8/29/2018
i01121,Vihaan Miller,Physics,4.3,7/30/2019
i01122,Benjamin Patel,Data Science,3.3,7/30/2018
i01123,Sophia Wilson,Business,3.1,2/25/2021
i01124,Meera Hall,Programming,4.4,5/3/2019
i01125,Karan Singh,Data Science,4.2,8/12/2021
i01126,Amelia Patel,Data Science,4,8/21/2020
i01127,Benjamin Davis,Data Science,3.9,8/10/2018
i01128,Amelia Brown,Programming,4.1,6/2/2018
i01129,Amelia Sharma,Math,3.9,1/5/2019
i01130,Lucas Moore,Music,3.4,3/13/2021
i01131,Noah Verma,Data Science,3.4,11/8/2018
i01132,Arjun Clark,Business,3.9,3/10/2021
i01133,Ethan Smith,Biology,3.5,7/3/2019
i01134,Olivia Thomas,Music,4.5,9/19/2021
i01135,Sophia Verma,Biology,3.6,12/28/2020
i01136,Liam Brown,Business,3.6,4/5/2019
i01137,Karan Lee,Math,4.6,6/29/2018
i01138,Amelia Davis,Data Science,4.1,12/3/2020
i01139,Vihaan Miller,Math,3.7,10/11/2021
i01140,Liam Smith,Business,4.2,7/26/2020
i01141,Sophia Hall,Data Science,3.9,11/16/2020
i01142,Aarav Miller,Business,3.2,10/30/2019
i01143,Ethan Moore,History,4.4,3/19/2021
i01144,Lucas Johnson,Math,3.1,9/22/2021
i01145,Mia Lee,Business,4.1,1/4/2020
i01146,Mia Davis,History,4.4,11/5/2021
i01147,Karan Lewis,Design,3.1,9/19/2021
i01148,Liam Brown,Business,3.3,3/29/2021
i01149,Meera Martin,Data Science,4.4,4/27/2018
i01150,Mia Clark,History,4.1,8/13/2019
i01151,Lucas Taylor,Data Science,3.4,3/26/2018
i01152,Ethan Patel,Biology,4,2/23/2020
i01153,Karan Hall,History,4.8,11/2/2020
i01154,Noah Johnson,Design,4.2,10/30/2019
i01155,Riya Martin,Programming,4.3,7/12/2018
i01156,Amelia Lewis,History,4.7,11/23/2019
i01157,Vihaan Anderson,Physics,3.9,1/7/2021
i01158,Amelia Lewis,AI,4.5,11/7/2019
i01159,Lucas Martin,AI,4.6,9/20/2020
i01160,Karan Hall,Music,4.9,7/31/2018
i01161,Aarav Clark,Music,3.9,8/25/2018
i01162,Karan Moore,Design,3.3,9/4/2019
i01163,Liam Hall,Music,4.4,12/16/2018
i01164,Eva Walker,Physics,4.9,5/30/2018
i01165,Vihaan Davis,Business,3.8,5/10/2019
i01166,Isabella Thomas,Math,4.4,4/23/2021
i01167,Olivia Davis,Business,4.2,9/13/2020
i01168,Meera Taylor,Physics,4.5,7/31/2019
i01169,Olivia Wilson,Design,4.8,4/20/2020
i01170,Liam Singh,Physics,3.7,1/30/2020
i01171,Aanya Sharma,Design,4.3,3/11/2021
i01172,Benjamin Anderson,Math,4.3,8/26/2019
i01173,Olivia Smith,Business,4.1,10/9/2020
i01174,Aarav Wilson,Data Science,3.4,5/28/2019
i01175,Amelia Verma,Design,3.2,2/8/2018
i01176,Zara Singh,Programming,4.3,9/1/2019
i01177,Arjun Clark,Math,3.8,11/27/2021
i01178,Ethan Sharma,Business,3.6,9/25/2021
i01179,Liam Lewis,Data Science,3.8,6/15/2018
i01180,Ethan Miller,AI,4,4/28/2018
i01181,Isabella Davis,Math,4.7,3/17/2019
i01182,Aanya Walker,Math,3.9,8/11/2019
i01183,Isabella Davis,Music,4.3,5/3/2021
i01184,Liam Walker,Design,4.1,6/27/2018
i01185,Ethan Verma,Biology,4.5,2/17/2019
i01186,Karan Clark,Music,4,5/14/2018
i01187,Liam Moore,Design,5,7/27/2020
i01188,Aanya Lewis,Programming,3.2,3/30/2018
i01189,Liam Taylor,Design,3.5,12/30/2018
i01190,Aarav Miller,Data Science,3.8,1/20/2021
i01191,Noah Davis,Business,3.3,7/25/2018
i01192,Meera Singh,History,3.1,11/29/2021
i01193,Isabella Patel,Business,4.1,7/8/2020
i01194,Liam Smith,Programming,3.8,9/18/2019
i01195,Ethan Brown,Data Science,3.9,10/23/2019
i01196,Lucas Patel,Business,3.1,9/16/2018
i01197,Lucas Patel,Business,4.6,12/19/2021
i01198,Meera Walker,Biology,3.5,12/14/2021
i01199,Amelia Patel,Biology,3.1,8/11/2018
i01200,Olivia Brown,Math,3.6,5/30/2021
i01201,Vihaan Patel,Design,4.9,8/5/2018
i01202,Lucas Lewis,Music,4.6,3/19/2018
i01203,Riya Hall,Music,4.5,5/18/2020
i01204,Vihaan Thomas,History,4.3,12/13/2021
i01205,Meera Miller,Data Science,4.3,2/11/2020
i01206,Ethan Walker,AI,3.7,7/30/2020
i01207,Zara Wilson,Math,4.3,12/13/2020
i01208,Karan Verma,Programming,4.3,2/10/2018
i01209,Mia Brown,AI,5,1/10/2018
i01210,Sophia Wilson,Programming,4.5,9/23/2021
i01211,Isabella Verma,Physics,3.2,1/18/2018
i01212,Amelia Davis,Biology,3.2,8/22/2018
i01213,Isabella Davis,Math,4.7,12/8/2019
i01214,Noah Brown,AI,3.2,11/5/2018
i01215,Emma Thomas,Music,4.7,5/9/2019
i01216,Arjun Sharma,Music,3.1,5/26/2020
i01217,Arjun Verma,Physics,4.9,8/21/2018
i01218,Karan Davis,Math,4.8,8/9/2020
i01219,Aanya Miller,Business,3.1,9/29/2019
i01220,Aanya Patel,Data Science,4,8/9/2018
i01221,Mia Moore,AI,4.9,5/21/2019
i01222,Isabella Taylor,Physics,3.9,3/29/2018
i01223,Noah Miller,Design,3.1,7/17/2018
i01224,Liam Lewis,Design,3.9,1/11/2019
i01225,Arjun Martin,Business,3.5,2/15/2018
i01226,Noah Sharma,Data Science,3.8,1/26/2019
i01227,Mia Anderson,Data Science,3,1/18/2021
i01228,Zara Clark,Data Science,3,1/24/2018
i01229,Vihaan Clark,AI,4.4,4/30/2021
i01230,Noah Verma,Programming,3.4,10/16/2018
i01231,Riya Thomas,Business,4.2,4/5/2019
i01232,Riya Patel,Data Science,4.7,10/21/2020
i01233,Riya Davis,Math,4.9,1/7/2020
i01234,Karan Wilson,AI,3.7,10/17/2020
i01235,Vihaan Lee,Biology,3.1,3/2/2021
i01236,Arjun Taylor,Physics,4,2/2/2019
i01237,Olivia Thomas,Business,4.1,6/7/2018
i01238,Aarav Walker,Math,3.3,10/10/2020
i01239,Meera Smith,Programming,3.7,7/15/2018
i01240,Riya Davis,Math,3.7,1/5/2019
i01241,Mia Davis,Business,3.1,7/17/2018
i01242,Aanya Anderson,AI,3.5,8/22/2021
i01243,Aanya Wilson,AI,4.5,10/28/2019
i01244,Amelia Wilson,Math,4.6,1/25/2019
i01245,Karan Martin,Biology,4.2,6/7/2019
i01246,Arjun Davis,Business,4.5,7/19/2021
i01247,Benjamin Singh,History,3.3,6/2/2018
i01248,Vihaan Wilson,AI,4.6,7/18/2019
i01249,Vihaan Singh,Math,3.3,6/21/2019
i01250,Arjun Smith,Biology,4.6,11/24/2018
i01251,Amelia Lee,Programming,3.3,1/27/2018
i01252,Lucas Smith,Music,4.7,6/23/2018
i01253,Lucas Brown,Physics,3.7,2/2/2021
i01254,Meera Martin,Physics,4,4/17/2021
i01255,Isabella Taylor,Physics,4.1,3/27/2020
i01256,Emma Miller,Physics,3.8,9/2/2021
i01257,Karan Brown,Programming,3,10/27/2020
i01258,Sophia Anderson,Design,3.2,3/27/2019
i01259,Lucas Clark,Biology,3.4,2/3/2018
i01260,Ethan Miller,Business,4.5,9/7/2021
i01261,Aarav Clark,Programming,3.1,4/10/2021
i01262,Karan Martin,Music,4.1,6/23/2019
i01263,Noah Anderson,Physics,3.2,12/20/2020
i01264,Amelia Verma,Biology,4.1,1/31/2021
i01265,Vihaan Lewis,Data Science,5,1/19/2018
i01266,Olivia Thomas,History,3.1,1/6/2019
i01267,Aarav Martin,Biology,3.9,8/2/2020
i01268,Amelia Wilson,Data Science,4.7,10/24/2019
i01269,Amelia Patel,AI,4.5,11/12/2020
i01270,Zara Lewis,Physics,3.7,3/6/2019
i01271,Liam Moore,Biology,3.9,11/20/2020
i01272,Mia Clark,Physics,4.5,4/13/2018
i01273,Mia Johnson,Business,4.9,1/3/2019
i01274,Noah Thomas,Design,3.1,12/15/2018
i01275,Arjun Smith,AI,4.3,3/30/2019
i01276,Noah Davis,Business,3.2,8/16/2021
i01277,Zara Clark,Business,4.1,7/4/2020
i01278,Aarav Clark,Physics,3.9,3/4/2021
i01279,Aanya Walker,Math,4.2,12/22/2019
i01280,Emma Clark,AI,3.1,5/21/2019
i01281,Isabella Taylor,Biology,4.6,8/4/2021
i01282,Olivia Patel,Music,3.2,3/13/2021
i01283,Arjun Miller,Biology,3.1,1/10/2019
i01284,Lucas Davis,History,4,11/13/2019
i01285,Sophia Patel,Business,3.4,9/22/2018
i01286,Isabella Brown,Biology,3.6,6/22/2021
i01287,Isabella Sharma,AI,3.8,12/23/2021
i01288,Eva Verma,Physics,3.4,10/4/2020
i01289,Vihaan Davis,History,3.9,6/6/2018
i01290,Lucas Patel,Math,4.4,8/2/2019
i01291,Vihaan Clark,AI,4.5,1/5/2018
i01292,Sophia Anderson,Music,4.5,11/25/2019
i01293,Amelia Moore,History,4.6,2/4/2020
i01294,Meera Lee,AI,3.4,2/19/2021
i01295,Isabella Lewis,Biology,3.2,9/8/2020
i01296,Aanya Sharma,Physics,4.6,7/11/2021
i01297,Isabella Anderson,Data Science,4.3,8/4/2020
i01298,Lucas Walker,Math,3.3,12/19/2019
i01299,Eva Sharma,Design,4.3,11/7/2018
i01300,Olivia Martin,Music,4.5,11/18/2018
i01301,Vihaan Davis,Math,3.4,2/17/2020
i01302,Zara Sharma,Physics,3.8,3/13/2019
i01303,Lucas Sharma,Data Science,4.3,9/18/2021
i01304,Aanya Martin,History,4.8,8/12/2018
i01305,Amelia Walker,History,3.4,8/30/2019
i01306,Eva Anderson,Physics,3.1,5/15/2021
i01307,Mia Lewis,Business,3.6,1/23/2020
i01308,Riya Patel,Design,3.6,5/10/2021
i01309,Aanya Lee,Data Science,4.6,1/14/2020
i01310,Eva Anderson,Math,4.5,2/27/2018
i01311,Liam Davis,Physics,4.9,11/14/2021
i01312,Isabella Johnson,Data Science,4.2,8/15/2018
i01313,Aarav Davis,Design,3.3,6/20/2020
i01314,Sophia Davis,Programming,4.6,12/17/2018
i01315,Riya Taylor,Business,3.9,10/6/2018
i01316,Arjun Johnson,Business,4.7,1/2/2019
i01317,Amelia Lee,Physics,5,7/23/2020
i01318,Isabella Singh,Data Science,4.4,2/28/2018
i01319,Aanya Thomas,Programming,3.9,3/5/2021
i01320,Emma Miller,Math,3.7,8/28/2019
i01321,Mia Johnson,AI,3.8,3/5/2019
i01322,Arjun Sharma,Programming,4.8,8/15/2020
i01323,Eva Singh,Music,4.7,10/19/2019
i01324,Liam Thomas,Physics,5,11/28/2021
i01325,Meera Patel,History,3.7,6/20/2018
i01326,Amelia Clark,Math,4.4,5/11/2021
i01327,Karan Hall,Biology,3.6,6/23/2018
i01328,Isabella Davis,Programming,3.8,1/20/2018
i01329,Eva Davis,Music,3.5,7/19/2018
i01330,Eva Patel,Music,4.5,9/7/2020
i01331,Mia Moore,Physics,3.4,1/6/2019
i01332,Emma Lewis,Biology,4.9,3/10/2018
i01333,Riya Smith,Programming,4.4,11/19/2018
i01334,Olivia Anderson,Physics,4.4,2/7/2021
i01335,Isabella Smith,Data Science,3.4,8/6/2021
i01336,Aanya Anderson,Biology,3.3,4/12/2021
i01337,Ethan Moore,AI,3.9,7/25/2018
i01338,Zara Lewis,Physics,3.5,11/2/2021
i01339,Lucas Lewis,Programming,3.7,7/8/2021
i01340,Riya Brown,Biology,3.3,12/17/2020
i01341,Mia Wilson,Business,4.9,12/9/2018
i01342,Noah Sharma,Math,3.6,6/22/2019
i01343,Aarav Verma,AI,4.1,3/28/2019
i01344,Zara Taylor,Music,4.6,8/10/2019
i01345,Noah Lewis,Music,3.9,4/13/2018
i01346,Meera Hall,Design,3.7,6/9/2019
i01347,Zara Clark,Biology,4.1,10/29/2021
i01348,Aarav Singh,Math,4.3,10/25/2021
i01349,Benjamin Patel,Physics,4.2,8/5/2020
i01350,Karan Miller,Physics,4.3,1/19/2018
i01351,Mia Verma,History,3.5,7/7/2021
i01352,Aanya Hall,History,4,11/28/2018
i01353,Aanya Moore,Programming,5,7/16/2021
i01354,Aanya Brown,Music,4.5,11/25/2021
i01355,Noah Sharma,Data Science,3.5,5/28/2021
i01356,Sophia Lee,AI,4.9,5/4/2021
i01357,Amelia Martin,Biology,4.6,9/1/2020
i01358,Vihaan Sharma,Data Science,3.9,5/9/2020
i01359,Olivia Hall,History,3.8,8/8/2021
i01360,Aarav Davis,History,4.9,7/3/2018
i01361,Riya Thomas,Data Science,3.9,8/16/2018
i01362,Amelia Taylor,Math,4.9,9/23/2021
i01363,Vihaan Clark,History,5,4/1/2018
i01364,Isabella Martin,Music,4.5,4/2/2019
i01365,Zara Anderson,Physics,4.1,6/9/2018
i01366,Karan Patel,Design,4.5,7/26/2021
i01367,Olivia Miller,Design,5,9/1/2021
i01368,Mia Singh,Programming,4.4,5/22/2018
i01369,Sophia Lee,Math,4.2,10/12/2019
i01370,Eva Lee,AI,4.5,4/25/2019
i01371,Riya Wilson,History,3.6,3/27/2021
i01372,Benjamin Davis,Programming,4.8,7/13/2019
i01373,Aanya Moore,Math,3.9,11/22/2019
i01374,Aarav Smith,Biology,3.7,3/17/2021
i01375,Amelia Anderson,Design,3.1,10/23/2021
i01376,Mia Smith,Data Science,3,5/15/2019
i01377,Sophia Walker,Programming,3.8,2/18/2020
i01378,Liam Taylor,Programming,3.9,6/25/2018
i01379,Sophia Martin,Biology,4,7/4/2018
i01380,Emma Lee,Physics,4.4,8/13/2019
i01381,Aarav Martin,Music,3.8,1/1/2018
i01382,Riya Clark,Business,4.8,6/13/2020
i01383,Mia Sharma,Business,4.4,9/5/2018
i01384,Karan Verma,Biology,3.9,7/31/2018
i01385,Zara Smith,Data Science,3.4,7/27/2018
i01386,Eva Wilson,History,3.7,10/31/2020
i01387,Meera Verma,Data Science,3.7,6/27/2019
i01388,Lucas Lewis,AI,3,1/18/2021
i01389,Aanya Lee,Math,3.4,10/28/2018
i01390,Amelia Davis,History,3.5,11/15/2018
i01391,Aanya Miller,Music,3.7,4/16/2019
i01392,Vihaan Davis,Business,3.2,10/30/2020
i01393,Aarav Martin,Biology,3.4,6/3/2018
i01394,Olivia Sharma,History,3.9,5/13/2018
i01395,Eva Lee,Programming,3.4,4/20/2018
i01396,Riya Moore,AI,4.1,11/19/2018
i01397,Aanya Miller,Design,4.8,6/10/2021
i01398,Mia Martin,Biology,4.7,3/26/2020
i01399,Vihaan Singh,Data Science,4.3,7/8/2019
i01400,Riya Davis,AI,3.2,2/28/2021
i01401,Meera Davis,Biology,3.8,3/8/2018
i01402,Emma Thomas,Data Science,4,3/9/2020
i01403,Mia Hall,History,4.5,6/18/2021
i01404,Arjun Smith,Physics,4.6,2/16/2018
i01405,Lucas Smith,Music,3.7,6/19/2021
i01406,Aanya Verma,Music,3.6,3/9/2021
i01407,Lucas Martin,Business,3.5,1/3/2019
i01408,Mia Martin,Programming,4.6,2/8/2021
i01409,Sophia Davis,History,3.8,1/30/2021
i01410,Emma Sharma,Design,3.9,8/22/2019
i01411,Eva Anderson,Data Science,4.2,10/8/2020
i01412,Aanya Miller,Design,4.4,5/13/2019
i01413,Aarav Wilson,History,4.4,5/21/2021
i01414,Vihaan Verma,Physics,4.6,5/29/2020
i01415,Vihaan Anderson,Music,4.6,6/11/2019
i01416,Benjamin Sharma,Design,3.2,5/8/2018
i01417,Noah Thomas,Programming,4.8,6/20/2020
i01418,Mia Thomas,Physics,5,2/9/2019
i01419,Arjun Miller,AI,3.6,10/22/2019
i01420,Amelia Lewis,Music,3.1,3/31/2020
i01421,Noah Johnson,Data Science,3.5,5/3/2019
i01422,Aarav Miller,Business,3.5,10/4/2021
i01423,Aanya Wilson,Music,3.9,1/22/2018
i01424,Zara Lewis,AI,3.3,7/13/2018
i01425,Mia Thomas,History,4.9,9/30/2018
i01426,Eva Walker,Math,4.1,10/13/2018
i01427,Riya Smith,Music,4.7,12/23/2019
i01428,Liam Martin,Business,3.7,5/13/2018
i01429,Noah Moore,Design,3.8,7/18/2020
i01430,Emma Verma,Programming,4,7/4/2018
i01431,Aarav Hall,Math,4.2,8/29/2018
i01432,Vihaan Thomas,Physics,4.3,9/22/2018
i01433,Eva Johnson,History,3.3,3/31/2021
i01434,Mia Singh,Data Science,4.2,9/17/2019
i01435,Eva Lewis,Programming,3.1,12/10/2019
i01436,Mia Davis,History,4.2,11/13/2021
i01437,Isabella Brown,Music,4.9,4/28/2019
i01438,Noah Moore,Physics,3.4,12/20/2020
i01439,Sophia Verma,Business,3.1,5/1/2018
i01440,Sophia Johnson,AI,4.9,9/19/2018
i01441,Amelia Moore,Data Science,4.5,9/12/2020
i01442,Meera Davis,Design,3.4,1/23/2018
i01443,Riya Walker,Design,4.9,6/10/2021
i01444,Lucas Wilson,Design,3.4,5/2/2019
i01445,Zara Anderson,Design,3.7,10/13/2020
i01446,Aarav Martin,Math,3.3,9/11/2021
i01447,Aanya Wilson,Biology,4.1,6/29/2020
i01448,Liam Hall,Data Science,4.3,10/7/2019
i01449,Meera Wilson,History,4.1,5/10/2021
i01450,Meera Martin,Business,3.2,8/18/2020
i01451,Zara Sharma,AI,4.2,3/24/2019
i01452,Aanya Clark,Design,4.7,11/1/2021
i01453,Vihaan Lee,Business,4.9,5/8/2020
i01454,Riya Thomas,Programming,3.2,1/5/2021
i01455,Liam Thomas,Physics,3.1,4/16/2020
i01456,Aanya Davis,Biology,3.1,2/24/2020
i01457,Sophia Patel,Programming,3.8,2/25/2018
i01458,Sophia Lewis,Music,4.8,10/16/2020
i01459,Aarav Walker,AI,3.9,3/21/2021
i01460,Olivia Smith,Math,4.9,2/12/2018
i01461,Riya Sharma,Data Science,3.6,9/18/2018
i01462,Lucas Smith,Design,4.2,1/1/2018
i01463,Isabella Thomas,Programming,4.6,7/21/2020
i01464,Isabella Lewis,Biology,5,1/2/2021
i01465,Zara Clark,Music,4,3/12/2021
i01466,Benjamin Miller,Math,4,3/31/2019
i01467,Mia Hall,Programming,3.9,1/17/2019
i01468,Benjamin Hall,Programming,4.7,10/14/2020
i01469,Ethan Walker,Design,4.3,5/24/2019
i01470,Isabella Brown,Biology,3.4,8/9/2019
i01471,Meera Wilson,Music,3.8,5/8/2021
i01472,Arjun Moore,History,4.4,3/16/2020
i01473,Aarav Martin,AI,3.2,5/25/2018
i01474,Karan Hall,Math,4.4,2/28/2021
i01475,Ethan Moore,Data Science,4.4,12/29/2019
i01476,Arjun Lewis,Data Science,4.3,2/27/2020
i01477,Mia Walker,Business,3.6,3/4/2018
i01478,Isabella Anderson,Business,4.6,12/23/2021
i01479,Amelia Lewis,AI,4.9,8/25/2020
i01480,Noah Verma,Programming,4.4,10/30/2018
i01481,Arjun Wilson,Biology,3.8,10/12/2021
i01482,Vihaan Davis,Math,3.8,1/18/2018
i01483,Meera Davis,Programming,4.8,12/13/2018
i01484,Mia Moore,History,4.2,7/9/2020
i01485,Noah Brown,Physics,4.6,2/3/2021
i01486,Noah Smith,Data Science,3.9,2/9/2018
i01487,Zara Verma,Physics,4.2,3/1/2019
i01488,Ethan Patel,Music,4.1,11/17/2018
i01489,Arjun Johnson,Physics,4.7,9/27/2018
i01490,Karan Miller,Business,5,7/9/2018
i01491,Arjun Sharma,Programming,3.1,10/29/2018
i01492,Emma Lee,Music,4.4,10/28/2019
i01493,Sophia Miller,AI,4.5,5/2/2020
i01494,Isabella Lewis,Design,3.8,4/22/2018
i01495,Amelia Moore,Business,3.2,9/28/2020
i01496,Vihaan Davis,Math,3.5,11/21/2019
i01497,Eva Singh,Business,3.1,1/16/2021
i01498,Olivia Clark,Math,3.9,9/8/2020
i01499,Zara Sharma,Math,4.1,5/18/2018
i01500,Karan Martin,Math,4.7,7/12/2018
i01501,Aarav Patel,Data Science,3.5,10/12/2019
i01502,Sophia Martin,AI,3.3,3/26/2018
i01503,Aarav Wilson,Programming,3.7,9/16/2018
i01504,Arjun Johnson,AI,4,12/2/2019
i01505,Aanya Wilson,Programming,3.4,4/11/2019
i01506,Zara Verma,Math,4.9,7/16/2018
i01507,Aanya Lewis,History,3.4,10/27/2019
i01508,Amelia Moore,History,3.5,12/20/2019
i01509,Olivia Singh,Business,3.8,5/22/2019
i01510,Eva Hall,Math,4.4,5/19/2018
i01511,Mia Patel,AI,3.3,5/15/2018
i01512,Karan Patel,Data Science,3.9,3/23/2018
i01513,Zara Clark,Biology,3.3,6/3/2021
i01514,Karan Clark,Programming,4.1,9/21/2019
i01515,Riya Johnson,AI,4.3,6/24/2019
i01516,Arjun Singh,History,3.9,1/13/2020
i01517,Liam Patel,Biology,4.7,4/9/2020
i01518,Aarav Thomas,Math,3.5,6/16/2018
i01519,Emma Thomas,Music,4,9/14/2019
i01520,Arjun Walker,Business,4.9,6/22/2019
i01521,Lucas Patel,Physics,3.7,11/10/2019
i01522,Isabella Brown,History,3.1,6/13/2020
i01523,Noah Thomas,Math,4.2,10/9/2020
i01524,Isabella Lewis,Data Science,3.5,4/20/2020
i01525,Liam Smith,Business,4,6/24/2018
i01526,Meera Smith,Data Science,3.2,4/17/2018
i01527,Sophia Miller,Biology,4.6,9/10/2018
i01528,Ethan Moore,Programming,4.3,3/8/2019
i01529,Olivia Sharma,Data Science,4.6,7/17/2018
i01530,Riya Lee,Physics,4.3,12/28/2018
i01531,Aanya Wilson,AI,4.3,4/4/2020
i01532,Aanya Anderson,History,4.1,1/17/2021
i01533,Amelia Taylor,Biology,3.8,1/2/2019
i01534,Emma Smith,Business,3.6,7/13/2018
i01535,Meera Taylor,Data Science,4.4,6/15/2018
i01536,Karan Lewis,History,3.1,10/14/2021
i01537,Zara Smith,History,3.8,9/23/2018
i01538,Isabella Martin,Physics,3.8,10/2/2018
i01539,Karan Anderson,Biology,3.7,10/2/2020
i01540,Eva Miller,History,3.9,3/6/2018
i01541,Aanya Anderson,Math,4.9,3/19/2019
i01542,Karan Walker,Math,4.2,1/20/2018
i01543,Mia Wilson,Data Science,4.2,12/18/2018
i01544,Meera Hall,Math,3.5,3/3/2019
i01545,Zara Lewis,Business,4,10/28/2021
i01546,Ethan Patel,Biology,4.7,9/28/2021
i01547,Liam Lee,Design,4.9,6/29/2018
i01548,Liam Sharma,Math,3.2,6/2/2020
i01549,Aanya Singh,Programming,3.6,11/15/2018
i01550,Vihaan Singh,Design,4.2,1/3/2021
i01551,Lucas Taylor,Data Science,3.9,6/24/2020
i01552,Vihaan Brown,History,4.7,4/6/2021
i01553,Ethan Martin,Data Science,4.9,2/2/2019
i01554,Ethan Taylor,History,3.9,6/11/2021
i01555,Benjamin Wilson,Biology,3.7,12/21/2020
i01556,Liam Sharma,Music,5,5/7/2018
i01557,Aarav Brown,Music,4.9,12/25/2018
i01558,Lucas Brown,History,4.6,1/4/2020
i01559,Riya Smith,Design,4.8,2/24/2020
i01560,Isabella Clark,Math,5,6/20/2021
i01561,Olivia Singh,AI,3.8,4/26/2019
i01562,Eva Lewis,History,3.5,8/27/2018
i01563,Isabella Lewis,AI,3.2,2/26/2021
i01564,Meera Sharma,Design,4.3,4/11/2021
i01565,Liam Lewis,Data Science,4.2,9/23/2020
i01566,Liam Moore,Math,4.5,8/15/2021
i01567,Vihaan Walker,Music,4.1,10/21/2019
i01568,Emma Singh,Math,3.1,12/28/2018
i01569,Karan Verma,Physics,4.8,8/17/2020
i01570,Mia Lewis,Math,4.9,10/4/2019
i01571,Meera Clark,Design,4,3/26/2019
i01572,Amelia Wilson,Design,4,9/11/2020
i01573,Zara Clark,Physics,4.5,5/10/2021
i01574,Aanya Lee,Music,4.1,7/22/2019
i01575,Emma Wilson,Business,4,1/16/2020
i01576,Meera Moore,History,4.4,4/30/2018
i01577,Lucas Taylor,Physics,4.9,10/3/2020
i01578,Aarav Miller,AI,3.3,3/31/2019
i01579,Riya Sharma,AI,4.9,7/22/2019
i01580,Ethan Smith,AI,3.9,1/14/2020
i01581,Isabella Davis,Music,3.8,5/26/2019
i01582,Aarav Johnson,AI,4.1,10/27/2021
i01583,Benjamin Hall,AI,3.2,9/26/2019
i01584,Vihaan Walker,Data Science,4.6,9/20/2020
i01585,Eva Taylor,History,4,9/14/2021
i01586,Meera Martin,AI,4.8,3/12/2018
i01587,Riya Verma,Biology,3.8,10/7/2021
i01588,Liam Taylor,Data Science,3.6,3/4/2020
i01589,Amelia Martin,Biology,4.8,1/29/2021
i01590,Ethan Martin,Math,3.6,8/22/2021
i01591,Vihaan Martin,Programming,4.3,11/1/2019
i01592,Arjun Anderson,Business,4.4,9/26/2020
i01593,Eva Hall,Programming,4.1,4/25/2021
i01594,Ethan Johnson,Data Science,3.8,11/29/2019
i01595,Aanya Sharma,Data Science,4.8,1/15/2020
i01596,Aarav Sharma,Design,3.1,1/28/2020
i01597,Noah Walker,Design,4,10/18/2019
i01598,Karan Anderson,AI,4.7,7/15/2019
i01599,Arjun Brown,AI,3.2,9/30/2021
i01600,Noah Clark,Business,4.1,10/2/2018
i01601,Arjun Johnson,Programming,4.9,1/26/2019
i01602,Riya Hall,Data Science,3.1,10/19/2018
i01603,Aarav Johnson,Biology,4.2,6/23/2018
i01604,Sophia Miller,Physics,3.1,7/4/2021
i01605,Arjun Hall,Data Science,3.7,9/17/2020
i01606,Eva Lewis,Music,4.8,4/7/2021
i01607,Sophia Davis,Music,4.7,12/4/2020
i01608,Benjamin Brown,Data Science,3.4,10/28/2021
i01609,Zara Sharma,Business,4.7,2/6/2020
i01610,Olivia Verma,History,3.3,8/19/2018
i01611,Isabella Lewis,Data Science,3.8,2/7/2018
i01612,Isabella Anderson,Music,3,8/21/2021
i01613,Lucas Martin,Programming,3.8,8/1/2021
i01614,Zara Sharma,Design,3.5,8/12/2018
i01615,Karan Hall,Programming,3.1,7/10/2018
i01616,Mia Davis,History,4.2,5/3/2020
i01617,Noah Sharma,AI,4.4,3/17/2019
i01618,Ethan Thomas,Math,3.2,4/2/2021
i01619,Ethan Verma,Physics,4.9,11/10/2018
i01620,Karan Wilson,Music,4.7,2/11/2021
i01621,Lucas Singh,Design,3.2,11/23/2019
i01622,Zara Singh,Data Science,3.8,4/27/2019
i01623,Amelia Johnson,Data Science,4.4,8/11/2018
i01624,Isabella Lewis,Design,4.8,2/7/2021
i01625,Amelia Davis,Design,4.1,9/24/2020
i01626,Liam Hall,Design,4.6,8/30/2019
i01627,Karan Smith,Biology,3,1/9/2019
i01628,Vihaan Taylor,Biology,3,3/4/2018
i01629,Ethan Martin,Business,4.4,7/27/2020
i01630,Benjamin Clark,Math,3.4,4/28/2019
i01631,Benjamin Lee,Programming,4,7/6/2020
i01632,Eva Verma,Design,3.1,10/6/2019
i01633,Sophia Walker,Math,4.7,3/9/2019
i01634,Vihaan Miller,AI,4.9,11/15/2020
i01635,Lucas Hall,Business,4.5,8/12/2021
i01636,Isabella Verma,Physics,4.2,11/13/2019
i01637,Benjamin Sharma,Programming,3.3,1/18/2020
i01638,Benjamin Walker,Biology,3.2,1/3/2021
i01639,Noah Moore,Data Science,4.8,3/21/2019
i01640,Zara Sharma,Business,3.2,5/17/2020
i01641,Eva Lewis,Design,4.3,12/8/2021
i01642,Noah Johnson,Physics,3.7,3/29/2019
i01643,Aanya Davis,Business,3.2,9/30/2019
i01644,Benjamin Lewis,Biology,4.8,2/22/2018
i01645,Meera Hall,History,4.9,1/4/2021
i01646,Olivia Clark,Math,4.2,7/19/2021
i01647,Isabella Brown,AI,4.4,6/10/2019
i01648,Lucas Martin,Music,4.9,2/28/2020
i01649,Emma Sharma,AI,4.1,11/24/2021
i01650,Meera Johnson,AI,3.1,7/6/2020
i01651,Eva Smith,History,3.9,2/20/2018
i01652,Aarav Miller,Business,3.2,11/29/2021
i01653,Isabella Martin,Design,3.6,7/7/2021
i01654,Aanya Hall,Physics,3.2,5/15/2019
i01655,Olivia Sharma,History,3.8,5/8/2020
i01656,Sophia Wilson,Physics,4.6,3/4/2020
i01657,Amelia Thomas,Programming,3.8,4/7/2019
i01658,Aarav Verma,Business,4.5,1/1/2019
i01659,Eva Clark,Programming,4,10/29/2020
i01660,Sophia Brown,Programming,4.2,7/29/2020
i01661,Aanya Smith,Music,4.2,8/18/2019
i01662,Aarav Johnson,Programming,3.7,10/16/2018
i01663,Amelia Lewis,Physics,4.2,8/4/2020
i01664,Karan Wilson,History,4.1,11/9/2019
i01665,Emma Miller,Programming,4.8,10/14/2019
i01666,Lucas Davis,AI,3.3,1/10/2018
i01667,Eva Moore,Physics,3.2,9/18/2020
i01668,Benjamin Walker,History,3.8,3/31/2018
i01669,Amelia Lee,Programming,3.6,8/13/2018
i01670,Amelia Verma,History,3.9,11/7/2019
i01671,Emma Taylor,Biology,3.9,7/17/2021
i01672,Olivia Moore,Music,3.2,2/7/2019
i01673,Mia Sharma,Music,3.3,3/23/2020
i01674,Isabella Martin,Physics,4,1/31/2020
i01675,Riya Moore,Math,3.9,10/3/2021
i01676,Meera Smith,Programming,4.8,2/9/2021
i01677,Zara Patel,Math,3.2,12/2/2019
i01678,Emma Lewis,Math,4.4,1/16/2019
i01679,Ethan Thomas,Programming,4.7,1/19/2019
i01680,Aarav Smith,Design,3.4,5/11/2018
i01681,Meera Lee,Business,4.5,7/25/2018
i01682,Vihaan Johnson,Design,4.5,5/31/2018
i01683,Amelia Patel,Math,3.8,1/21/2018
i01684,Noah Smith,Physics,4.5,2/7/2021
i01685,Karan Patel,Programming,4.7,2/7/2021
i01686,Vihaan Sharma,Programming,3.6,10/2/2019
i01687,Noah Martin,AI,4.9,5/4/2021
i01688,Karan Hall,Physics,4.4,3/14/2021
i01689,Aarav Lewis,AI,3.4,9/4/2021
i01690,Arjun Martin,Business,4.7,8/16/2020
i01691,Arjun Hall,Business,3.8,1/19/2018
i01692,Aanya Singh,Biology,4,8/5/2021
i01693,Karan Verma,Music,3.1,4/1/2019
i01694,Arjun Miller,Design,4.3,8/21/2018
i01695,Noah Walker,AI,4.6,11/1/2021
i01696,Lucas Davis,Business,3.2,12/22/2018
i01697,Aanya Hall,AI,3.5,5/16/2019
i01698,Lucas Johnson,History,3.3,11/30/2020
i01699,Benjamin Moore,Physics,4.3,1/22/2021
i01700,Karan Verma,Business,4.3,7/28/2019
i01701,Karan Patel,Biology,3.4,1/25/2021
i01702,Amelia Thomas,Design,4.3,10/3/2019
i01703,Sophia Johnson,Music,4.3,5/21/2018
i01704,Lucas Patel,Programming,3.8,10/24/2019
i01705,Emma Sharma,Programming,3.1,12/30/2020
i01706,Olivia Wilson,Physics,4.3,3/12/2021
i01707,Amelia Smith,Math,4.6,10/25/2021
i01708,Olivia Thomas,Design,3.7,9/29/2018
i01709,Aanya Clark,Biology,4.7,12/18/2019
i01710,Zara Smith,Data Science,3.3,3/4/2020
i01711,Mia Hall,History,4.2,6/15/2019
i01712,Ethan Lewis,AI,3.9,3/19/2018
i01713,Lucas Brown,Business,4.5,5/29/2018
i01714,Benjamin Martin,Business,3.8,10/29/2019
i01715,Sophia Martin,History,4.6,9/26/2021
i01716,Vihaan Clark,Physics,4.5,12/9/2019
i01717,Sophia Martin,Music,3.8,4/4/2021
i01718,Noah Wilson,Data Science,3.3,7/20/2020
i01719,Aanya Singh,Programming,3.8,3/12/2020
i01720,Noah Sharma,Physics,4.4,3/4/2020
i01721,Mia Taylor,Programming,4.9,5/29/2018
i01722,Vihaan Patel,Programming,3.7,3/24/2021
i01723,Arjun Taylor,Biology,4.8,5/14/2021
i01724,Noah Patel,Data Science,3.8,6/21/2021
i01725,Aarav Johnson,Data Science,3.2,12/12/2019
i01726,Isabella Thomas,Math,3.5,12/31/2020
i01727,Sophia Davis,AI,4.2,8/3/2019
i01728,Vihaan Davis,Data Science,4.1,7/3/2019
i01729,Emma Clark,Design,3.2,9/29/2019
i01730,Meera Wilson,Biology,4.6,12/3/2018
i01731,Sophia Johnson,Music,4.4,1/26/2021
i01732,Olivia Smith,Biology,4.4,1/20/2019
i01733,Aarav Singh,Business,3.7,9/25/2019
i01734,Meera Verma,AI,4.4,6/17/2018
i01735,Zara Lewis,Business,4.8,3/28/2021
i01736,Arjun Patel,Design,3.6,6/19/2020
i01737,Emma Smith,Biology,3.2,7/31/2018
i01738,Noah Anderson,Data Science,4.8,6/10/2020
i01739,Karan Thomas,Physics,4.2,1/4/2018
i01740,Vihaan Hall,Data Science,4.8,4/28/2019
i01741,Karan Sharma,Programming,4.6,1/31/2018
i01742,Eva Taylor,AI,4.1,2/10/2019
i01743,Vihaan Lee,Music,3.8,6/19/2021
i01744,Karan Sharma,Biology,4.2,9/19/2019
i01745,Sophia Walker,Physics,4.4,4/6/2019
i01746,Emma Walker,Physics,3.4,11/28/2020
i01747,Riya Lewis,Music,3,6/9/2020
i01748,Vihaan Hall,Design,3.8,12/10/2019
i01749,Ethan Miller,Data Science,3.5,4/26/2021
i01750,Sophia Clark,AI,3.3,2/10/2021
i01751,Amelia Johnson,Programming,4,3/31/2021
i01752,Meera Miller,Biology,4.4,7/28/2020
i01753,Lucas Singh,Math,3.2,7/9/2020
i01754,Benjamin Singh,Physics,4.6,2/18/2018
i01755,Isabella Davis,Math,4.8,9/10/2018
i01756,Emma Walker,Design,3.4,3/5/2020
i01757,Aarav Davis,History,4.5,4/15/2020
i01758,Meera Moore,Math,4.9,11/13/2021
i01759,Mia Anderson,Biology,4.2,12/9/2019
i01760,Olivia Miller,Math,3.1,2/7/2021
i01761,Riya Smith,Biology,3.3,11/28/2021
i01762,Benjamin Miller,Business,3.9,12/10/2020
i01763,Mia Lee,Music,3.4,7/1/2019
i01764,Meera Singh,Business,3.3,2/24/2021
i01765,Mia Patel,Physics,3.9,1/30/2021
i01766,Olivia Anderson,Data Science,4,12/22/2020
i01767,Aanya Lewis,History,4.3,2/16/2019
i01768,Karan Brown,Programming,4.8,6/6/2018
i01769,Isabella Miller,Music,4.9,2/28/2021
i01770,Aarav Davis,Music,4.5,11/6/2019
i01771,Vihaan Moore,Design,4.2,10/18/2018
i01772,Riya Moore,Biology,4.3,10/28/2020
i01773,Zara Patel,Math,4.7,8/9/2021
i01774,Liam Thomas,Data Science,3.9,1/21/2021
i01775,Noah Smith,Business,3.9,8/1/2019
i01776,Aarav Sharma,AI,3.9,4/23/2018
i01777,Sophia Johnson,Physics,3.4,1/21/2019
i01778,Emma Moore,Data Science,3.4,7/29/2021
i01779,Aanya Verma,Music,3.5,9/4/2021
i01780,Eva Lee,Data Science,3.2,7/13/2020
i01781,Emma Taylor,Programming,3.7,12/25/2021
i01782,Meera Lewis,AI,3.8,8/15/2020
i01783,Sophia Davis,AI,3.3,1/27/2018
i01784,Sophia Johnson,Design,4,8/4/2018
i01785,Meera Johnson,Physics,3.4,1/1/2020
i01786,Olivia Hall,Physics,3.4,11/14/2019
i01787,Arjun Martin,Biology,4.3,4/2/2019
i01788,Emma Lewis,Design,3.3,10/12/2018
i01789,Mia Verma,Business,3.9,7/17/2020
i01790,Karan Patel,Business,4.6,12/20/2021
i01791,Meera Sharma,Data Science,4,10/1/2021
i01792,Zara Brown,History,3.4,9/3/2021
i01793,Benjamin Johnson,Design,3.3,5/20/2020
i01794,Benjamin Davis,History,4.8,12/4/2018
i01795,Zara Lewis,Physics,5,1/1/2018
i01796,Meera Lewis,Math,4.1,5/3/2018
i01797,Lucas Martin,History,4.7,3/12/2018
i01798,Vihaan Taylor,Data Science,4.9,8/22/2021
i01799,Aanya Moore,History,4.1,3/31/2021
i01800,Mia Anderson,Design,4.5,6/18/2020
i01801,Karan Sharma,Music,4,7/16/2020
i01802,Olivia Brown,Programming,3,5/4/2021
i01803,Isabella Smith,History,4.2,1/6/2018
i01804,Sophia Wilson,Business,4.2,5/8/2020
i01805,Ethan Martin,AI,4.7,3/20/2019
i01806,Mia Anderson,Math,3.9,8/24/2021
i01807,Ethan Martin,Programming,4.6,2/19/2020
i01808,Aarav Patel,Music,3.2,4/24/2019
i01809,Riya Verma,Biology,4.3,12/9/2020
i01810,Eva Brown,Biology,4.2,12/27/2019
i01811,Liam Thomas,Business,4.9,2/26/2020
i01812,Benjamin Johnson,Music,3.4,8/15/2021
i01813,Ethan Brown,Programming,3,2/17/2019
i01814,Lucas Taylor,AI,4.2,2/27/2019
i01815,Benjamin Walker,AI,3.8,3/23/2021
i01816,Lucas Anderson,History,3.8,3/16/2020
i01817,Vihaan Taylor,Music,3.8,12/29/2018
i01818,Zara Anderson,Math,4.3,8/23/2019
i01819,Amelia Davis,Design,4,12/8/2021
i01820,Aarav Lewis,Music,3.1,11/24/2019
i01821,Noah Moore,Biology,4.9,10/24/2019
i01822,Liam Thomas,History,4.4,12/28/2019
i01823,Liam Smith,Programming,4.1,9/25/2021
i01824,Ethan Hall,Music,3.7,12/4/2020
i01825,Vihaan Davis,History,4.6,8/29/2021
i01826,Isabella Lee,Business,3,8/12/2020
i01827,Amelia Brown,Design,3.9,8/16/2019
i01828,Amelia Brown,Business,4.3,6/9/2020
i01829,Lucas Taylor,Biology,4.8,1/3/2020
i01830,Arjun Smith,Design,4,4/16/2021
i01831,Emma Anderson,Physics,4.6,3/8/2020
i01832,Aanya Anderson,Physics,4.2,4/18/2020
i01833,Ethan Wilson,Music,4.1,8/4/2021
i01834,Lucas Moore,History,4,5/24/2019
i01835,Olivia Miller,AI,3.2,11/19/2018
i01836,Aanya Johnson,Programming,3.3,11/19/2018
i01837,Lucas Singh,Programming,4.1,1/12/2021
i01838,Sophia Moore,Music,3.1,9/3/2020
i01839,Amelia Verma,Music,3,3/14/2021
i01840,Zara Martin,History,3.2,1/28/2021
i01841,Karan Verma,Business,4.9,9/3/2018
i01842,Meera Patel,Business,3,12/5/2021
i01843,Zara Lee,Data Science,3.1,7/13/2019
i01844,Aarav Hall,Design,4.4,6/16/2020
i01845,Noah Clark,Programming,3,6/1/2019
i01846,Aarav Sharma,Physics,3.5,11/4/2021
i01847,Noah Lee,Math,4.5,12/17/2019
i01848,Sophia Clark,Design,3.3,6/29/2020
i01849,Eva Anderson,History,3.8,4/2/2019
i01850,Isabella Moore,Physics,3.9,1/2/2018
i01851,Noah Wilson,History,4.2,4/29/2018
i01852,Eva Wilson,Business,5,2/11/2021
i01853,Arjun Walker,Physics,3.1,8/18/2018
i01854,Ethan Lewis,Design,4.1,1/24/2019
i01855,Eva Thomas,AI,4.4,5/18/2018
i01856,Isabella Hall,Biology,3,4/19/2020
i01857,Lucas Wilson,Business,4.5,12/4/2021
i01858,Eva Johnson,Math,3,11/22/2021
i01859,Zara Brown,Data Science,5,7/15/2019
i01860,Liam Verma,AI,3.6,7/14/2021
i01861,Zara Taylor,AI,3.7,8/14/2021
i01862,Aarav Thomas,Design,3.1,12/6/2018
i01863,Emma Moore,Math,3,8/27/2018
i01864,Olivia Clark,Data Science,4.6,11/4/2021
i01865,Ethan Smith,AI,4.2,9/8/2018
i01866,Arjun Wilson,Math,3.6,10/26/2020
i01867,Meera Walker,History,4,5/1/2020
i01868,Riya Patel,Math,4.3,8/17/2021
i01869,Benjamin Davis,Business,3.8,9/25/2021
i01870,Karan Walker,Math,4.6,3/28/2021
i01871,Eva Martin,AI,3.5,1/20/2018
i01872,Aanya Lewis,Physics,4.5,8/31/2020
i01873,Mia Brown,Music,3.7,1/30/2020
i01874,Benjamin Lewis,AI,3.9,1/1/2019
i01875,Aarav Brown,History,4.1,8/18/2021
i01876,Aanya Clark,Business,4.2,10/28/2020
i01877,Sophia Moore,Business,4.9,4/6/2019
i01878,Vihaan Johnson,Music,4.3,10/19/2020
i01879,Benjamin Johnson,Data Science,3.4,6/14/2018
i01880,Riya Thomas,Math,4.4,9/12/2019
i01881,Eva Hall,Math,3.8,1/24/2020
i01882,Benjamin Lewis,History,3.8,5/16/2021
i01883,Amelia Wilson,Physics,4.4,11/11/2020
i01884,Liam Thomas,Business,3.2,4/28/2021
i01885,Ethan Singh,Data Science,4.4,8/3/2018
i01886,Zara Martin,Biology,3.9,11/25/2018
i01887,Eva Taylor,Music,3.1,9/9/2019
i01888,Liam Martin,AI,3.9,1/22/2019
i01889,Mia Miller,Math,4.4,3/31/2018
i01890,Vihaan Patel,Business,3.6,12/17/2019
i01891,Liam Wilson,Physics,4.6,11/3/2019
i01892,Olivia Brown,Data Science,4.2,10/9/2018
i01893,Noah Brown,Physics,4,7/5/2018
i01894,Meera Johnson,History,3.6,5/24/2019
i01895,Arjun Lee,Biology,4,9/7/2021
i01896,Emma Singh,AI,4.6,8/2/2018
i01897,Vihaan Verma,Design,5,7/13/2020
i01898,Aanya Davis,Programming,4.6,5/31/2021
i01899,Ethan Lee,Programming,3.9,3/23/2020
i01900,Noah Thomas,Math,3.4,11/16/2019
i01901,Benjamin Lewis,History,3.3,1/19/2018
i01902,Riya Miller,Biology,3.1,1/31/2020
i01903,Meera Taylor,Music,3.1,7/18/2019
i01904,Olivia Johnson,Physics,4.2,10/29/2021
i01905,Isabella Thomas,Music,4.3,9/17/2021
i01906,Zara Davis,Design,3.6,4/13/2019
i01907,Emma Wilson,Math,3.1,10/10/2020
i01908,Sophia Johnson,Business,3.7,2/27/2018
i01909,Olivia Anderson,Data Science,3.7,8/10/2020
i01910,Mia Lee,Business,3.9,6/7/2021
i01911,Karan Thomas,AI,4.7,7/3/2021
i01912,Benjamin Wilson,Programming,4.5,10/22/2020
i01913,Noah Patel,Physics,3.3,12/15/2021
i01914,Lucas Johnson,AI,4,1/21/2021
i01915,Vihaan Johnson,Programming,4.6,8/17/2021
i01916,Eva Wilson,Data Science,3.2,11/8/2020
i01917,Amelia Taylor,Design,3.9,8/6/2019
i01918,Lucas Walker,Music,5,1/22/2020
i01919,Aarav Johnson,Physics,3.2,11/20/2021
i01920,Eva Smith,History,3.6,4/24/2018
i01921,Meera Thomas,Music,3.9,9/17/2019
i01922,Sophia Moore,Design,4.1,6/2/2019
i01923,Emma Martin,Programming,3.2,3/7/2018
i01924,Emma Sharma,Data Science,3.3,10/31/2019
i01925,Noah Miller,Data Science,3.2,4/5/2019
i01926,Aarav Miller,History,4.9,12/23/2021
i01927,Vihaan Taylor,Physics,4.2,4/17/2018
i01928,Isabella Verma,Design,4.9,4/20/2020
i01929,Benjamin Johnson,AI,4.7,3/19/2020
i01930,Arjun Davis,History,4.7,3/26/2018
i01931,Meera Verma,Business,3.8,6/11/2019
i01932,Benjamin Martin,Physics,3.4,9/2/2021
i01933,Ethan Moore,Physics,3.4,1/6/2020
i01934,Noah Patel,Physics,4.4,9/8/2021
i01935,Eva Hall,AI,3.4,6/8/2020
i01936,Liam Moore,Data Science,3.1,6/20/2020
i01937,Isabella Verma,Business,4.8,11/4/2020
i01938,Benjamin Anderson,History,3.1,5/14/2020
i01939,Karan Anderson,Design,3.1,9/28/2019
i01940,Arjun Davis,Physics,4.1,10/7/2018
i01941,Noah Smith,Data Science,4.6,4/25/2019
i01942,Zara Lewis,History,4.7,10/12/2020
i01943,Amelia Brown,Business,4.2,11/14/2020
i01944,Emma Brown,Math,3.3,12/4/2018
i01945,Benjamin Smith,Data Science,4.8,3/14/2019
i01946,Sophia Martin,Biology,3.4,10/24/2020
i01947,Arjun Hall,Business,4.8,4/18/2021
i01948,Mia Hall,Music,4.4,4/17/2020
i01949,Sophia Verma,Data Science,3.2,4/14/2019
i01950,Olivia Davis,Biology,4.9,3/12/2019
i01951,Karan Patel,History,3.4,5/7/2020
i01952,Meera Lewis,Physics,5,2/11/2018
i01953,Aanya Verma,History,4.8,5/29/2021
i01954,Ethan Moore,Data Science,3.9,9/15/2019
i01955,Liam Johnson,Business,4.8,2/14/2019
i01956,Mia Clark,Physics,5,7/5/2019
i01957,Arjun Miller,Business,3.5,10/13/2020
i01958,Olivia Clark,Design,4,4/2/2019
i01959,Amelia Miller,AI,4.3,10/14/2019
i01960,Sophia Thomas,Music,3.9,8/17/2021
i01961,Zara Wilson,Math,4.5,11/6/2020
i01962,Sophia Moore,Physics,4.9,2/5/2021
i01963,Emma Hall,Physics,4.8,6/20/2020
i01964,Lucas Lewis,AI,4.3,4/28/2018
i01965,Benjamin Walker,AI,4.4,7/13/2021
i01966,Noah Anderson,Programming,4.7,11/2/2020
i01967,Zara Taylor,History,3.8,9/4/2019
i01968,Vihaan Clark,Data Science,3.1,5/8/2019
i01969,Eva Thomas,Math,3.8,6/13/2019
i01970,Isabella Brown,Design,3.1,5/8/2021
i01971,Noah Verma,Math,4.4,1/3/2021
i01972,Liam Wilson,Design,4.1,11/6/2018
i01973,Sophia Davis,History,3.4,5/21/2020
i01974,Aarav Taylor,Physics,3.8,9/25/2020
i01975,Aanya Hall,Data Science,4,11/20/2021
i01976,Arjun Johnson,Math,4.7,11/15/2021
i01977,Aanya Verma,Math,3.7,4/1/2019
i01978,Liam Clark,Physics,4.7,10/31/2019
i01979,Amelia Smith,Data Science,3.1,6/25/2021
i01980,Lucas Martin,Programming,4.9,2/5/2019
i01981,Sophia Thomas,Music,4.5,12/2/2018
i01982,Arjun Verma,Programming,3.4,11/12/2021
i01983,Eva Hall,Design,3.2,7/26/2018
i01984,Meera Martin,History,3.5,10/29/2018
i01985,Arjun Clark,Music,4,7/31/2021
i01986,Riya Anderson,History,4.3,3/30/2021
i01987,Arjun Brown,Programming,4,8/7/2021
i01988,Noah Lewis,AI,4.7,3/25/2021
i01989,Aarav Anderson,Music,3.9,6/15/2018
i01990,Eva Martin,Design,3.6,5/20/2021
i01991,Aarav Moore,Music,3.8,7/9/2021
i01992,Noah Martin,Data Science,4.3,2/13/2018
i01993,Olivia Sharma,Math,4.6,9/18/2021
i01994,Lucas Taylor,Business,4.5,5/2/2021
i01995,Lucas Patel,Biology,3.3,9/22/2021
i01996,Zara Patel,Music,4.5,9/5/2021
i01997,Lucas Wilson,Music,3.7,9/29/2021
i01998,Emma Clark,Biology,3.9,6/18/2020
i01999,Aarav Anderson,Design,4.1,3/11/2020
i02000,Riya Davis,Business,4.3,2/13/2020
i02001,Benjamin Johnson,Data Science,4.9,9/26/2020
i02002,Aarav Lewis,Physics,4.4,7/19/2021
i02003,Zara Thomas,Design,3.9,4/28/2018
i02004,Ethan Clark,Biology,3.3,11/25/2018
i02005,Benjamin Smith,Programming,3.2,11/16/2021
i02006,Isabella Smith,AI,4.7,5/10/2021
i02007,Olivia Anderson,Biology,4.6,10/3/2019
i02008,Noah Miller,Programming,5,11/28/2018
i02009,Karan Hall,Physics,4.6,8/1/2019
i02010,Olivia Singh,Music,4.8,10/2/2021
i02011,Vihaan Lewis,History,3.5,6/14/2021
i02012,Amelia Moore,Data Science,3.9,3/5/2020
i02013,Riya Clark,Programming,4.3,7/19/2019
i02014,Mia Lee,Design,4.6,10/1/2019
i02015,Liam Lewis,History,3.5,8/2/2021
i02016,Eva Singh,Data Science,3.2,7/18/2018
i02017,Olivia Taylor,Business,3.8,11/9/2019
i02018,Zara Clark,Data Science,4.6,2/13/2019
i02019,Olivia Smith,Math,4.6,11/20/2021
i02020,Vihaan Johnson,Design,4.1,4/13/2019
i02021,Emma Patel,Math,4.2,8/24/2021
i02022,Emma Anderson,Math,3.9,11/22/2021
i02023,Lucas Thomas,Programming,3.8,5/9/2020
i02024,Meera Thomas,Design,4.7,3/15/2019
i02025,Meera Johnson,Design,4.4,11/18/2021
i02026,Aarav Johnson,Biology,3.2,4/30/2019
i02027,Vihaan Martin,Programming,4.5,9/18/2018
i02028,Aanya Davis,History,3.9,1/11/2021
i02029,Arjun Walker,Data Science,3.3,12/27/2018
i02030,Aanya Hall,AI,3.4,7/10/2021
i02031,Ethan Sharma,Data Science,3.8,9/16/2018
i02032,Vihaan Wilson,Design,3.7,6/2/2019
i02033,Benjamin Hall,Music,4,11/9/2019
i02034,Lucas Patel,Design,3.4,11/27/2018
i02035,Arjun Lee,Data Science,4.1,6/16/2021
i02036,Zara Johnson,Data Science,4.1,11/1/2020
i02037,Mia Johnson,AI,4.4,3/23/2018
i02038,Amelia Davis,AI,3.1,11/27/2021
i02039,Emma Wilson,Business,4.6,1/20/2020
i02040,Amelia Brown,Data Science,3.2,3/3/2021
i02041,Noah Wilson,Biology,4.3,12/2/2019
i02042,Noah Martin,Business,4.1,2/23/2019
i02043,Mia Moore,Biology,3.9,6/11/2018
i02044,Benjamin Walker,Music,3.7,1/3/2020
i02045,Ethan Miller,History,3.7,11/27/2018
i02046,Liam Thomas,History,3.7,11/9/2021
i02047,Meera Singh,Math,3.6,4/4/2021
i02048,Vihaan Lewis,Programming,4.9,6/26/2019
i02049,Olivia Walker,Programming,4.2,5/28/2020
i02050,Sophia Johnson,Biology,4.4,12/9/2020
i02051,Aanya Davis,Data Science,3.1,11/14/2021
i02052,Olivia Miller,Physics,4.8,2/22/2019
i02053,Lucas Brown,History,3.3,1/16/2019
i02054,Liam Moore,AI,3.5,7/17/2019
i02055,Amelia Smith,AI,3.6,12/10/2020
i02056,Lucas Taylor,Programming,3.2,3/31/2019
i02057,Meera Clark,Math,3.8,5/27/2020
i02058,Isabella Wilson,Programming,3.5,3/25/2019
i02059,Karan Thomas,History,3.7,1/19/2021
i02060,Vihaan Hall,AI,3.8,7/15/2019
i02061,Emma Clark,Programming,3.9,12/13/2018
i02062,Liam Lee,AI,4,8/2/2021
i02063,Ethan Patel,Math,4.8,6/12/2019
i02064,Emma Martin,Data Science,3.6,4/15/2021
i02065,Meera Walker,Physics,4.4,2/7/2020
i02066,Sophia Verma,Biology,4.8,6/13/2021
i02067,Meera Thomas,Biology,3.5,5/12/2019
i02068,Liam Smith,Design,3.9,7/7/2019
i02069,Eva Davis,Design,3.9,11/6/2019
i02070,Arjun Lee,Business,3.8,3/4/2020
i02071,Eva Lewis,Business,4.8,8/19/2020
i02072,Ethan Moore,Music,4.1,5/24/2019
i02073,Karan Davis,History,5,7/12/2020
i02074,Benjamin Lee,Math,4.4,2/1/2018
i02075,Aarav Thomas,Physics,3.1,5/21/2019
i02076,Isabella Davis,Math,4.6,3/10/2018
i02077,Zara Taylor,Programming,4.2,2/6/2020
i02078,Meera Miller,Business,4.9,1/1/2019
i02079,Aanya Clark,Design,3.5,3/31/2019
i02080,Benjamin Thomas,Math,3.4,5/7/2019
i02081,Isabella Anderson,Business,3.9,11/4/2019
i02082,Olivia Martin,Biology,5,4/30/2020
i02083,Noah Wilson,Math,4.2,11/3/2019
i02084,Sophia Clark,Data Science,4.6,1/7/2019
i02085,Emma Brown,AI,3.4,3/22/2020
i02086,Ethan Verma,Math,4.3,5/9/2021
i02087,Emma Thomas,Business,4.8,10/11/2021
i02088,Arjun Verma,Biology,4.2,7/12/2021
i02089,Riya Martin,Biology,3.6,7/20/2018
i02090,Riya Thomas,Data Science,3.4,7/15/2018
i02091,Zara Taylor,Data Science,4.1,9/26/2021
i02092,Noah Anderson,Math,3.3,4/18/2021
i02093,Arjun Miller,Music,3.8,5/25/2018
i02094,Olivia Brown,History,3.4,4/16/2021
i02095,Arjun Clark,Math,3.6,7/6/2020
i02096,Aanya Thomas,AI,3.9,2/18/2020
i02097,Isabella Clark,AI,3.3,1/10/2020
i02098,Aanya Lewis,History,4.3,8/12/2020
i02099,Olivia Lee,AI,3.4,8/6/2018
i02100,Amelia Anderson,Programming,4.2,6/11/2019
i02101,Aarav Patel,Physics,3.7,11/27/2020
i02102,Benjamin Walker,Biology,4,11/10/2021
i02103,Vihaan Singh,Data Science,4.9,10/20/2018
i02104,Lucas Anderson,Music,4.3,2/17/2020
i02105,Olivia Johnson,Business,4.8,4/1/2021
i02106,Mia Patel,AI,4.1,6/3/2018
i02107,Meera Davis,Music,4,8/22/2020
i02108,Ethan Anderson,Programming,3.9,6/21/2021
i02109,Isabella Moore,Biology,4.2,12/11/2020
i02110,Lucas Sharma,Biology,4,3/17/2019
i02111,Aarav Hall,History,3.9,8/14/2021
i02112,Riya Martin,Design,3.9,4/3/2021
i02113,Riya Singh,AI,3.6,11/9/2019
i02114,Lucas Johnson,Music,3.1,10/2/2020
i02115,Riya Walker,Design,4.5,8/18/2018
i02116,Noah Sharma,AI,4.6,2/23/2019
i02117,Isabella Sharma,Math,4.6,12/18/2021
i02118,Liam Wilson,Data Science,4.6,7/5/2019
i02119,Arjun Anderson,History,3.5,5/3/2019
i02120,Noah Moore,Business,4.3,3/20/2018
i02121,Amelia Verma,Math,3.8,11/25/2019
i02122,Vihaan Smith,Physics,4.1,1/14/2021
i02123,Vihaan Clark,AI,4.3,2/12/2019
i02124,Riya Sharma,Business,3.8,4/13/2019
i02125,Lucas Lee,History,3.6,9/20/2018
i02126,Mia Sharma,Business,4.9,2/20/2019
i02127,Isabella Hall,Biology,4.4,6/29/2021
i02128,Karan Verma,Design,4.2,1/23/2018
i02129,Ethan Singh,Programming,3.3,11/24/2020
i02130,Sophia Verma,Math,3.9,9/23/2021
i02131,Amelia Singh,AI,4.6,4/9/2021
i02132,Benjamin Singh,Math,4.2,4/23/2018
i02133,Vihaan Wilson,Programming,4.3,12/4/2020
i02134,Benjamin Johnson,History,3,10/7/2020
i02135,Liam Lewis,Data Science,3.5,9/17/2020
i02136,Emma Lee,AI,3.5,1/25/2020
i02137,Meera Miller,Business,3.7,7/9/2020
i02138,Ethan Davis,AI,3.6,8/16/2021
i02139,Emma Patel,History,4.4,11/2/2020
i02140,Vihaan Miller,Music,3.9,11/13/2019
i02141,Isabella Lewis,Business,3.5,6/20/2019
i02142,Lucas Sharma,Data Science,3.2,7/13/2018
i02143,Sophia Verma,Physics,4.7,6/8/2021
i02144,Emma Lee,Business,3.1,1/17/2019
i02145,Noah Moore,Music,3.5,2/24/2021
i02146,Arjun Smith,History,4.3,7/2/2021
i02147,Zara Smith,History,3.9,12/15/2018
i02148,Vihaan Brown,Music,3.7,9/18/2021
i02149,Eva Clark,Programming,4.1,7/3/2019
i02150,Meera Taylor,Business,4.5,12/24/2020
i02151,Lucas Verma,Biology,3.1,10/22/2018
i02152,Benjamin Davis,Math,3.5,8/30/2020
i02153,Vihaan Patel,Design,4.3,8/21/2021
i02154,Isabella Singh,Math,4.3,7/5/2020
i02155,Amelia Hall,Business,3.4,11/24/2020
i02156,Vihaan Miller,Math,3,2/2/2018
i02157,Meera Verma,Physics,4.4,9/16/2021
i02158,Mia Brown,Biology,3.3,1/26/2019
i02159,Vihaan Lewis,Programming,4.8,4/26/2018
i02160,Riya Patel,Programming,3.7,1/29/2021
i02161,Eva Wilson,History,3.3,3/18/2020
i02162,Emma Brown,History,4.2,6/8/2020
i02163,Arjun Wilson,Design,4.3,11/18/2021
i02164,Noah Smith,Math,3.1,12/12/2020
i02165,Aarav Wilson,AI,3.8,2/12/2021
i02166,Ethan Verma,History,4.2,8/4/2019
i02167,Mia Moore,AI,3.5,2/15/2019
i02168,Aarav Taylor,History,3.6,9/21/2018
i02169,Olivia Hall,Music,4.3,12/22/2020
i02170,Eva Clark,AI,3.4,1/18/2021
i02171,Aarav Thomas,Business,5,8/13/2019
i02172,Emma Wilson,Design,4.8,11/23/2019
i02173,Aanya Hall,Music,3.2,12/23/2019
i02174,Benjamin Singh,Business,4,8/19/2019
i02175,Benjamin Thomas,History,3.6,3/5/2021
i02176,Noah Singh,AI,4.2,4/30/2018
i02177,Noah Wilson,Design,4.5,7/4/2018
i02178,Isabella Johnson,Biology,4.6,7/26/2019
i02179,Lucas Walker,Design,4.4,5/18/2019
i02180,Benjamin Martin,AI,4.5,3/6/2019
i02181,Eva Walker,AI,4.2,5/8/2020
i02182,Aanya Johnson,Data Science,4.5,10/1/2020
i02183,Riya Verma,Programming,4,9/11/2021
i02184,Isabella Moore,Biology,4.9,4/22/2019
i02185,Arjun Sharma,Math,4.6,8/31/2018
i02186,Emma Walker,Programming,3.2,5/3/2020
i02187,Riya Singh,AI,3.3,7/13/2020
i02188,Vihaan Lewis,Physics,5,8/2/2020
i02189,Meera Moore,Business,3.7,5/29/2021
i02190,Zara Thomas,Music,4.2,3/25/2019
i02191,Aanya Walker,Programming,4.8,5/14/2019
i02192,Aarav Verma,Biology,4.2,9/20/2018
i02193,Ethan Moore,Physics,4,4/16/2021
i02194,Amelia Walker,Data Science,4.8,12/25/2021
i02195,Eva Smith,AI,4.1,6/14/2018
i02196,Olivia Lee,Design,4.9,3/29/2020
i02197,Aanya Walker,Math,3.9,5/19/2018
i02198,Meera Verma,AI,3.9,12/6/2019
i02199,Amelia Walker,AI,4.4,4/20/2020
i02200,Ethan Smith,Design,3.6,10/5/2018
i02201,Lucas Miller,Programming,3.7,3/6/2018
i02202,Emma Anderson,History,3.6,11/28/2020
i02203,Vihaan Davis,Data Science,3.9,6/29/2019
i02204,Riya Walker,History,4.4,9/23/2019
i02205,Lucas Lewis,AI,3.7,5/10/2018
i02206,Meera Patel,Physics,4.2,10/7/2020
i02207,Isabella Miller,Business,3.8,11/29/2021
i02208,Lucas Anderson,Programming,4.8,5/23/2020
i02209,Amelia Singh,Programming,3.8,11/5/2019
i02210,Benjamin Lewis,Data Science,4.7,8/11/2020
i02211,Arjun Lewis,Physics,3.2,1/17/2020
i02212,Sophia Lewis,Data Science,3.4,2/29/2020
i02213,Ethan Taylor,Design,4.2,5/24/2021
i02214,Riya Sharma,Design,4.9,4/15/2019
i02215,Aanya Lewis,Design,3.8,11/1/2020
i02216,Aarav Martin,History,3.5,12/30/2019
i02217,Isabella Anderson,Design,4.1,10/10/2021
i02218,Isabella Brown,Programming,4.8,3/6/2021
i02219,Riya Martin,Physics,3.7,11/30/2021
i02220,Amelia Hall,Design,4.2,9/3/2021
i02221,Riya Singh,Design,3.1,9/20/2019
i02222,Mia Davis,AI,3.1,7/22/2019
i02223,Liam Thomas,Programming,3.7,11/26/2018
i02224,Ethan Miller,Data Science,4.1,12/24/2021
i02225,Ethan Lee,Business,4.1,6/2/2020
i02226,Eva Clark,AI,5,3/20/2020
i02227,Olivia Wilson,Math,3.7,8/31/2019
i02228,Amelia Smith,Music,3.8,1/16/2019
i02229,Aarav Lewis,Business,4.6,2/29/2020
i02230,Olivia Lee,Math,3.9,9/16/2020
i02231,Lucas Clark,Business,3.3,4/24/2018
i02232,Mia Wilson,History,3.5,9/19/2018
i02233,Arjun Johnson,Data Science,3.8,10/4/2019
i02234,Vihaan Taylor,Business,4.6,4/5/2021
i02235,Noah Taylor,History,4.8,11/24/2020
i02236,Mia Lee,Business,3.2,5/10/2021
i02237,Vihaan Wilson,Biology,4.3,6/13/2021
i02238,Zara Verma,Programming,4.3,4/27/2019
i02239,Zara Davis,Biology,4,3/28/2018
i02240,Mia Taylor,Data Science,3.6,5/18/2021
i02241,Karan Clark,Math,3.2,9/22/2019
i02242,Lucas Wilson,Biology,4.2,10/15/2019
i02243,Meera Miller,Programming,4.8,11/20/2019
i02244,Noah Hall,Biology,4.4,12/7/2019
i02245,Arjun Brown,Design,3.4,3/18/2020
i02246,Emma Lee,AI,4.2,3/25/2019
i02247,Sophia Singh,Biology,3.9,2/15/2021
i02248,Eva Johnson,AI,5,2/25/2019
i02249,Arjun Sharma,Math,4.1,8/28/2018
i02250,Karan Patel,AI,5,5/1/2021
i02251,Aanya Anderson,Business,3.2,4/22/2021
i02252,Isabella Anderson,AI,3.2,10/7/2021
i02253,Amelia Verma,Biology,3.8,2/5/2021
i02254,Emma Miller,Data Science,5,1/1/2019
i02255,Olivia Smith,Design,4.4,7/4/2021
i02256,Aarav Thomas,Programming,4.9,1/12/2021
i02257,Mia Brown,Physics,3.9,6/2/2021
i02258,Aarav Thomas,Math,4,4/14/2021
i02259,Lucas Smith,Programming,4.3,8/21/2020
i02260,Emma Verma,Biology,3.6,5/23/2019
i02261,Mia Patel,AI,4.8,9/24/2018
i02262,Lucas Anderson,History,4.3,10/15/2021
i02263,Amelia Smith,Music,3.6,7/20/2018
i02264,Arjun Davis,AI,3.8,9/10/2019
i02265,Eva Anderson,Design,4.3,9/9/2021
i02266,Ethan Brown,Physics,4.8,10/14/2019
i02267,Sophia Patel,AI,4.2,10/27/2018
i02268,Karan Hall,Data Science,4.9,3/28/2018
i02269,Sophia Brown,Business,4.5,10/10/2019
i02270,Vihaan Martin,Data Science,3,12/30/2020
i02271,Isabella Verma,AI,3.3,5/4/2019
i02272,Vihaan Moore,Physics,4.7,6/19/2018
i02273,Meera Moore,Music,3.9,4/15/2021
i02274,Eva Lewis,Data Science,3.9,2/1/2020
i02275,Noah Martin,Music,4.4,4/7/2019
i02276,Liam Smith,Math,4.1,4/9/2021
i02277,Arjun Johnson,Business,3.3,7/26/2020
i02278,Aanya Martin,History,4.3,4/25/2018
i02279,Lucas Thomas,Data Science,4.5,6/14/2018
i02280,Vihaan Clark,Biology,3.1,10/31/2021
i02281,Aanya Clark,Business,4.7,10/26/2021
i02282,Riya Sharma,History,4.3,10/13/2018
i02283,Olivia Verma,Math,3.1,4/28/2021
i02284,Lucas Johnson,AI,4,3/26/2018
i02285,Meera Brown,Math,4,7/15/2021
i02286,Lucas Sharma,Programming,3.3,6/8/2021
i02287,Noah Miller,Physics,4.2,6/24/2021
i02288,Ethan Miller,Programming,4.6,5/25/2020
i02289,Arjun Sharma,History,3.4,3/15/2020
i02290,Vihaan Johnson,Math,3.4,4/30/2020
i02291,Aarav Walker,Music,3.6,1/21/2021
i02292,Aanya Davis,AI,3.1,6/21/2021
i02293,Aanya Clark,Data Science,3,4/29/2019
i02294,Aarav Martin,Programming,3.8,8/10/2021
i02295,Mia Clark,Design,3.5,8/20/2021
i02296,Riya Hall,Data Science,4.7,12/21/2021
i02297,Meera Taylor,Math,3.8,12/22/2018
i02298,Amelia Singh,Design,4.9,8/5/2021
i02299,Liam Lewis,Music,4.5,1/26/2018
i02300,Ethan Sharma,Design,3.5,3/16/2018
i02301,Emma Lee,Design,4.4,6/30/2019
i02302,Zara Verma,Music,4.7,5/11/2021
i02303,Emma Clark,Design,4.2,9/16/2018
i02304,Eva Singh,Biology,4.9,11/29/2019
i02305,Mia Anderson,Design,4.2,7/22/2020
i02306,Lucas Wilson,Design,4.3,7/16/2021
i02307,Aarav Wilson,Biology,4.8,1/16/2021
i02308,Liam Lewis,AI,3.3,5/6/2021
i02309,Lucas Johnson,Physics,4.6,1/13/2018
i02310,Vihaan Sharma,History,4.8,9/17/2020
i02311,Arjun Lewis,Data Science,4,7/8/2018
i02312,Benjamin Verma,Music,3.2,11/24/2018
i02313,Vihaan Smith,Math,4.8,3/17/2019
i02314,Amelia Smith,AI,3.1,4/24/2020
i02315,Aanya Smith,AI,4.3,2/10/2019
i02316,Meera Singh,History,4.6,1/17/2020
i02317,Aanya Taylor,History,3.9,2/13/2019
i02318,Eva Moore,Programming,4.5,9/6/2018
i02319,Arjun Patel,AI,3.4,3/12/2018
i02320,Emma Martin,AI,4,4/24/2021
i02321,Sophia Moore,Business,4.6,11/21/2019
i02322,Amelia Clark,Biology,3.1,2/14/2018
i02323,Noah Lewis,Biology,4.2,9/3/2018
i02324,Amelia Moore,Biology,3.4,7/15/2021
i02325,Aanya Thomas,Business,4.3,10/24/2021
i02326,Aarav Moore,Data Science,4.8,12/10/2019
i02327,Eva Lewis,Data Science,4.9,10/16/2021
i02328,Meera Davis,Programming,3.5,2/26/2018
i02329,Emma Thomas,Biology,3.7,12/31/2018
i02330,Aanya Lee,Data Science,4.6,11/1/2018
i02331,Olivia Walker,History,4.6,6/5/2019
i02332,Aarav Patel,Design,3.5,6/2/2019
i02333,Karan Clark,Music,4,5/10/2021
i02334,Lucas Verma,Programming,4,3/1/2021
i02335,Meera Hall,Design,3.6,6/26/2021
i02336,Karan Thomas,Design,3.4,3/26/2020
i02337,Emma Hall,History,4.7,10/18/2019
i02338,Noah Miller,Music,3.9,1/21/2019
i02339,Ethan Martin,Business,4.9,10/23/2018
i02340,Ethan Clark,Music,4.4,3/28/2019
i02341,Meera Davis,AI,4.1,5/7/2020
i02342,Ethan Thomas,Data Science,4.4,5/28/2020
i02343,Meera Verma,AI,3.5,12/20/2021
i02344,Noah Lee,AI,4.2,10/23/2019
i02345,Olivia Clark,Design,3.8,3/20/2021
i02346,Isabella Walker,Math,4.8,12/18/2020
i02347,Amelia Sharma,Data Science,3.7,10/18/2019
i02348,Lucas Brown,Physics,4.7,6/20/2020
i02349,Emma Singh,Data Science,3.3,11/22/2018
i02350,Eva Davis,Business,3.6,2/15/2018
i02351,Olivia Walker,Design,4.3,9/27/2020
i02352,Meera Johnson,Biology,3.8,5/28/2018
i02353,Vihaan Walker,Business,5,5/25/2020
i02354,Benjamin Anderson,Design,4.5,11/22/2020
i02355,Aarav Brown,Math,3.1,6/17/2021
i02356,Amelia Sharma,Data Science,4.6,8/21/2020
i02357,Meera Smith,Design,4.9,11/24/2018
i02358,Benjamin Martin,Math,4.9,8/17/2018
i02359,Karan Moore,Data Science,4.3,6/20/2021
i02360,Karan Lewis,Music,4.5,10/21/2018
i02361,Arjun Taylor,Biology,4.2,4/29/2018
i02362,Amelia Clark,Programming,4.2,1/23/2021
i02363,Ethan Wilson,AI,4.2,8/20/2019
i02364,Liam Walker,AI,4.3,6/4/2018
i02365,Karan Verma,Math,4.3,12/17/2020
i02366,Eva Sharma,Biology,3.2,12/1/2021
i02367,Eva Martin,Physics,3.8,7/5/2019
i02368,Meera Johnson,Math,5,4/22/2020
i02369,Aarav Wilson,Programming,3.8,10/23/2020
i02370,Arjun Smith,Business,4,4/23/2019
i02371,Emma Verma,Design,3.8,5/25/2021
i02372,Ethan Brown,Math,3.2,7/27/2020
i02373,Amelia Brown,Physics,4.1,9/28/2021
i02374,Benjamin Anderson,Music,3.4,6/5/2020
i02375,Liam Verma,AI,3.3,7/24/2021
i02376,Karan Singh,Programming,3.9,11/15/2018
i02377,Noah Hall,Music,3.6,1/6/2018
i02378,Ethan Brown,Physics,4.9,3/30/2021
i02379,Meera Sharma,Design,4.6,5/12/2021
i02380,Sophia Walker,Design,3.7,11/12/2018
i02381,Isabella Brown,AI,4.8,12/24/2019
i02382,Amelia Patel,Physics,3.3,4/24/2020
i02383,Olivia Davis,Biology,3.1,5/13/2019
i02384,Eva Davis,Programming,4.4,11/18/2019
i02385,Benjamin Martin,Physics,3.3,8/15/2019
i02386,Ethan Martin,Biology,3.1,4/14/2021
i02387,Benjamin Brown,AI,3.1,5/27/2018
i02388,Mia Singh,Design,4.7,2/28/2019
i02389,Ethan Wilson,History,4.5,6/3/2019
i02390,Noah Anderson,Math,4.6,5/24/2018
i02391,Ethan Sharma,Design,4.9,12/23/2020
i02392,Amelia Singh,Music,3.9,10/10/2018
i02393,Noah Hall,Data Science,3.6,1/29/2020
i02394,Noah Clark,Math,5,5/16/2020
i02395,Eva Davis,Music,3.1,8/11/2021
i02396,Lucas Wilson,Biology,4.9,12/24/2021
i02397,Liam Davis,Data Science,4.2,3/16/2021
i02398,Noah Singh,Business,3.9,7/14/2020
i02399,Olivia Johnson,Physics,4.3,10/4/2019
i02400,Sophia Lewis,Business,4.2,7/23/2020
i02401,Noah Anderson,AI,4.2,7/22/2020
i02402,Lucas Brown,Physics,4.5,9/20/2020
i02403,Eva Sharma,Data Science,3.5,12/6/2019
i02404,Aanya Lewis,Data Science,4.6,4/12/2018
i02405,Aarav Sharma,Physics,4.9,3/30/2021
i02406,Ethan Moore,Biology,4,1/22/2018
i02407,Liam Hall,Music,4.9,11/9/2019
i02408,Zara Martin,Design,4.6,2/15/2019
i02409,Lucas Clark,Biology,4.5,10/11/2021
i02410,Noah Anderson,Programming,3.1,7/20/2020
i02411,Benjamin Brown,Programming,4.1,1/2/2018
i02412,Meera Brown,Data Science,3.8,8/18/2019
i02413,Ethan Thomas,History,4.5,4/2/2021
i02414,Zara Thomas,History,3.3,10/8/2019
i02415,Arjun Patel,Data Science,3.2,7/31/2018
i02416,Aanya Miller,Music,4.1,12/22/2020
i02417,Sophia Moore,Business,3.1,8/23/2018
i02418,Isabella Lewis,History,3.5,12/6/2018
i02419,Sophia Thomas,Math,3.5,10/6/2020
i02420,Vihaan Lewis,Biology,4.9,2/10/2018
i02421,Liam Hall,Programming,4.4,7/6/2021
i02422,Karan Verma,Music,3.2,7/2/2021
i02423,Noah Lee,AI,4.8,12/18/2019
i02424,Sophia Moore,Biology,3.7,1/17/2018
i02425,Isabella Taylor,AI,4.4,12/8/2020
i02426,Riya Moore,Data Science,4.5,7/14/2021
i02427,Aanya Patel,Business,5,9/15/2020
i02428,Riya Clark,Math,4.9,10/31/2021
i02429,Meera Davis,Data Science,4.3,10/7/2021
i02430,Zara Brown,Physics,5,9/6/2018
i02431,Karan Johnson,Programming,3.3,6/25/2020
i02432,Meera Clark,Data Science,4.4,2/2/2018
i02433,Liam Smith,AI,3.3,9/19/2018
i02434,Aarav Anderson,Music,3.8,10/15/2019
i02435,Vihaan Smith,Programming,5,6/19/2019
i02436,Zara Miller,Data Science,3.6,4/14/2020
i02437,Liam Martin,Music,3.9,5/10/2020
i02438,Aanya Singh,Physics,4.4,3/11/2018
i02439,Karan Brown,Math,4.8,12/22/2020
i02440,Aarav Martin,Business,4.1,3/24/2018
i02441,Riya Clark,Programming,3.2,2/19/2019
i02442,Aarav Wilson,Music,4.7,1/26/2020
i02443,Karan Walker,Business,3.6,5/4/2018
i02444,Noah Lee,AI,3.1,7/21/2021
i02445,Lucas Davis,Programming,4.3,1/8/2019
i02446,Arjun Davis,Data Science,4.2,3/7/2019
i02447,Noah Lee,History,4.6,10/15/2020
i02448,Aarav Miller,Data Science,3.7,9/18/2020
i02449,Liam Moore,Data Science,4.5,8/30/2020
i02450,Lucas Smith,Biology,4.4,3/10/2019
i02451,Benjamin Taylor,Physics,3.1,6/24/2020
i02452,Liam Johnson,AI,3.3,6/14/2019
i02453,Meera Miller,Biology,3.6,7/4/2018
i02454,Vihaan Singh,Design,3.2,1/22/2018
i02455,Aarav Johnson,Physics,4.6,7/15/2018
i02456,Liam Brown,Business,4.6,1/10/2020
i02457,Zara Clark,AI,4.9,3/25/2020
i02458,Amelia Thomas,Biology,4.4,7/25/2018
i02459,Mia Clark,Data Science,4.9,6/18/2020
i02460,Sophia Wilson,Biology,4,1/5/2019
i02461,Liam Anderson,Biology,3.9,3/9/2019
i02462,Lucas Lewis,Math,4.5,10/25/2020
i02463,Sophia Hall,Programming,5,8/1/2018
i02464,Arjun Moore,Data Science,3.9,9/21/2019
i02465,Ethan Lewis,Business,4,9/1/2018
i02466,Zara Hall,Data Science,3.7,9/27/2019
i02467,Arjun Hall,Biology,4.7,12/18/2021
i02468,Meera Lewis,Music,3,4/20/2020
i02469,Eva Verma,Data Science,3.7,12/21/2018
i02470,Arjun Clark,Physics,4.4,6/21/2021
i02471,Karan Walker,Physics,4.7,4/9/2021
i02472,Ethan Singh,Biology,4.2,1/1/2021
i02473,Isabella Verma,Math,4.6,2/14/2019
i02474,Sophia Anderson,Design,4,1/31/2018
i02475,Olivia Patel,Physics,4.9,9/30/2018
i02476,Noah Clark,Design,4.6,11/15/2020
i02477,Zara Brown,Design,5,1/9/2021
i02478,Liam Davis,Music,3.4,3/15/2019
i02479,Arjun Patel,Math,4.8,8/16/2018
i02480,Eva Smith,Math,5,10/5/2020
i02481,Olivia Lewis,Programming,3.3,4/30/2019
i02482,Emma Miller,Business,4.8,11/3/2021
i02483,Ethan Anderson,Physics,4.3,5/3/2020
i02484,Aanya Sharma,History,3.4,9/9/2020
i02485,Karan Wilson,History,4.3,3/2/2019
i02486,Meera Sharma,Design,3.3,1/23/2018
i02487,Sophia Wilson,Biology,4.3,3/6/2018
i02488,Olivia Brown,History,4,5/3/2019
i02489,Vihaan Verma,Business,4.6,3/3/2020
i02490,Sophia Moore,Music,3.3,11/23/2018
i02491,Ethan Wilson,Data Science,3.1,7/22/2019
i02492,Arjun Thomas,Design,3.9,5/10/2019
i02493,Emma Miller,Design,3.4,9/13/2019
i02494,Lucas Thomas,History,3.1,4/17/2019
i02495,Arjun Martin,AI,4.3,5/20/2019
i02496,Benjamin Clark,Music,4.9,4/23/2020
i02497,Eva Walker,History,4.3,8/9/2019
i02498,Isabella Lee,Math,4.4,6/4/2018
i02499,Riya Verma,Biology,3.3,11/17/2020
i02500,Mia Miller,Programming,4.4,7/6/2019
i02501,Karan Singh,AI,3.9,7/22/2021
i02502,Isabella Lee,Business,3.7,1/15/2020
i02503,Isabella Verma,Music,3.2,6/6/2018
i02504,Liam Sharma,Math,4.3,3/12/2021
i02505,Liam Lee,Business,4.4,1/3/2018
i02506,Amelia Smith,Math,3.1,8/5/2018
i02507,Noah Smith,AI,4.5,5/23/2018
i02508,Isabella Lewis,Data Science,4.9,4/13/2019
i02509,Noah Smith,Data Science,3.5,4/2/2020
i02510,Noah Patel,Physics,3.6,8/4/2020
i02511,Riya Martin,AI,5,3/2/2021
i02512,Sophia Anderson,History,4.6,3/23/2019
i02513,Meera Moore,Data Science,4.8,9/10/2019
i02514,Karan Taylor,AI,4.9,7/7/2021
i02515,Karan Wilson,Music,3.8,7/3/2018
i02516,Zara Martin,Biology,4.4,5/17/2019
i02517,Sophia Sharma,Music,4,12/19/2019
i02518,Ethan Taylor,AI,3.2,5/29/2020
i02519,Ethan Lewis,Physics,3.5,9/19/2019
i02520,Karan Moore,Design,3.6,3/21/2021
i02521,Lucas Thomas,Math,4.8,5/10/2021
i02522,Sophia Lee,Programming,3.2,2/11/2019
i02523,Amelia Lewis,Math,3.5,5/17/2018
i02524,Karan Anderson,Programming,4.7,5/10/2018
i02525,Mia Lewis,Programming,3,4/18/2018
i02526,Meera Clark,History,4.9,12/23/2020
i02527,Noah Johnson,Biology,3.1,9/8/2019
i02528,Aarav Anderson,Design,3.6,10/12/2018
i02529,Eva Hall,Biology,3.6,12/8/2020
i02530,Sophia Smith,History,4.2,1/1/2019
i02531,Riya Thomas,Data Science,4.8,7/18/2021
i02532,Karan Moore,Math,4.9,3/11/2021
i02533,Zara Patel,Design,3.1,7/14/2018
i02534,Eva Thomas,History,3.3,2/27/2019
i02535,Emma Smith,Physics,4.1,8/10/2021
i02536,Amelia Smith,Physics,4.7,3/19/2020
i02537,Karan Lewis,Programming,3.7,4/2/2020
i02538,Amelia Miller,Music,4.7,1/26/2018
i02539,Benjamin Hall,Math,4.7,12/21/2021
i02540,Aarav Smith,Biology,3.1,11/26/2019
i02541,Liam Martin,Music,3.8,2/16/2019
i02542,Benjamin Davis,Biology,4.8,5/26/2019
i02543,Sophia Taylor,Data Science,4,12/29/2020
i02544,Aarav Walker,Music,3.7,4/22/2021
i02545,Lucas Martin,Business,4.7,11/1/2019
i02546,Lucas Sharma,Data Science,3.9,7/1/2018
i02547,Lucas Moore,Music,4.4,10/17/2021
i02548,Karan Sharma,AI,4.4,11/12/2018
i02549,Riya Sharma,Math,4.9,5/23/2018
i02550,Noah Wilson,Data Science,4.1,5/9/2018
i02551,Mia Davis,Physics,4.3,12/18/2021
i02552,Noah Sharma,Business,3.2,7/8/2020
i02553,Olivia Taylor,Physics,4.7,9/21/2020
i02554,Karan Hall,Design,4,8/26/2021
i02555,Riya Davis,Math,3.8,3/2/2021
i02556,Arjun Taylor,Data Science,3.7,4/1/2020
i02557,Aarav Clark,Math,4.3,6/21/2019
i02558,Ethan Wilson,Design,4,7/15/2021
i02559,Isabella Taylor,AI,3.7,5/14/2021
i02560,Amelia Patel,History,4.5,9/29/2020
i02561,Isabella Wilson,Math,4.9,10/4/2019
i02562,Liam Clark,AI,3.6,11/19/2020
i02563,Eva Walker,History,4.7,8/7/2019
i02564,Lucas Davis,Physics,4.5,1/12/2018
i02565,Ethan Wilson,Music,4.6,10/30/2019
i02566,Zara Walker,History,4.7,12/11/2019
i02567,Karan Lewis,AI,4.6,10/21/2021
i02568,Meera Wilson,AI,4.4,12/5/2018
i02569,Mia Davis,Music,3.9,11/11/2019
i02570,Riya Wilson,AI,4.4,12/17/2018
i02571,Ethan Walker,Physics,4.4,4/30/2019
i02572,Amelia Sharma,Design,3.7,10/2/2018
i02573,Mia Lee,Data Science,4.3,5/26/2019
i02574,Zara Walker,History,4.2,9/18/2018
i02575,Meera Singh,Biology,3.8,4/3/2021
i02576,Liam Brown,AI,4.3,12/3/2018
i02577,Lucas Smith,Programming,3.6,5/8/2020
i02578,Mia Patel,Programming,4.9,4/12/2019
i02579,Riya Patel,Math,4.2,9/29/2021
i02580,Sophia Hall,AI,3.7,8/16/2021
i02581,Mia Patel,Data Science,4,10/17/2018
i02582,Karan Davis,Math,4.7,10/7/2018
i02583,Karan Verma,Physics,4.3,4/1/2019
i02584,Lucas Moore,Programming,3.7,9/26/2021
i02585,Olivia Sharma,Programming,4.8,9/2/2020
i02586,Karan Sharma,Programming,3.4,8/5/2018
i02587,Arjun Walker,Programming,4.8,6/7/2019
i02588,Sophia Singh,Biology,3.1,9/13/2019
i02589,Riya Moore,AI,4,6/23/2021
i02590,Benjamin Taylor,Math,4.4,1/24/2018
i02591,Sophia Lewis,Design,4.1,10/23/2019
i02592,Meera Patel,AI,3.2,11/2/2018
i02593,Meera Lewis,History,4,4/1/2019
i02594,Benjamin Clark,Biology,3.8,2/15/2018
i02595,Meera Brown,Data Science,4.1,10/9/2019
i02596,Emma Martin,Design,4.4,10/28/2020
i02597,Zara Smith,Math,4.8,3/3/2021
i02598,Meera Lee,Physics,4.6,4/4/2020
i02599,Aanya Lee,Programming,4.8,9/21/2018
i02600,Olivia Lewis,Data Science,4,5/22/2021
i02601,Olivia Lewis,History,3.3,4/1/2020
i02602,Eva Moore,Physics,3.9,1/8/2021
i02603,Olivia Sharma,History,4.4,4/3/2021
i02604,Amelia Walker,Business,3.5,6/4/2021
i02605,Mia Verma,Math,3.4,2/6/2020
i02606,Noah Smith,AI,4.8,6/1/2018
i02607,Sophia Miller,AI,4.5,5/9/2019
i02608,Zara Verma,Physics,3.7,11/27/2018
i02609,Benjamin Walker,Business,4.2,9/8/2020
i02610,Vihaan Brown,Programming,3.6,12/26/2019
i02611,Lucas Moore,Data Science,4.1,5/29/2020
i02612,Eva Hall,History,4.8,2/6/2019
i02613,Karan Taylor,Biology,4.5,1/28/2018
i02614,Noah Singh,Design,4.1,11/20/2020
i02615,Riya Brown,Physics,4.4,8/2/2021
i02616,Noah Hall,Biology,4.9,8/22/2021
i02617,Zara Sharma,Design,3.8,10/19/2018
i02618,Ethan Thomas,Physics,4.9,10/14/2019
i02619,Karan Miller,Business,3.2,4/27/2020
i02620,Zara Hall,History,3.8,8/19/2018
i02621,Sophia Singh,Music,4.1,4/5/2021
i02622,Vihaan Sharma,Music,3.6,5/28/2021
i02623,Meera Anderson,Design,4.3,10/10/2020
i02624,Arjun Sharma,Music,4.3,8/18/2020
i02625,Riya Patel,Biology,3.2,6/1/2021
i02626,Karan Lee,Programming,4.4,10/26/2018
i02627,Eva Thomas,Data Science,3,9/23/2018
i02628,Riya Brown,Math,4,12/24/2021
i02629,Zara Anderson,Data Science,4.3,1/14/2019
i02630,Benjamin Smith,Math,3.7,8/13/2020
i02631,Arjun Hall,Math,4.5,12/22/2019
i02632,Zara Singh,Business,4,11/25/2020
i02633,Mia Singh,Design,4.9,7/30/2019
i02634,Ethan Anderson,Music,4.9,2/20/2021
i02635,Sophia Anderson,Math,3.1,12/21/2018
i02636,Sophia Smith,Biology,4.6,1/11/2018
i02637,Eva Johnson,Business,4.7,10/5/2019
i02638,Olivia Smith,Biology,4,5/3/2018
i02639,Riya Smith,Music,4.6,9/19/2021
i02640,Ethan Sharma,History,4.4,11/20/2021
i02641,Benjamin Smith,AI,3.1,1/31/2020
i02642,Aanya Johnson,Math,4.9,7/27/2019
i02643,Aarav Davis,History,4.5,9/11/2021
i02644,Mia Taylor,Physics,4.6,6/14/2018
i02645,Isabella Walker,History,3.9,2/8/2020
i02646,Aanya Brown,Math,3.7,12/1/2021
i02647,Eva Miller,History,4.8,2/5/2021
i02648,Riya Smith,Design,3.6,7/15/2019
i02649,Emma Hall,Physics,3.7,1/17/2019
i02650,Aarav Hall,Music,3.5,8/28/2019
i02651,Meera Verma,Music,3.3,4/20/2021
i02652,Liam Verma,Music,3.1,7/29/2021
i02653,Karan Verma,Music,3.8,4/22/2018
i02654,Benjamin Moore,Biology,3.8,1/13/2019
i02655,Karan Lewis,Design,3.8,9/20/2019
i02656,Aanya Verma,Business,3.8,5/1/2018
i02657,Liam Anderson,Design,4.4,5/31/2018
i02658,Vihaan Thomas,Music,3.2,9/8/2019
i02659,Liam Clark,Business,4.8,11/17/2021
i02660,Emma Hall,Business,4.9,7/6/2018
i02661,Aarav Davis,Programming,4.4,6/20/2021
i02662,Olivia Taylor,Physics,3.8,2/15/2018
i02663,Riya Lewis,Design,3.3,1/16/2020
i02664,Karan Walker,Business,3.4,5/25/2021
i02665,Aarav Patel,Programming,4,2/17/2020
i02666,Amelia Lewis,Biology,3.4,11/7/2021
i02667,Isabella Davis,Biology,3.8,1/17/2021
i02668,Liam Moore,Physics,4,1/10/2020
i02669,Zara Martin,Math,4.1,7/1/2020
i02670,Liam Smith,Programming,4.7,10/12/2021
i02671,Benjamin Davis,Music,3.7,12/26/2018
i02672,Lucas Miller,Biology,4.6,3/30/2020
i02673,Amelia Moore,AI,4,8/7/2021
i02674,Amelia Verma,History,3.7,3/20/2020
i02675,Meera Clark,Music,3.1,12/20/2020
i02676,Arjun Singh,Data Science,4.6,6/14/2021
i02677,Mia Lewis,Design,3.5,1/16/2020
i02678,Olivia Miller,History,3.1,3/22/2019
i02679,Amelia Patel,Math,4.5,8/9/2019
i02680,Vihaan Wilson,Physics,4.8,7/24/2019
i02681,Vihaan Walker,History,3.8,8/10/2018
i02682,Mia Davis,Data Science,4.1,5/5/2020
i02683,Benjamin Walker,Biology,3.6,12/13/2019
i02684,Benjamin Walker,Design,3.6,2/25/2018
i02685,Emma Davis,Design,4.4,1/14/2021
i02686,Emma Patel,History,4.4,12/29/2018
i02687,Isabella Thomas,Physics,3.7,9/26/2021
i02688,Emma Taylor,Biology,4.7,11/13/2021
i02689,Amelia Sharma,Math,3.7,8/18/2021
i02690,Isabella Taylor,History,4.6,4/3/2018
i02691,Benjamin Brown,Biology,3.6,1/6/2020
i02692,Karan Thomas,Physics,5,3/24/2020
i02693,Noah Lee,History,4.9,9/19/2020
i02694,Amelia Clark,Music,4.8,9/24/2019
i02695,Vihaan Moore,Biology,3.7,2/12/2020
i02696,Sophia Wilson,Programming,4,5/30/2018
i02697,Amelia Miller,Data Science,3.7,6/22/2020
i02698,Eva Lee,Math,3.6,11/30/2020
i02699,Meera Lee,Business,4.5,5/23/2018
i02700,Ethan Wilson,AI,4.6,2/29/2020
i02701,Mia Clark,Math,3.5,10/26/2019
i02702,Sophia Lee,History,4,2/11/2019
i02703,Arjun Johnson,Design,4.7,7/17/2021
i02704,Meera Lewis,Business,3.3,1/25/2018
i02705,Mia Singh,Data Science,4.9,3/8/2018
i02706,Aarav Johnson,Music,4.4,8/1/2020
i02707,Eva Johnson,Physics,3,10/9/2020
i02708,Benjamin Clark,Design,4.6,10/6/2019
i02709,Ethan Hall,Programming,4.5,3/30/2021
i02710,Lucas Lewis,Data Science,4.4,8/25/2020
i02711,Eva Clark,Data Science,3.6,9/27/2019
i02712,Emma Johnson,Business,3.1,9/4/2020
i02713,Olivia Wilson,Physics,4.6,4/24/2021
i02714,Eva Singh,Data Science,4.8,5/29/2020
i02715,Olivia Moore,Programming,3.9,10/13/2021
i02716,Benjamin Singh,AI,4.6,1/22/2019
i02717,Sophia Taylor,Data Science,3.1,5/15/2019
i02718,Lucas Brown,Math,4.5,3/15/2018
i02719,Amelia Thomas,Business,3.3,1/25/2021
i02720,Benjamin Lewis,History,4.3,12/20/2021
i02721,Aarav Thomas,Design,3.6,11/18/2019
i02722,Olivia Sharma,Physics,3.9,7/2/2021
i02723,Zara Davis,Physics,4,9/24/2018
i02724,Ethan Taylor,Data Science,4.4,8/12/2021
i02725,Emma Singh,Data Science,4.5,12/30/2019
i02726,Aarav Wilson,Math,3.5,9/19/2019
i02727,Amelia Verma,Math,4.8,5/28/2021
i02728,Emma Lee,Biology,3.6,3/30/2019
i02729,Arjun Sharma,Music,3.7,11/4/2018
i02730,Aanya Clark,Design,4.2,5/16/2021
i02731,Arjun Sharma,Biology,3.6,7/6/2021
i02732,Noah Brown,AI,3.2,7/12/2021
i02733,Sophia Anderson,Physics,3.7,6/30/2019
i02734,Emma Hall,AI,4.5,1/26/2021
i02735,Sophia Singh,Design,3.2,10/10/2021
i02736,Aanya Brown,Biology,3.2,2/2/2020
i02737,Amelia Moore,Business,4,12/4/2020
i02738,Meera Wilson,Programming,3.2,12/23/2020
i02739,Amelia Clark,AI,3.6,1/14/2019
i02740,Liam Davis,Programming,3.3,6/5/2018
i02741,Olivia Singh,Programming,4.3,10/26/2018
i02742,Lucas Sharma,Data Science,3.5,3/1/2018
i02743,Vihaan Martin,Design,4,2/9/2019
i02744,Aanya Miller,Physics,3.6,7/29/2019
i02745,Mia Patel,Music,4.8,1/7/2020
i02746,Eva Smith,AI,4,6/6/2021
i02747,Mia Moore,Physics,3.7,11/21/2019
i02748,Emma Martin,Biology,3,12/20/2019
i02749,Aarav Singh,Business,3.3,6/21/2020
i02750,Lucas Anderson,History,4.3,10/7/2021
i02751,Benjamin Lee,Programming,3.2,1/30/2021
i02752,Emma Singh,Biology,3.4,6/18/2019
i02753,Eva Clark,Data Science,4.7,10/13/2020
i02754,Karan Verma,Biology,4.1,1/3/2019
i02755,Eva Sharma,Data Science,3,12/14/2018
i02756,Vihaan Anderson,Math,4.3,9/3/2020
i02757,Noah Thomas,Math,4.6,12/20/2019
i02758,Amelia Smith,Data Science,3.3,11/20/2021
i02759,Mia Anderson,Data Science,3.5,4/29/2018
i02760,Aarav Verma,Math,3.7,4/17/2018
i02761,Isabella Lewis,Music,3.7,11/27/2019
i02762,Benjamin Verma,Biology,3.4,10/29/2019
i02763,Riya Verma,Biology,4.6,3/4/2019
i02764,Aarav Lee,Business,3.2,3/5/2020
i02765,Meera Davis,History,3.3,6/26/2018
i02766,Arjun Miller,Biology,3.3,3/25/2020
i02767,Liam Hall,Biology,3.1,11/1/2019
i02768,Lucas Walker,History,4.2,1/5/2018
i02769,Ethan Lee,History,4.5,7/5/2021
i02770,Eva Sharma,Business,4,10/1/2018
i02771,Emma Clark,Physics,3.1,3/8/2021
i02772,Aanya Johnson,Biology,4.3,3/7/2021
i02773,Olivia Taylor,Programming,3,12/23/2018
i02774,Ethan Davis,Business,4.4,2/1/2018
i02775,Aarav Johnson,AI,4.2,9/29/2018
i02776,Aarav Lee,History,4.6,7/17/2021
i02777,Isabella Davis,AI,3.4,10/8/2021
i02778,Zara Hall,Biology,4.4,5/15/2019
i02779,Vihaan Martin,Math,3.7,12/31/2018
i02780,Benjamin Davis,Programming,4.6,7/4/2021
i02781,Aarav Martin,Data Science,4.7,3/23/2018
i02782,Aanya Patel,AI,4.2,5/28/2019
i02783,Eva Brown,Music,4.1,7/7/2020
i02784,Noah Moore,Data Science,4.5,9/5/2021
i02785,Liam Martin,Math,3.2,1/7/2018
i02786,Vihaan Wilson,Data Science,4.7,9/30/2018
i02787,Noah Verma,Biology,4.4,8/31/2020
i02788,Olivia Taylor,Music,4.2,11/9/2020
i02789,Ethan Patel,History,4,12/2/2021
i02790,Benjamin Martin,Design,4.2,3/25/2021
i02791,Karan Wilson,Biology,3.2,10/1/2019
i02792,Arjun Davis,Business,4.9,8/28/2020
i02793,Karan Taylor,Business,3.7,10/1/2018
i02794,Zara Martin,AI,3.1,9/11/2018
i02795,Emma Clark,Physics,4.6,6/15/2020
i02796,Lucas Verma,Physics,4,6/1/2021
i02797,Lucas Sharma,Music,3.4,7/25/2019
i02798,Sophia Miller,Programming,3.9,6/30/2018
i02799,Isabella Taylor,Physics,3.8,10/4/2018
i02800,Meera Miller,History,4.4,1/6/2019
i02801,Benjamin Wilson,Math,4,4/29/2021
i02802,Arjun Smith,Data Science,4,2/15/2020
i02803,Benjamin Thomas,History,3.9,3/18/2021
i02804,Olivia Hall,Programming,4.1,2/4/2018
i02805,Riya Moore,Math,3.1,1/26/2021
i02806,Amelia Wilson,Music,4.2,2/17/2019
i02807,Meera Anderson,Biology,4.8,9/21/2018
i02808,Liam Lewis,Business,4.9,11/23/2020
i02809,Aanya Moore,Math,4.9,6/3/2020
i02810,Aanya Anderson,Physics,3,4/10/2018
i02811,Mia Hall,Business,4.2,8/13/2018
i02812,Ethan Taylor,Business,4.2,9/15/2020
i02813,Zara Moore,AI,4.2,10/31/2019
i02814,Aanya Lee,History,3.1,3/23/2018
i02815,Sophia Lee,Business,5,7/31/2021
i02816,Karan Thomas,Data Science,5,11/20/2021
i02817,Sophia Lee,Math,3.8,8/24/2020
i02818,Lucas Thomas,Physics,4.1,5/1/2019
i02819,Olivia Martin,Design,4,4/18/2021
i02820,Arjun Davis,Math,4.4,1/10/2019
i02821,Eva Clark,Biology,3.1,3/2/2019
i02822,Emma Davis,Music,3.1,3/30/2020
i02823,Zara Taylor,AI,4,10/17/2020
i02824,Benjamin Sharma,Music,4.3,3/12/2021
i02825,Karan Clark,History,3.4,11/17/2021
i02826,Zara Wilson,Biology,3.8,3/18/2019
i02827,Sophia Verma,Programming,3.8,1/15/2019
i02828,Aarav Lee,Physics,3.2,12/16/2020
i02829,Benjamin Johnson,Physics,4.8,4/28/2020
i02830,Aarav Sharma,Math,4.4,9/12/2018
i02831,Benjamin Martin,Programming,4.3,8/5/2019
i02832,Mia Moore,Physics,3.5,5/2/2019
i02833,Riya Anderson,AI,4.2,10/1/2018
i02834,Vihaan Walker,Programming,3.8,6/6/2021
i02835,Emma Brown,Biology,3.7,3/29/2021
i02836,Lucas Walker,Design,3.4,10/27/2020
i02837,Isabella Sharma,Design,4.7,7/10/2021
i02838,Riya Davis,Math,3.1,6/29/2021
i02839,Aanya Martin,Programming,4.7,8/3/2020
i02840,Sophia Patel,History,4.9,2/9/2021
i02841,Isabella Lee,Physics,3.6,5/28/2020
i02842,Mia Taylor,Data Science,3.8,12/25/2020
i02843,Meera Verma,Data Science,3.9,2/18/2021
i02844,Lucas Taylor,Business,3.5,8/13/2021
i02845,Amelia Anderson,Physics,3.1,10/13/2020
i02846,Aarav Brown,Data Science,4.4,9/20/2019
i02847,Mia Miller,History,3.9,9/7/2020
i02848,Sophia Thomas,Business,4.4,1/26/2019
i02849,Aanya Martin,History,3.6,5/18/2021
i02850,Aanya Sharma,Programming,5,8/15/2018
i02851,Aarav Lewis,Math,3,5/18/2021
i02852,Isabella Miller,Math,3.3,4/24/2018
i02853,Vihaan Taylor,Business,3,9/7/2018
i02854,Amelia Clark,Business,4.5,2/4/2021
i02855,Amelia Patel,Math,4.6,9/19/2021
i02856,Arjun Lee,AI,4.1,4/27/2018
i02857,Sophia Clark,Data Science,3.2,6/4/2018
i02858,Ethan Brown,Biology,4.5,10/3/2020
i02859,Vihaan Verma,Design,3.5,9/23/2021
i02860,Liam Sharma,Physics,3.7,5/8/2020
i02861,Karan Sharma,Music,3,12/7/2018
i02862,Isabella Hall,History,4.3,7/27/2019
i02863,Mia Taylor,Biology,4.3,5/10/2020
i02864,Arjun Walker,Music,4.5,5/27/2020
i02865,Eva Martin,Biology,4.1,11/10/2020
i02866,Lucas Moore,Business,5,1/15/2019
i02867,Aarav Walker,AI,4.8,8/28/2019
i02868,Aarav Lee,Music,5,10/16/2020
i02869,Aarav Sharma,Music,4.2,10/2/2018
i02870,Karan Lewis,Programming,3.4,1/2/2018
i02871,Mia Walker,Business,4,11/24/2020
i02872,Lucas Anderson,Business,3.8,3/14/2021
i02873,Eva Taylor,Business,3.2,8/19/2021
i02874,Mia Hall,Music,3.7,1/21/2019
i02875,Amelia Davis,AI,3.1,12/23/2020
i02876,Vihaan Singh,History,4.2,9/9/2018
i02877,Vihaan Martin,Music,3.2,9/14/2018
i02878,Noah Hall,AI,4,5/2/2021
i02879,Benjamin Moore,Math,4.8,10/25/2020
i02880,Aarav Sharma,Biology,3.4,12/2/2021
i02881,Lucas Verma,Physics,4,4/20/2020
i02882,Ethan Clark,Music,4.1,8/25/2019
i02883,Liam Miller,Music,3.3,10/29/2018
i02884,Lucas Thomas,Biology,3.8,2/11/2021
i02885,Eva Wilson,Biology,3.7,9/13/2018
i02886,Karan Sharma,Physics,3.8,12/18/2018
i02887,Aanya Brown,AI,3,2/19/2019
i02888,Sophia Lewis,Math,4.5,5/9/2020
i02889,Karan Martin,History,3.8,9/22/2019
i02890,Eva Johnson,Business,4.9,7/28/2019
i02891,Riya Walker,Design,3.8,2/7/2018
i02892,Lucas Miller,Business,3.2,7/1/2020
i02893,Benjamin Miller,Programming,3.2,12/15/2019
i02894,Aarav Verma,Physics,5,7/31/2020
i02895,Eva Clark,Physics,4.9,1/19/2020
i02896,Zara Lee,Business,4.4,7/13/2018
i02897,Ethan Walker,Biology,4.5,3/31/2018
i02898,Emma Davis,Data Science,3.1,9/27/2020
i02899,Mia Thomas,History,3.6,7/28/2019
i02900,Olivia Davis,Biology,3.6,4/11/2021
i02901,Eva Sharma,Data Science,3,11/28/2021
i02902,Emma Miller,Programming,3.3,10/22/2020
i02903,Emma Wilson,AI,4,6/16/2019
i02904,Karan Miller,Biology,4.1,12/6/2019
i02905,Olivia Davis,Design,4.5,3/13/2021
i02906,Vihaan Brown,Physics,3.2,12/4/2019
i02907,Mia Anderson,Design,4.8,2/29/2020
i02908,Amelia Brown,History,3.9,12/10/2018
i02909,Aarav Lewis,AI,4.4,7/14/2018
i02910,Ethan Lewis,Biology,4.6,8/14/2021
i02911,Liam Martin,Physics,3.3,6/27/2020
i02912,Aarav Anderson,Music,3.4,11/17/2019
i02913,Riya Patel,History,3.4,10/2/2018
i02914,Riya Lewis,Math,4.8,8/19/2018
i02915,Arjun Smith,Physics,4.3,11/18/2021
i02916,Vihaan Miller,Data Science,3.4,10/28/2019
i02917,Meera Verma,History,4.4,4/30/2018
i02918,Benjamin Singh,Programming,3.4,4/14/2019
i02919,Aarav Thomas,Music,4.9,4/15/2020
i02920,Liam Smith,Music,4.1,3/26/2018
i02921,Aarav Wilson,Programming,3.3,5/14/2020
i02922,Benjamin Taylor,History,4.3,10/9/2019
i02923,Aanya Walker,Physics,4.8,7/16/2021
i02924,Aanya Moore,Business,3.9,10/24/2020
i02925,Ethan Miller,Math,3.6,7/18/2018
i02926,Aanya Anderson,History,4.3,11/18/2021
i02927,Emma Brown,AI,4.8,3/2/2020
i02928,Ethan Clark,Business,4.4,5/20/2020
i02929,Ethan Anderson,Biology,4.8,11/16/2020
i02930,Zara Anderson,AI,3.5,8/3/2021
i02931,Zara Verma,Biology,4.3,7/11/2018
i02932,Aarav Wilson,History,3.6,9/3/2020
i02933,Emma Wilson,Business,3.9,5/17/2021
i02934,Liam Martin,Design,4,1/9/2018
i02935,Mia Patel,History,3.2,11/11/2018
i02936,Olivia Verma,Math,3.2,8/17/2018
i02937,Noah Lewis,Physics,3.5,8/13/2021
i02938,Lucas Anderson,Data Science,3.3,3/3/2018
i02939,Vihaan Walker,Music,4.3,2/15/2019
i02940,Meera Hall,Design,4.7,8/16/2021
i02941,Sophia Walker,Business,4.2,1/1/2020
i02942,Arjun Thomas,AI,3.6,12/18/2019
i02943,Olivia Singh,Programming,3,2/8/2020
i02944,Sophia Anderson,Design,3.1,4/19/2021
i02945,Ethan Sharma,Design,3.6,1/19/2021
i02946,Aarav Johnson,History,3.1,5/28/2020
i02947,Karan Sharma,History,4.6,9/14/2020
i02948,Aarav Brown,History,4.5,9/6/2021
i02949,Ethan Wilson,Data Science,4.1,7/21/2019
i02950,Isabella Miller,History,3.4,11/28/2018
i02951,Arjun Taylor,Music,3,3/4/2021
i02952,Ethan Brown,Music,3.1,7/30/2018
i02953,Ethan Verma,Math,4.7,2/10/2020
i02954,Aanya Clark,Business,3,1/20/2021
i02955,Karan Moore,History,5,10/10/2019
i02956,Aarav Verma,Biology,4.6,4/7/2021
i02957,Olivia Brown,Music,5,12/25/2019
i02958,Emma Hall,AI,3.6,9/3/2019
i02959,Karan Walker,Design,4.9,9/1/2021
i02960,Riya Singh,Data Science,4.9,6/2/2020
i02961,Meera Sharma,History,3.4,9/2/2019
i02962,Vihaan Wilson,Business,3.1,10/30/2018
i02963,Amelia Thomas,AI,3.6,1/2/2018
i02964,Karan Taylor,Math,3.4,10/29/2021
i02965,Ethan Moore,Programming,4.8,1/16/2018
i02966,Karan Brown,Math,4.4,11/12/2019
i02967,Aarav Moore,Programming,4.8,11/27/2020
i02968,Vihaan Hall,Data Science,4.1,4/2/2018
i02969,Vihaan Wilson,Music,3.5,8/14/2021
i02970,Emma Lee,Data Science,3.8,2/6/2019
i02971,Emma Brown,Music,4.5,1/25/2020
i02972,Mia Patel,Programming,3.7,8/13/2020
i02973,Isabella Miller,Design,4.8,9/27/2021
i02974,Sophia Lee,Design,3.4,12/10/2020
i02975,Emma Singh,Design,4.1,5/11/2021
i02976,Aanya Anderson,Business,4.2,12/12/2020
i02977,Arjun Patel,AI,4.5,10/20/2019
i02978,Ethan Walker,History,4.6,1/7/2019
i02979,Amelia Brown,Programming,3.2,12/15/2018
i02980,Mia Moore,Data Science,4.1,2/7/2021
i02981,Riya Singh,Data Science,4.7,3/1/2019
i02982,Lucas Patel,AI,4.3,1/15/2019
i02983,Eva Walker,Biology,4.2,7/12/2020
i02984,Mia Verma,Music,4.1,2/2/2020
i02985,Liam Singh,Physics,4.2,5/16/2018
i02986,Riya Johnson,Music,3.4,10/20/2018
i02987,Emma Miller,History,3.8,12/3/2020
i02988,Ethan Anderson,Data Science,4.6,3/14/2020
i02989,Riya Thomas,Music,4.1,2/28/2021
i02990,Liam Sharma,AI,3.4,4/6/2021
i02991,Vihaan Lee,History,4.6,6/25/2019
i02992,Emma Taylor,AI,3.1,8/10/2021
i02993,Riya Miller,Music,3.8,12/3/2019
i02994,Lucas Thomas,History,4.1,8/7/2021
i02995,Eva Walker,Design,4.4,5/12/2020
i02996,Emma Moore,AI,3.7,11/11/2019
i02997,Liam Hall,Data Science,4.4,12/19/2018
i02998,Aarav Davis,Biology,4.2,9/19/2021
i02999,Eva Wilson,AI,4.8,3/6/2018
i03000,Amelia Sharma,History,3.7,7/8/2018
i03001,Meera Verma,Math,3.4,7/6/2018
i03002,Meera Taylor,History,4.8,8/5/2020
i03003,Ethan Singh,History,4,11/2/2021
i03004,Mia Davis,Physics,3.6,12/26/2018
i03005,Vihaan Walker,Physics,3.3,7/30/2021
i03006,Karan Hall,Business,3,1/19/2019
i03007,Mia Lee,Biology,3.4,12/12/2019
i03008,Aarav Lewis,Math,4,3/25/2021
i03009,Mia Lee,Math,4.3,4/19/2019
i03010,Arjun Brown,Programming,4,8/6/2021
i03011,Sophia Miller,Business,4.2,8/6/2018
i03012,Meera Martin,AI,4.5,8/7/2021
i03013,Olivia Clark,AI,3.2,3/7/2021
i03014,Liam Anderson,Math,3.2,11/11/2019
i03015,Zara Hall,AI,4.4,5/11/2019
i03016,Noah Lee,Biology,4.4,8/10/2018
i03017,Mia Brown,Biology,3.8,4/28/2020
i03018,Ethan Moore,AI,4.1,6/30/2021
i03019,Sophia Miller,Data Science,4.2,5/12/2020
i03020,Riya Davis,AI,3.4,10/7/2019
i03021,Karan Taylor,AI,3,6/14/2020
i03022,Ethan Lewis,Design,3.8,1/7/2021
i03023,Amelia Clark,Biology,3.5,1/13/2019
i03024,Noah Miller,Music,3.9,9/1/2021
i03025,Mia Miller,Math,3.1,10/19/2020
i03026,Riya Moore,Business,3.8,3/19/2018
i03027,Sophia Smith,Business,3.3,1/15/2019
i03028,Olivia Miller,History,3.1,3/24/2021
i03029,Eva Clark,Design,3.7,8/28/2021
i03030,Sophia Patel,Business,3.3,5/31/2020
i03031,Ethan Patel,Math,4.6,2/5/2020
i03032,Ethan Smith,Music,4.6,11/24/2021
i03033,Meera Lewis,Programming,4.5,11/27/2018
i03034,Arjun Lewis,AI,3,7/2/2021
i03035,Olivia Sharma,Music,4.9,3/1/2018
i03036,Zara Brown,Physics,4.4,3/28/2018
i03037,Noah Walker,Math,3.8,7/18/2018
i03038,Meera Smith,Music,3.6,12/18/2021
i03039,Emma Lewis,Physics,3,3/2/2019
i03040,Isabella Lee,History,3.7,9/8/2018
i03041,Sophia Sharma,Physics,3.5,3/1/2018
i03042,Liam Wilson,Physics,3.4,4/16/2021
i03043,Aanya Wilson,Math,4.6,1/17/2019
i03044,Emma Martin,Physics,4.8,11/6/2019
i03045,Vihaan Verma,Math,3.7,8/7/2021
i03046,Zara Sharma,Programming,3.9,8/15/2019
i03047,Mia Moore,Physics,3.4,9/27/2018
i03048,Olivia Smith,Data Science,3.9,6/18/2018
i03049,Ethan Wilson,Math,3.7,1/4/2020
i03050,Aarav Lewis,Business,4.1,4/30/2019
i03051,Meera Verma,Biology,4,1/30/2021
i03052,Karan Smith,Physics,4.4,1/21/2019
i03053,Arjun Smith,Programming,3,2/21/2018
i03054,Aanya Martin,Math,4.5,7/30/2019
i03055,Riya Patel,Music,4,7/15/2018
i03056,Olivia Lee,Math,3.7,8/11/2021
i03057,Sophia Patel,Business,4,11/10/2020
i03058,Noah Brown,Data Science,4.2,10/17/2020
i03059,Meera Sharma,Programming,5,9/30/2019
i03060,Sophia Anderson,Biology,4.8,7/16/2018
i03061,Mia Davis,Physics,4.3,12/17/2019
i03062,Benjamin Lewis,Physics,3.3,4/1/2019
i03063,Aanya Patel,Business,3.4,10/12/2021
i03064,Liam Moore,Biology,4.7,1/7/2020
i03065,Emma Clark,AI,4.2,2/7/2020
i03066,Mia Thomas,Data Science,3.9,6/25/2021
i03067,Isabella Lee,AI,3.2,7/14/2020
i03068,Benjamin Lewis,Math,3.6,7/7/2020
i03069,Lucas Lee,Biology,4.4,5/25/2019
i03070,Ethan Anderson,Programming,4.7,9/16/2019
i03071,Mia Anderson,Programming,3.5,6/2/2020
i03072,Meera Thomas,Physics,4.1,8/22/2018
i03073,Lucas Martin,Physics,4.9,1/15/2019
i03074,Mia Johnson,Programming,4.1,9/12/2018
i03075,Meera Martin,Biology,3.8,12/30/2020
i03076,Isabella Anderson,Music,4.5,2/17/2019
i03077,Meera Taylor,Biology,4.9,5/29/2021
i03078,Noah Smith,AI,4.7,3/22/2019
i03079,Arjun Thomas,Physics,3.5,7/4/2018
i03080,Ethan Lewis,AI,4.5,2/9/2018
i03081,Karan Smith,History,5,7/27/2018
i03082,Ethan Martin,Biology,4.2,7/27/2020
i03083,Benjamin Verma,Programming,3.4,7/22/2021
i03084,Riya Walker,Physics,4.3,5/24/2019
i03085,Vihaan Walker,Biology,4.9,3/23/2020
i03086,Sophia Thomas,Data Science,4.9,2/17/2018
i03087,Noah Patel,Physics,3.8,1/2/2018
i03088,Emma Lewis,Data Science,3.1,5/23/2019
i03089,Emma Miller,Design,4.8,12/19/2020
i03090,Benjamin Walker,Data Science,3.8,2/3/2018
i03091,Meera Patel,Programming,3.8,4/28/2021
i03092,Isabella Singh,History,5,2/25/2020
i03093,Aarav Patel,Math,3.9,11/25/2021
i03094,Noah Sharma,Business,3.5,4/2/2021
i03095,Mia Verma,Programming,3.6,12/14/2020
i03096,Liam Sharma,AI,4.9,5/19/2018
i03097,Liam Hall,AI,4.1,5/7/2018
i03098,Sophia Singh,AI,4.5,7/17/2019
i03099,Emma Taylor,Music,3.7,8/8/2019
i03100,Zara Patel,Design,4.2,7/8/2020
i03101,Sophia Walker,History,4.4,3/10/2020
i03102,Riya Clark,Biology,3.7,5/20/2019
i03103,Aanya Miller,Business,3,4/28/2021
i03104,Sophia Brown,Data Science,3.1,5/31/2020
i03105,Ethan Singh,Programming,3,9/16/2021
i03106,Noah Singh,Business,3.8,12/4/2018
i03107,Benjamin Anderson,Biology,4.6,8/30/2021
i03108,Liam Singh,Biology,3.3,1/26/2021
i03109,Amelia Walker,Math,3.5,9/17/2019
i03110,Eva Singh,Math,4.3,1/30/2018
i03111,Meera Taylor,Music,3.6,6/29/2021
i03112,Amelia Anderson,History,4.5,7/31/2019
i03113,Riya Hall,Math,4.4,12/7/2020
i03114,Riya Verma,Programming,4.4,11/20/2020
i03115,Karan Davis,Programming,3.1,10/10/2021
i03116,Noah Sharma,AI,3.4,9/29/2020
i03117,Mia Moore,Physics,4.5,9/27/2019
i03118,Karan Walker,Math,4.6,3/16/2021
i03119,Meera Verma,Programming,4.1,5/2/2020
i03120,Lucas Sharma,Business,4.6,4/4/2020
i03121,Sophia Johnson,Business,4.8,4/17/2018
i03122,Vihaan Anderson,History,4.5,10/10/2019
i03123,Lucas Lewis,Design,4.5,12/30/2020
i03124,Isabella Singh,Biology,4.9,5/29/2019
i03125,Isabella Miller,History,3.5,5/16/2021
i03126,Aanya Davis,Biology,3.4,1/7/2019
i03127,Vihaan Patel,Math,3.1,4/24/2021
i03128,Zara Smith,Programming,3.5,6/5/2021
i03129,Eva Johnson,Biology,4.7,5/2/2021
i03130,Meera Miller,Business,4.3,9/20/2021
i03131,Karan Wilson,Biology,3.1,10/14/2021
i03132,Sophia Patel,Data Science,3.5,8/16/2018
i03133,Liam Davis,History,3.2,12/5/2021
i03134,Aanya Sharma,Physics,4.5,9/2/2019
i03135,Zara Clark,Biology,4.7,2/17/2020
i03136,Aarav Wilson,Design,4,2/5/2020
i03137,Liam Brown,Biology,4.7,6/15/2020
i03138,Noah Miller,AI,4.7,7/29/2020
i03139,Meera Patel,Data Science,4.8,12/18/2021
i03140,Aarav Miller,Design,4.7,12/10/2021
i03141,Isabella Martin,Design,4.2,3/23/2019
i03142,Liam Brown,AI,4.9,10/26/2021
i03143,Lucas Taylor,Music,3.1,4/13/2018
i03144,Arjun Singh,Business,3.6,6/11/2018
i03145,Aarav Smith,Biology,3.4,6/6/2021
i03146,Eva Clark,History,5,8/16/2018
i03147,Arjun Singh,Biology,3.6,11/19/2021
i03148,Riya Singh,Design,3.7,10/16/2018
i03149,Meera Johnson,AI,3.4,6/25/2020
i03150,Isabella Verma,History,4.2,1/5/2020
i03151,Aanya Anderson,Physics,4.8,10/18/2019
i03152,Emma Lee,Biology,3.6,5/27/2020
i03153,Vihaan Johnson,Physics,4,4/9/2019
i03154,Aanya Walker,Music,3,5/12/2019
i03155,Sophia Patel,Design,3.3,9/5/2020
i03156,Sophia Thomas,Math,3.9,10/28/2021
i03157,Emma Thomas,History,3.2,8/15/2021
i03158,Benjamin Clark,History,3.5,3/13/2020
i03159,Arjun Singh,Business,3.4,11/22/2021
i03160,Benjamin Walker,Business,4.8,12/8/2021
i03161,Arjun Miller,Business,4.2,10/4/2020
i03162,Riya Martin,Math,3.5,9/18/2020
i03163,Eva Smith,Design,4.9,10/23/2019
i03164,Liam Sharma,Physics,4.4,10/14/2020
i03165,Zara Lee,Physics,3.9,5/6/2018
i03166,Olivia Moore,Biology,4.2,10/27/2019
i03167,Ethan Lewis,Math,3.3,3/30/2020
i03168,Mia Lee,Programming,3,5/16/2018
i03169,Vihaan Taylor,Physics,3.5,10/4/2021
i03170,Benjamin Thomas,Physics,3.6,8/1/2020
i03171,Lucas Moore,Biology,3.7,7/30/2018
i03172,Aarav Verma,Biology,4.5,5/15/2020
i03173,Eva Patel,Biology,3.2,11/21/2019
i03174,Noah Walker,Business,4.9,12/11/2021
i03175,Arjun Walker,Physics,3.5,10/17/2020
i03176,Ethan Verma,Math,3.7,11/22/2020
i03177,Aarav Sharma,History,3.9,9/14/2019
i03178,Ethan Patel,Biology,3.7,6/2/2020
i03179,Arjun Martin,Programming,4.9,12/14/2019
i03180,Isabella Anderson,Physics,4.8,8/15/2020
i03181,Sophia Singh,Data Science,3.3,4/26/2020
i03182,Noah Patel,History,3.8,11/1/2020
i03183,Benjamin Johnson,Physics,3.8,10/27/2019
i03184,Eva Anderson,Biology,4.7,9/3/2020
i03185,Karan Moore,Programming,3.5,9/9/2018
i03186,Aarav Martin,Design,3.1,10/19/2019
i03187,Eva Sharma,Music,5,9/4/2021
i03188,Aanya Moore,History,4.8,7/16/2021
i03189,Isabella Hall,Design,3.5,11/12/2020
i03190,Mia Wilson,Math,4.8,9/18/2018
i03191,Sophia Verma,Data Science,4.1,9/27/2019
i03192,Lucas Lee,Design,3.4,5/15/2019
i03193,Arjun Martin,Programming,4.3,9/26/2020
i03194,Benjamin Lewis,Music,3.3,8/27/2021
i03195,Karan Taylor,Design,3.5,4/8/2019
i03196,Meera Lee,Biology,4.7,2/14/2020
i03197,Lucas Sharma,Physics,4.1,10/31/2019
i03198,Isabella Davis,Physics,3.8,6/15/2019
i03199,Riya Martin,Physics,4.6,1/4/2018
i03200,Eva Clark,Biology,3.1,7/31/2021
i03201,Liam Patel,Design,4.5,8/4/2020
i03202,Eva Hall,Programming,4.1,7/5/2019
i03203,Aarav Moore,Physics,3,8/1/2019
i03204,Liam Taylor,Design,4,8/7/2019
i03205,Benjamin Martin,Business,3.6,9/3/2019
i03206,Amelia Taylor,Design,4.1,2/17/2020
i03207,Ethan Patel,AI,4.9,5/23/2018
i03208,Mia Thomas,Physics,4.5,11/6/2018
i03209,Ethan Brown,Business,4.9,4/22/2020
i03210,Aanya Hall,Programming,4.1,7/29/2019
i03211,Zara Clark,Music,3.2,10/14/2020
i03212,Riya Sharma,Design,4.3,4/16/2018
i03213,Riya Thomas,Data Science,4.2,5/6/2018
i03214,Liam Martin,Programming,4.1,5/22/2018
i03215,Noah Taylor,Math,4.9,10/18/2020
i03216,Olivia Lewis,Physics,3.4,7/10/2021
i03217,Sophia Miller,Data Science,3,4/5/2019
i03218,Mia Martin,AI,4.7,8/28/2018
i03219,Eva Hall,Biology,4.1,7/5/2021
i03220,Karan Davis,Math,3.3,7/27/2019
i03221,Zara Lewis,Data Science,3.8,2/24/2020
i03222,Ethan Miller,Biology,4.4,2/9/2019
i03223,Isabella Martin,History,3.3,1/1/2020
i03224,Vihaan Walker,Business,3.5,8/10/2020
i03225,Olivia Walker,History,4.4,7/10/2018
i03226,Mia Davis,Design,3.4,7/2/2019
i03227,Aarav Brown,Design,4.8,7/15/2019
i03228,Olivia Anderson,Data Science,4.3,3/14/2020
i03229,Mia Walker,History,4.6,2/4/2021
i03230,Eva Walker,AI,3.7,10/19/2020
i03231,Noah Johnson,Data Science,3.8,3/13/2021
i03232,Meera Singh,Design,3.2,10/13/2019
i03233,Eva Verma,Math,4.4,5/24/2018
i03234,Riya Johnson,History,3.8,7/10/2021
i03235,Riya Smith,Programming,3,10/29/2021
i03236,Eva Verma,History,4.1,3/18/2020
i03237,Riya Hall,History,4.1,9/5/2018
i03238,Ethan Hall,Physics,3.5,11/30/2019
i03239,Isabella Brown,AI,4.4,9/6/2018
i03240,Noah Patel,Music,4.4,2/4/2018
i03241,Isabella Taylor,Programming,4.9,5/12/2020
i03242,Amelia Walker,History,3,10/25/2020
i03243,Sophia Smith,Math,3,3/28/2020
i03244,Karan Miller,Data Science,4.9,12/2/2019
i03245,Noah Lee,AI,4,12/28/2021
i03246,Karan Patel,Business,4.1,4/18/2018
i03247,Lucas Verma,Physics,3.3,5/17/2020
i03248,Olivia Taylor,Data Science,3.4,11/21/2021
i03249,Olivia Walker,History,3.3,10/3/2018
i03250,Noah Patel,Business,3.1,12/5/2019
i03251,Meera Wilson,AI,3.7,9/3/2020
i03252,Eva Miller,Biology,4.4,1/30/2020
i03253,Riya Taylor,Programming,3.5,7/25/2018
i03254,Noah Davis,Data Science,3.4,10/4/2021
i03255,Karan Davis,AI,4.3,3/18/2021
i03256,Meera Lee,Physics,3.4,1/28/2018
i03257,Olivia Hall,Biology,4.5,3/24/2019
i03258,Benjamin Miller,Data Science,3,5/6/2019
i03259,Riya Davis,Biology,3.5,10/29/2020
i03260,Karan Walker,Biology,3.3,8/21/2018
i03261,Karan Brown,Business,4.8,1/12/2018
i03262,Amelia Anderson,Design,3.9,3/20/2021
i03263,Vihaan Thomas,Design,4.8,5/27/2019
i03264,Sophia Miller,History,3.6,11/27/2019
i03265,Zara Moore,Business,4.5,9/28/2018
i03266,Arjun Lewis,Data Science,4.9,4/18/2021
i03267,Liam Brown,Business,3.8,5/21/2021
i03268,Noah Lewis,History,4.7,9/15/2020
i03269,Meera Smith,Physics,3.5,12/31/2019
i03270,Aanya Miller,Programming,4.2,12/10/2021
i03271,Riya Lewis,Programming,3.4,2/23/2019
i03272,Olivia Hall,Programming,4.1,7/16/2018
i03273,Noah Taylor,History,3.8,9/30/2020
i03274,Amelia Lewis,Physics,4.7,7/11/2018
i03275,Noah Miller,History,4,3/21/2021
i03276,Liam Patel,Data Science,4.1,7/18/2020
i03277,Amelia Smith,Data Science,3.8,7/1/2021
i03278,Zara Clark,Math,3.1,3/16/2021
i03279,Aanya Walker,Math,3.3,1/6/2021
i03280,Noah Thomas,History,3.2,6/21/2018
i03281,Benjamin Moore,Business,4.8,8/31/2019
i03282,Aarav Martin,Data Science,3.8,5/30/2018
i03283,Aarav Walker,Music,4,12/14/2021
i03284,Aanya Wilson,Biology,4.2,8/12/2019
i03285,Meera Lee,Design,4.6,10/1/2020
i03286,Olivia Anderson,Design,4,11/24/2018
i03287,Meera Patel,Programming,4.1,10/13/2021
i03288,Arjun Wilson,AI,4.2,5/23/2019
i03289,Meera Walker,Data Science,4.1,2/4/2018
i03290,Mia Anderson,Business,4.4,1/29/2019
i03291,Lucas Thomas,Physics,3.9,6/12/2019
i03292,Emma Lee,Music,4.4,1/11/2021
i03293,Amelia Smith,AI,3.9,4/19/2021
i03294,Mia Sharma,History,3.6,5/22/2020
i03295,Sophia Lewis,Programming,3.7,9/4/2018
i03296,Aanya Johnson,Physics,3.4,5/22/2020
i03297,Riya Wilson,Physics,4.9,12/13/2021
i03298,Zara Walker,Biology,3.8,4/16/2020
i03299,Ethan Singh,Biology,4.7,8/12/2021
i03300,Emma Singh,Data Science,3.9,3/2/2021
i03301,Sophia Brown,Music,3.9,12/25/2021
i03302,Olivia Singh,Design,3,11/6/2020
i03303,Amelia Patel,Physics,3.3,11/19/2021
i03304,Riya Singh,Business,3.2,3/6/2019
i03305,Aarav Miller,Data Science,4.1,6/25/2018
i03306,Ethan Brown,Programming,3.9,1/10/2021
i03307,Vihaan Patel,Biology,3.7,2/16/2018
i03308,Eva Sharma,Data Science,3.2,11/12/2018
i03309,Ethan Taylor,Physics,3.5,6/28/2020
i03310,Sophia Singh,Math,4.8,4/15/2019
i03311,Olivia Taylor,Design,3.3,2/25/2020
i03312,Meera Moore,Math,3.5,1/9/2021
i03313,Aarav Anderson,Programming,4.3,5/6/2020
i03314,Zara Patel,Business,3.9,6/29/2020
i03315,Olivia Davis,AI,3.3,7/30/2018
i03316,Karan Moore,AI,4.2,7/29/2018
i03317,Noah Johnson,Design,4,8/11/2018
i03318,Emma Smith,Design,3.2,1/16/2019
i03319,Noah Patel,Business,4.6,7/2/2018
i03320,Riya Martin,Business,4.9,12/26/2021
i03321,Isabella Wilson,Programming,4.9,5/13/2020
i03322,Benjamin Martin,Programming,5,6/23/2020
i03323,Meera Moore,Biology,3.8,10/14/2020
i03324,Isabella Smith,Music,3.2,5/23/2018
i03325,Eva Hall,Programming,3.8,1/9/2020
i03326,Amelia Lee,Math,4.9,6/16/2021
i03327,Meera Anderson,Data Science,3.9,10/18/2018
i03328,Zara Miller,Business,3.3,10/15/2020
i03329,Aarav Johnson,Math,4.4,3/24/2018
i03330,Riya Thomas,Design,4.7,7/8/2019
i03331,Noah Lee,AI,3.8,8/1/2019
i03332,Karan Clark,Physics,3.9,5/24/2018
i03333,Liam Smith,Programming,3.6,6/13/2018
i03334,Lucas Clark,Music,4.5,11/26/2018
i03335,Amelia Martin,Biology,4.5,11/8/2019
i03336,Mia Brown,Design,4.6,12/1/2020
i03337,Noah Davis,AI,4.7,1/16/2018
i03338,Benjamin Verma,Design,3.3,11/25/2020
i03339,Aanya Singh,Biology,3.7,12/2/2018
i03340,Vihaan Hall,Data Science,3.9,4/21/2020
i03341,Arjun Davis,Music,3.7,6/3/2018
i03342,Isabella Brown,Business,3.8,3/24/2021
i03343,Ethan Wilson,Data Science,3.2,5/15/2019
i03344,Emma Wilson,Music,4.3,3/11/2019
i03345,Isabella Wilson,Programming,3.5,9/12/2020
i03346,Riya Taylor,Biology,3.1,10/29/2020
i03347,Ethan Anderson,Physics,3.1,6/20/2020
i03348,Karan Wilson,Physics,3.6,9/15/2021
i03349,Ethan Singh,Business,4.7,2/11/2021
i03350,Isabella Brown,Math,3.6,5/1/2019
i03351,Amelia Miller,Music,3.8,6/11/2020
i03352,Aanya Lewis,Biology,4.6,2/1/2018
i03353,Eva Taylor,Music,4.5,11/7/2021
i03354,Arjun Anderson,Design,3.9,10/27/2021
i03355,Vihaan Verma,Music,3.2,5/28/2019
i03356,Ethan Brown,Business,3.8,6/24/2019
i03357,Olivia Sharma,Biology,3.8,9/29/2021
i03358,Mia Sharma,History,4.1,5/10/2018
i03359,Amelia Clark,Math,3.4,4/8/2019
i03360,Arjun Anderson,Biology,3,7/19/2018
i03361,Noah Singh,AI,3.4,6/23/2018
i03362,Eva Hall,Programming,3.7,4/22/2018
i03363,Olivia Brown,Data Science,4.7,3/22/2018
i03364,Olivia Davis,Design,4.6,1/11/2021
i03365,Ethan Walker,Data Science,3.6,7/17/2021
i03366,Zara Davis,Physics,3.6,7/16/2018
i03367,Olivia Brown,Math,3.2,4/20/2020
i03368,Amelia Taylor,Physics,3.3,7/23/2021
i03369,Riya Hall,Design,4.4,5/9/2018
i03370,Amelia Anderson,Physics,4,3/26/2021
i03371,Mia Martin,Programming,3.9,1/19/2019
i03372,Noah Clark,Math,3.5,2/15/2021
i03373,Emma Wilson,Music,4.1,11/25/2019
i03374,Isabella Smith,Programming,3.8,7/4/2021
i03375,Benjamin Anderson,Programming,3.7,2/16/2021
i03376,Riya Thomas,Programming,3.7,1/10/2019
i03377,Mia Moore,Physics,4.2,2/24/2019
i03378,Aarav Wilson,History,3.8,6/5/2020
i03379,Ethan Hall,Music,4.2,12/17/2020
i03380,Isabella Walker,Physics,3.4,3/10/2021
i03381,Amelia Singh,History,3.9,2/23/2019
i03382,Sophia Thomas,Music,3.3,8/15/2018
i03383,Lucas Smith,Programming,4.5,8/21/2020
i03384,Karan Wilson,AI,4.7,11/9/2018
i03385,Amelia Hall,Design,3.8,8/21/2019
i03386,Amelia Lee,Biology,4.3,3/2/2021
i03387,Ethan Singh,AI,3.4,7/7/2020
i03388,Isabella Singh,AI,4.6,4/15/2021
i03389,Benjamin Hall,Design,4.3,7/23/2018
i03390,Mia Singh,Programming,4.1,1/9/2021
i03391,Vihaan Taylor,AI,3.7,2/23/2021
i03392,Noah Patel,AI,4.5,6/13/2018
i03393,Zara Taylor,Music,3.8,7/21/2021
i03394,Noah Walker,Math,4.4,6/28/2018
i03395,Vihaan Verma,Programming,4.7,7/3/2020
i03396,Liam Thomas,Music,4.2,7/31/2020
i03397,Riya Patel,Biology,5,1/25/2019
i03398,Ethan Moore,Physics,3.5,8/4/2021
i03399,Arjun Brown,Math,3.8,11/10/2021
i03400,Karan Smith,Biology,3.4,12/23/2020
i03401,Lucas Wilson,AI,3.3,4/17/2019
i03402,Vihaan Verma,Design,3.4,11/17/2020
i03403,Vihaan Patel,Design,4,11/4/2021
i03404,Aarav Johnson,Physics,3.3,6/30/2019
i03405,Aarav Walker,History,4,9/18/2019
i03406,Mia Hall,Design,3.8,8/3/2020
i03407,Karan Miller,Math,3,1/10/2020
i03408,Noah Singh,AI,3.6,1/1/2018
i03409,Aanya Miller,Math,4.9,4/29/2020
i03410,Zara Anderson,Music,4.8,10/14/2018
i03411,Liam Taylor,Physics,4.9,3/26/2021
i03412,Lucas Clark,Design,4.4,8/13/2018
i03413,Amelia Taylor,Biology,4.8,8/15/2018
i03414,Lucas Singh,Programming,3.9,9/1/2020
i03415,Eva Wilson,Data Science,3.3,6/12/2020
i03416,Zara Anderson,Biology,3.1,11/26/2019
i03417,Meera Taylor,Programming,3.5,7/23/2018
i03418,Riya Wilson,Biology,4.8,6/18/2020
i03419,Isabella Singh,Business,3.7,2/21/2021
i03420,Olivia Sharma,Programming,3.3,3/26/2021
i03421,Ethan Moore,Music,4.2,5/12/2019
i03422,Arjun Moore,Math,3,4/8/2021
i03423,Eva Hall,Physics,4.1,8/27/2019
i03424,Noah Singh,Music,3.1,5/6/2018
i03425,Lucas Sharma,AI,3.1,6/3/2021
i03426,Isabella Miller,Design,4.5,5/30/2018
i03427,Vihaan Davis,Math,3.7,8/15/2020
i03428,Mia Anderson,Physics,4.1,7/26/2020
i03429,Meera Walker,Programming,3.6,4/17/2018
i03430,Sophia Wilson,Biology,3.9,6/20/2021
i03431,Zara Martin,History,4.9,9/22/2019
i03432,Aarav Hall,Physics,4.9,1/7/2018
i03433,Vihaan Miller,Biology,3.8,1/20/2020
i03434,Aarav Walker,History,4.6,9/27/2021
i03435,Isabella Singh,Math,4.3,12/20/2019
i03436,Eva Clark,Biology,3.9,1/7/2021
i03437,Aanya Thomas,Design,3.1,6/2/2021
i03438,Meera Patel,History,3.2,8/24/2018
i03439,Aanya Johnson,Physics,3.5,12/11/2020
i03440,Mia Moore,History,5,6/3/2018
i03441,Olivia Singh,Physics,4.6,7/9/2019
i03442,Aarav Anderson,Physics,3.3,6/22/2019
i03443,Olivia Moore,History,4.8,4/25/2020
i03444,Liam Smith,AI,4.2,5/5/2019
i03445,Mia Miller,History,3.3,11/1/2020
i03446,Amelia Brown,History,3.1,5/24/2020
i03447,Karan Johnson,Music,3.7,3/12/2018
i03448,Ethan Verma,Data Science,4.9,12/20/2019
i03449,Olivia Brown,History,3.7,6/16/2021
i03450,Isabella Hall,Math,3.3,1/9/2018
i03451,Vihaan Singh,Math,4.6,11/29/2021
i03452,Mia Sharma,Physics,3.4,7/31/2018
i03453,Aarav Brown,Programming,3.3,2/9/2019
i03454,Aanya Hall,Music,3.1,2/9/2020
i03455,Aanya Walker,Design,3,5/21/2019
i03456,Vihaan Davis,Design,4.6,5/25/2019
i03457,Meera Patel,AI,3.9,2/4/2021
i03458,Benjamin Wilson,Data Science,4.3,2/10/2020
i03459,Lucas Miller,Design,3.4,6/28/2019
i03460,Emma Johnson,Business,4.5,10/5/2021
i03461,Olivia Martin,Data Science,4.6,5/26/2018
i03462,Benjamin Martin,Data Science,4,10/5/2021
i03463,Meera Patel,Business,4.1,4/5/2018
i03464,Benjamin Singh,Data Science,3.4,7/29/2020
i03465,Karan Singh,Programming,5,5/13/2020
i03466,Meera Moore,Data Science,4.7,1/20/2021
i03467,Zara Lee,Data Science,3.7,11/4/2020
i03468,Isabella Brown,Data Science,5,10/10/2018
i03469,Isabella Verma,Music,4.5,12/27/2021
i03470,Olivia Brown,Data Science,3.3,4/29/2019
i03471,Karan Hall,Business,3.7,1/25/2021
i03472,Karan Walker,AI,4.7,2/25/2018
i03473,Liam Hall,Design,3.5,11/10/2018
i03474,Lucas Lewis,AI,3.6,10/30/2018
i03475,Olivia Anderson,Design,4.4,12/31/2018
i03476,Emma Wilson,Math,4.8,2/13/2020
i03477,Ethan Clark,Physics,4.8,1/16/2019
i03478,Sophia Patel,History,3.9,9/30/2021
i03479,Riya Brown,Music,3.2,2/3/2018
i03480,Ethan Miller,Programming,3.6,1/22/2021
i03481,Olivia Miller,Music,4.8,2/15/2018
i03482,Karan Davis,AI,4,11/9/2018
i03483,Lucas Patel,Data Science,4.3,8/2/2019
i03484,Mia Martin,AI,3,5/18/2021
i03485,Sophia Davis,Music,3.2,12/27/2018
i03486,Benjamin Lee,Business,4.7,1/26/2020
i03487,Aanya Walker,AI,3.5,7/14/2021
i03488,Vihaan Patel,AI,4.1,3/27/2020
i03489,Olivia Moore,Design,4.9,3/1/2021
i03490,Benjamin Sharma,Programming,3.6,8/30/2018
i03491,Isabella Lewis,Math,3.1,9/25/2018
i03492,Aanya Brown,History,3.7,6/8/2021
i03493,Sophia Lee,Music,4.3,9/11/2020
i03494,Aarav Thomas,Music,3.5,2/8/2019
i03495,Riya Davis,Design,4.9,5/17/2018
i03496,Mia Martin,Physics,4.6,10/17/2019
i03497,Isabella Thomas,Biology,3.1,4/23/2021
i03498,Zara Moore,AI,4.9,4/1/2019
i03499,Emma Smith,Design,4.1,11/10/2021
i03500,Vihaan Lee,Programming,4.4,1/25/2018
i03501,Olivia Verma,Data Science,3.5,2/14/2018
i03502,Lucas Anderson,Physics,4.5,9/6/2018
i03503,Noah Smith,History,3.3,3/25/2018
i03504,Vihaan Verma,Business,3.8,8/14/2021
i03505,Liam Singh,Physics,3.7,2/16/2021
i03506,Amelia Walker,AI,3.2,8/23/2018
i03507,Lucas Sharma,Business,4.5,9/20/2018
i03508,Aarav Brown,Data Science,4.7,7/1/2019
i03509,Emma Hall,Biology,3.1,3/30/2020
i03510,Mia Wilson,Physics,3.6,12/13/2020
i03511,Karan Lee,AI,3.3,10/9/2018
i03512,Lucas Thomas,History,3.6,1/3/2018
i03513,Lucas Smith,Programming,4,12/5/2020
i03514,Mia Hall,Music,4.5,5/14/2018
i03515,Olivia Miller,History,3.5,9/9/2019
i03516,Lucas Singh,AI,3.1,3/30/2019
i03517,Amelia Miller,Programming,3.8,1/31/2018
i03518,Ethan Wilson,Programming,4.7,9/17/2019
i03519,Olivia Lewis,Business,3.1,9/1/2021
i03520,Aarav Johnson,Physics,3.9,1/21/2018
i03521,Emma Brown,Data Science,3,9/12/2021
i03522,Aarav Thomas,Math,4.3,10/13/2021
i03523,Liam Anderson,Design,4,3/13/2019
i03524,Meera Moore,Programming,4.6,10/12/2020
i03525,Emma Verma,Physics,4.2,11/5/2021
i03526,Vihaan Smith,AI,4.9,2/27/2019
i03527,Isabella Patel,Biology,4.3,6/8/2018
i03528,Aarav Miller,Business,4.6,11/22/2020
i03529,Lucas Brown,Data Science,4.7,11/2/2020
i03530,Emma Taylor,AI,5,9/12/2019
i03531,Zara Taylor,AI,3.1,1/23/2019
i03532,Eva Moore,Design,3.5,12/12/2021
i03533,Meera Wilson,Biology,3.1,2/6/2019
i03534,Liam Walker,Music,4.1,2/1/2020
i03535,Lucas Singh,Biology,3.3,11/23/2021
i03536,Riya Walker,AI,4.8,10/31/2021
i03537,Amelia Clark,Data Science,3.7,8/8/2021
i03538,Amelia Taylor,Programming,5,5/6/2021
i03539,Meera Lee,AI,3.8,2/21/2020
i03540,Emma Clark,Data Science,5,2/27/2021
i03541,Riya Davis,AI,3,11/29/2018
i03542,Eva Moore,Design,4.8,1/22/2018
i03543,Meera Patel,Data Science,3.6,3/8/2020
i03544,Emma Taylor,Programming,4.6,5/4/2019
i03545,Mia Verma,Math,4.9,12/7/2018
i03546,Eva Martin,Music,4.8,2/14/2019
i03547,Emma Sharma,Design,3.6,8/5/2018
i03548,Ethan Hall,Math,3.4,10/28/2019
i03549,Aarav Taylor,Math,4.1,11/3/2018
i03550,Noah Smith,Business,3.4,11/19/2018
i03551,Liam Martin,Data Science,4.7,2/15/2021
i03552,Noah Wilson,Design,4.3,4/2/2019
i03553,Mia Johnson,Biology,3.5,11/10/2021
i03554,Lucas Patel,Programming,3.2,9/21/2020
i03555,Amelia Lee,Data Science,4.9,3/4/2020
i03556,Vihaan Patel,Design,3.4,9/26/2021
i03557,Ethan Verma,Physics,3.8,4/19/2021
i03558,Zara Lee,Music,3.7,7/17/2021
i03559,Sophia Lewis,Business,3.3,12/11/2019
i03560,Meera Martin,Math,3.1,11/2/2020
i03561,Sophia Lee,Design,4,8/25/2020
i03562,Zara Taylor,Data Science,4.2,8/21/2021
i03563,Lucas Patel,Data Science,4.3,10/6/2021
i03564,Meera Johnson,History,4.8,12/4/2021
i03565,Isabella Smith,Business,4,7/23/2019
i03566,Aanya Taylor,Business,4.7,1/27/2020
i03567,Vihaan Davis,Design,3.9,5/20/2021
i03568,Aanya Lee,Physics,4.9,5/26/2021
i03569,Vihaan Wilson,History,4.9,5/31/2021
i03570,Riya Wilson,AI,3.6,10/9/2021
i03571,Eva Walker,History,4,10/10/2021
i03572,Ethan Lee,History,4,5/8/2019
i03573,Noah Singh,Biology,3.6,1/20/2019
i03574,Emma Clark,History,4.6,12/6/2020
i03575,Isabella Martin,Music,4.3,9/2/2018
i03576,Zara Davis,AI,4.9,8/28/2021
i03577,Vihaan Brown,AI,4,6/17/2020
i03578,Liam Verma,Data Science,4.7,12/28/2020
i03579,Eva Johnson,Math,4.2,2/2/2020
i03580,Karan Verma,History,4.3,6/23/2021
i03581,Amelia Hall,History,4.3,2/3/2018
i03582,Liam Thomas,Math,4.1,3/21/2020
i03583,Karan Brown,Design,3.9,11/26/2021
i03584,Olivia Hall,Business,3.1,6/19/2021
i03585,Arjun Clark,Programming,3.7,1/12/2021
i03586,Karan Johnson,Design,4.2,3/8/2021
i03587,Isabella Johnson,Math,3.8,9/24/2019
i03588,Olivia Hall,Data Science,4.9,6/15/2018
i03589,Olivia Singh,Business,4.7,4/4/2020
i03590,Vihaan Walker,Biology,4.3,3/13/2018
i03591,Eva Singh,Biology,4.8,3/17/2020
i03592,Mia Brown,Business,4.3,4/24/2021
i03593,Benjamin Martin,Design,4.9,8/30/2020
i03594,Mia Martin,Design,4.3,1/19/2019
i03595,Ethan Wilson,History,3.5,5/31/2019
i03596,Olivia Anderson,Music,4.8,1/13/2019
i03597,Isabella Lee,Physics,3,2/7/2021
i03598,Liam Walker,Math,3,12/26/2021
i03599,Karan Patel,Business,4.8,6/27/2021
i03600,Olivia Smith,Biology,3.2,12/18/2020
i03601,Emma Martin,Data Science,3.2,4/18/2019
i03602,Ethan Singh,Physics,4.3,5/30/2018
i03603,Ethan Hall,History,4.2,9/2/2018
i03604,Vihaan Smith,Biology,4.3,11/6/2018
i03605,Ethan Thomas,AI,3.8,10/10/2021
i03606,Ethan Singh,Math,4.3,4/30/2019
i03607,Lucas Thomas,Physics,3.3,1/2/2021
i03608,Isabella Miller,Programming,3.2,2/24/2018
i03609,Vihaan Miller,AI,3.2,5/19/2021
i03610,Sophia Lee,Data Science,4.8,1/16/2019
i03611,Riya Johnson,Physics,4.1,7/7/2018
i03612,Arjun Miller,Design,4.6,2/4/2020
i03613,Olivia Singh,History,4.3,12/3/2020
i03614,Lucas Clark,Data Science,3.9,2/25/2021
i03615,Sophia Patel,Design,4.3,7/28/2020
i03616,Vihaan Verma,Biology,4,11/14/2020
i03617,Emma Taylor,Design,3.4,5/11/2019
i03618,Riya Moore,Music,4.6,8/26/2020
i03619,Vihaan Wilson,History,4.2,7/18/2018
i03620,Isabella Miller,History,4.5,7/9/2021
i03621,Amelia Walker,AI,3.9,9/7/2020
i03622,Karan Lee,History,3.9,9/20/2021
i03623,Liam Patel,Math,3.1,10/16/2020
i03624,Zara Brown,AI,3.7,3/5/2018
i03625,Benjamin Thomas,Programming,4.8,12/21/2020
i03626,Zara Sharma,AI,3.2,7/23/2018
i03627,Arjun Moore,History,4.4,5/12/2018
i03628,Benjamin Brown,AI,3.4,8/20/2021
i03629,Eva Smith,AI,3.2,5/20/2019
i03630,Meera Moore,Music,4.3,4/25/2019
i03631,Karan Wilson,Music,4.5,8/13/2019
i03632,Lucas Lee,Physics,4,3/12/2019
i03633,Meera Anderson,Design,4.8,9/14/2019
i03634,Olivia Brown,Math,4.4,4/9/2019
i03635,Aanya Anderson,Data Science,3.9,4/20/2020
i03636,Arjun Martin,Business,3.2,9/29/2019
i03637,Emma Wilson,Music,4.7,10/24/2021
i03638,Olivia Singh,Data Science,4.7,12/4/2018
i03639,Emma Wilson,Biology,4.5,11/13/2018
i03640,Meera Walker,AI,3.2,12/12/2021
i03641,Vihaan Taylor,Biology,4.3,10/27/2021
i03642,Isabella Davis,Math,3.9,9/3/2021
i03643,Aanya Anderson,Math,3.6,1/20/2021
i03644,Sophia Taylor,Music,3.1,5/10/2018
i03645,Isabella Johnson,Music,3,2/13/2018
i03646,Sophia Anderson,Business,3.9,1/28/2021
i03647,Isabella Sharma,Math,3.4,9/17/2018
i03648,Arjun Lee,History,4.5,10/8/2020
i03649,Karan Moore,AI,3.9,11/14/2021
i03650,Benjamin Lewis,Design,3.4,12/27/2019
i03651,Mia Sharma,Programming,4.4,12/23/2021
i03652,Riya Anderson,Math,4.2,11/20/2021
i03653,Aanya Lewis,AI,3.7,1/15/2018
i03654,Noah Lee,Business,4.4,4/10/2020
i03655,Mia Hall,Design,3.2,10/23/2018
i03656,Benjamin Lewis,Physics,4.5,4/18/2018
i03657,Mia Brown,AI,3.3,8/3/2019
i03658,Arjun Davis,Programming,4.7,12/27/2018
i03659,Arjun Verma,Math,3.9,7/7/2018
i03660,Aanya Hall,Biology,3.4,5/17/2020
i03661,Mia Lewis,Business,3.8,7/11/2018
i03662,Emma Verma,Biology,4.4,3/3/2020
i03663,Aanya Smith,AI,3.8,11/3/2020
i03664,Aanya Lee,Design,3.3,8/20/2018
i03665,Riya Wilson,Music,4.2,8/4/2018
i03666,Arjun Moore,Physics,3.3,9/21/2019
i03667,Sophia Davis,Design,3.3,5/25/2021
i03668,Ethan Brown,Data Science,4.8,1/22/2021
i03669,Vihaan Miller,Programming,3.4,11/29/2020
i03670,Eva Brown,History,3.1,5/3/2019
i03671,Karan Walker,Biology,4.3,8/17/2021
i03672,Mia Walker,Programming,4.2,12/8/2020
i03673,Ethan Davis,Music,3.9,3/13/2018
i03674,Vihaan Hall,Design,3.7,6/6/2018
i03675,Amelia Miller,Music,3.2,11/22/2020
i03676,Karan Clark,Biology,4.4,3/7/2020
i03677,Arjun Sharma,AI,3.4,3/26/2018
i03678,Eva Smith,Data Science,4,1/27/2021
i03679,Liam Smith,Music,4.9,5/25/2020
i03680,Vihaan Miller,History,3.5,6/12/2019
i03681,Amelia Johnson,Biology,3.4,1/11/2021
i03682,Sophia Clark,Design,3.3,7/7/2021
i03683,Benjamin Moore,Math,3,3/25/2019
i03684,Olivia Brown,Programming,4.4,9/18/2018
i03685,Meera Lewis,Data Science,3.7,12/19/2019
i03686,Karan Taylor,Data Science,4.6,4/19/2019
i03687,Arjun Lee,Business,4.2,6/26/2021
i03688,Amelia Lee,Programming,3.5,7/23/2018
i03689,Mia Anderson,Math,3.2,10/29/2018
i03690,Ethan Walker,History,3.3,7/13/2018
i03691,Mia Johnson,Music,3.2,4/22/2021
i03692,Benjamin Anderson,Biology,3.5,1/13/2018
i03693,Vihaan Wilson,Design,4.1,9/25/2018
i03694,Ethan Taylor,Physics,4.5,10/1/2019
i03695,Noah Verma,Programming,4.8,5/28/2021
i03696,Isabella Hall,Music,3.3,1/17/2019
i03697,Ethan Miller,Data Science,3.1,5/3/2020
i03698,Karan Moore,Physics,3,7/24/2018
i03699,Emma Moore,Design,3.9,2/6/2020
i03700,Olivia Moore,Math,3.9,11/3/2019
i03701,Benjamin Taylor,Biology,3.1,10/17/2020
i03702,Riya Walker,AI,3.9,5/11/2020
i03703,Karan Verma,History,3.1,1/12/2018
i03704,Riya Anderson,Physics,3.6,5/15/2018
i03705,Noah Clark,Biology,3.7,3/25/2018
i03706,Zara Davis,AI,4.1,5/29/2018
i03707,Isabella Thomas,Music,4.8,7/12/2021
i03708,Karan Lee,History,4.6,7/23/2021
i03709,Lucas Clark,Design,4.3,3/20/2019
i03710,Vihaan Martin,Music,4.6,1/1/2020
i03711,Amelia Moore,Data Science,4.7,6/14/2019
i03712,Eva Walker,Data Science,4.3,4/3/2018
i03713,Meera Thomas,Programming,3.9,3/5/2021
i03714,Vihaan Anderson,Programming,3.9,6/19/2021
i03715,Sophia Taylor,Math,4.6,6/18/2020
i03716,Noah Smith,Programming,3.6,7/6/2018
i03717,Lucas Patel,Physics,3.9,2/3/2019
i03718,Riya Singh,Physics,4.7,1/18/2020
i03719,Vihaan Miller,Design,4.6,6/23/2019
i03720,Karan Walker,AI,5,9/15/2019
i03721,Meera Sharma,Math,4.6,10/18/2019
i03722,Ethan Smith,Biology,4.2,2/28/2018
i03723,Liam Miller,Music,4.1,7/28/2021
i03724,Noah Sharma,Data Science,4.1,11/19/2019
i03725,Aanya Lewis,Music,3.1,4/27/2021
i03726,Ethan Taylor,Data Science,3.6,11/13/2019
i03727,Emma Taylor,Programming,4.4,6/20/2019
i03728,Aarav Patel,Physics,4.5,8/29/2020
i03729,Arjun Martin,Business,4.3,11/4/2021
i03730,Aanya Wilson,Data Science,4.6,4/18/2019
i03731,Zara Patel,AI,3.2,3/23/2018
i03732,Zara Taylor,Math,3.6,1/28/2020
i03733,Noah Lee,AI,3.5,12/20/2020
i03734,Isabella Singh,AI,4,12/16/2020
i03735,Isabella Brown,Programming,4.5,1/17/2020
i03736,Karan Thomas,History,4.9,1/5/2020
i03737,Aanya Wilson,History,4.2,5/22/2021
i03738,Liam Lee,Biology,3.6,12/30/2018
i03739,Riya Martin,Data Science,4.7,7/18/2019
i03740,Vihaan Walker,Math,4.1,5/16/2021
i03741,Sophia Wilson,Music,4.1,10/18/2020
i03742,Benjamin Moore,History,3.3,12/14/2019
i03743,Aarav Sharma,Physics,4.8,6/23/2018
i03744,Karan Smith,Data Science,3.6,7/17/2021
i03745,Ethan Verma,Programming,3.1,5/10/2021
i03746,Emma Walker,AI,4.5,12/15/2019
i03747,Lucas Davis,Design,4.8,3/6/2021
i03748,Lucas Clark,Music,4.9,4/6/2021
i03749,Arjun Thomas,Design,3.4,11/30/2018
i03750,Arjun Moore,Data Science,3.2,7/10/2018
i03751,Karan Clark,Business,3.4,1/7/2018
i03752,Ethan Sharma,Design,3.8,8/29/2021
i03753,Aarav Brown,Music,3.9,2/23/2021
i03754,Arjun Brown,Business,3.8,8/4/2021
i03755,Ethan Taylor,Programming,3.8,4/12/2019
i03756,Aanya Smith,Physics,3,6/24/2021
i03757,Sophia Hall,Design,4.7,8/31/2018
i03758,Noah Singh,Data Science,4.6,2/15/2019
i03759,Zara Brown,Biology,4.4,9/8/2018
i03760,Vihaan Anderson,AI,4.2,2/11/2018
i03761,Isabella Hall,Programming,3.9,6/15/2020
i03762,Olivia Davis,Data Science,3.8,4/8/2019
i03763,Benjamin Clark,Design,3,2/7/2019
i03764,Zara Taylor,Physics,4.4,5/20/2021
i03765,Arjun Singh,Design,3.1,4/30/2021
i03766,Riya Hall,Music,3.3,1/12/2020
i03767,Eva Brown,AI,5,1/30/2020
i03768,Vihaan Davis,AI,4.1,6/6/2018
i03769,Noah Verma,AI,4,9/6/2021
i03770,Ethan Moore,Music,4.8,8/9/2021
i03771,Lucas Moore,Programming,4.7,6/11/2021
i03772,Lucas Brown,Music,3.7,2/16/2020
i03773,Sophia Martin,Math,3.9,6/25/2020
i03774,Benjamin Wilson,Business,4.6,6/30/2021
i03775,Noah Brown,Data Science,4.2,1/22/2018
i03776,Riya Anderson,AI,4.3,5/6/2021
i03777,Aanya Smith,Design,3.2,2/12/2019
i03778,Zara Clark,History,3.2,3/31/2019
i03779,Vihaan Lewis,Design,3.8,7/19/2021
i03780,Mia Walker,History,4.6,8/13/2019
i03781,Liam Thomas,Biology,4.3,3/27/2021
i03782,Mia Brown,Programming,3.4,2/16/2018
i03783,Isabella Singh,Design,4.9,11/4/2019
i03784,Liam Moore,Math,4,2/3/2020
i03785,Noah Clark,Music,4.1,9/11/2020
i03786,Mia Anderson,Math,3.9,11/5/2019
i03787,Meera Brown,Programming,4.6,12/18/2021
i03788,Emma Hall,Math,4.1,12/9/2021
i03789,Isabella Taylor,Music,3.5,9/4/2020
i03790,Benjamin Anderson,Business,3.4,4/11/2018
i03791,Riya Lewis,Biology,4.7,4/27/2021
i03792,Noah Sharma,Programming,4.1,5/26/2018
i03793,Noah Smith,Business,4.5,4/16/2021
i03794,Emma Lewis,Design,4.1,8/27/2018
i03795,Vihaan Verma,History,4.3,1/23/2019
i03796,Meera Davis,Math,4.7,7/29/2021
i03797,Noah Martin,AI,3,10/23/2020
i03798,Liam Lee,AI,4,8/17/2018
i03799,Ethan Singh,Data Science,3.3,8/8/2019
i03800,Sophia Lewis,Business,3.6,8/13/2021
i03801,Arjun Walker,Data Science,3.6,11/1/2021
i03802,Isabella Sharma,Programming,4.4,10/15/2020
i03803,Sophia Sharma,Business,4.8,4/5/2020
i03804,Zara Anderson,Music,4.7,5/5/2020
i03805,Riya Johnson,Design,4.2,7/31/2019
i03806,Vihaan Lewis,Data Science,3.2,8/16/2021
i03807,Zara Moore,Data Science,3,6/18/2021
i03808,Lucas Lewis,Math,4,4/19/2020
i03809,Aanya Walker,Design,4.3,12/11/2019
i03810,Aarav Patel,AI,3.2,8/24/2018
i03811,Karan Miller,Physics,3.3,7/23/2018
i03812,Eva Wilson,Data Science,4.1,1/1/2019
i03813,Arjun Sharma,Math,3.6,5/24/2019
i03814,Noah Miller,Data Science,3.8,6/19/2018
i03815,Meera Lee,Programming,4.5,12/22/2020
i03816,Vihaan Johnson,Physics,3.8,1/12/2018
i03817,Zara Lee,History,4.6,3/10/2018
i03818,Eva Miller,Music,4.5,5/15/2021
i03819,Zara Sharma,History,3.3,8/16/2019
i03820,Arjun Moore,AI,3.8,7/22/2019
i03821,Liam Smith,Physics,4.1,12/17/2019
i03822,Meera Martin,AI,4.1,5/12/2019
i03823,Sophia Moore,AI,3.5,4/13/2018
i03824,Ethan Verma,Data Science,3.2,6/13/2021
i03825,Aarav Taylor,Data Science,4.7,4/4/2020
i03826,Mia Smith,Music,4.4,5/30/2018
i03827,Isabella Lee,Programming,3.5,3/2/2018
i03828,Olivia Clark,Biology,4.3,5/2/2021
i03829,Aarav Brown,Business,3.3,7/31/2018
i03830,Lucas Smith,Data Science,3.7,4/23/2021
i03831,Vihaan Sharma,Music,3.4,3/9/2021
i03832,Eva Verma,Programming,4.5,11/14/2020
i03833,Ethan Clark,History,4.9,9/10/2020
i03834,Mia Anderson,Math,4.7,4/27/2019
i03835,Sophia Martin,History,3,9/15/2018
i03836,Vihaan Hall,Biology,4.7,8/23/2020
i03837,Arjun Wilson,Data Science,3.8,2/10/2018
i03838,Sophia Clark,Physics,4.4,12/17/2019
i03839,Karan Johnson,AI,4.9,8/4/2018
i03840,Sophia Clark,History,4.9,1/9/2020
i03841,Lucas Martin,Music,4.9,4/28/2018
i03842,Liam Miller,Programming,3.5,11/1/2018
i03843,Benjamin Miller,Business,4.2,5/29/2021
i03844,Lucas Walker,AI,3.4,11/4/2021
i03845,Vihaan Singh,Physics,3.2,12/27/2019
i03846,Arjun Verma,History,3.3,9/22/2021
i03847,Aarav Davis,Business,4.5,2/21/2021
i03848,Vihaan Martin,Math,4.9,9/29/2021
i03849,Olivia Hall,Business,4.8,7/19/2020
i03850,Sophia Martin,Biology,4.6,10/18/2021
i03851,Benjamin Moore,Math,3.2,7/3/2021
i03852,Emma Miller,History,4.7,12/25/2020
i03853,Sophia Anderson,Data Science,3.8,9/5/2020
i03854,Amelia Sharma,AI,3.5,12/19/2020
i03855,Sophia Smith,Math,4,9/24/2021
i03856,Arjun Davis,Programming,3.1,7/23/2019
i03857,Arjun Davis,Data Science,4.5,2/14/2021
i03858,Benjamin Singh,Programming,3.2,1/3/2019
i03859,Meera Johnson,Physics,4.8,10/15/2019
i03860,Vihaan Patel,Programming,4.9,9/14/2019
i03861,Olivia Lee,Programming,3.9,6/22/2021
i03862,Mia Smith,AI,3.6,11/9/2021
i03863,Noah Thomas,Design,4.7,2/7/2018
i03864,Mia Clark,History,4,10/8/2018
i03865,Riya Martin,Business,4.5,4/9/2020
i03866,Mia Thomas,Data Science,4.6,11/28/2021
i03867,Liam Brown,Business,4.8,3/5/2020
i03868,Olivia Clark,Design,4.4,2/13/2018
i03869,Aarav Anderson,Math,4.4,11/8/2021
i03870,Noah Anderson,Data Science,4.4,10/20/2021
i03871,Meera Brown,Programming,4.1,6/29/2020
i03872,Sophia Davis,History,3.8,2/22/2019
i03873,Zara Sharma,AI,4.5,8/21/2021
i03874,Lucas Moore,Data Science,4.8,12/21/2018
i03875,Aanya Singh,Business,3.8,11/12/2021
i03876,Isabella Martin,Design,3.5,9/7/2020
i03877,Mia Martin,Design,4.4,8/29/2021
i03878,Benjamin Walker,AI,4.8,4/16/2021
i03879,Isabella Thomas,History,3.2,5/18/2021
i03880,Arjun Moore,Math,4.1,10/8/2021
i03881,Sophia Hall,Data Science,4.5,7/14/2020
i03882,Ethan Walker,Math,3.5,12/29/2021
i03883,Aanya Patel,AI,4.2,9/2/2018
i03884,Aanya Moore,Programming,3.1,8/17/2019
i03885,Liam Thomas,Business,4.7,3/6/2019
i03886,Olivia Verma,Design,4.3,8/25/2020
i03887,Meera Taylor,Music,4.9,10/2/2019
i03888,Amelia Verma,Physics,3.6,2/23/2018
i03889,Aanya Wilson,Design,4.6,6/12/2021
i03890,Noah Patel,Data Science,3.2,9/11/2018
i03891,Amelia Miller,Data Science,4.5,9/18/2020
i03892,Aanya Thomas,Programming,4.8,6/30/2020
i03893,Lucas Moore,History,4.2,12/10/2021
i03894,Benjamin Brown,AI,3.4,11/22/2021
i03895,Benjamin Lewis,Programming,3.7,12/2/2020
i03896,Arjun Taylor,Math,4.6,10/17/2018
i03897,Sophia Anderson,Physics,3.7,1/30/2019
i03898,Amelia Moore,Programming,4.7,10/21/2020
i03899,Lucas Clark,History,4.8,8/25/2020
i03900,Aarav Davis,Programming,4.7,10/10/2019
i03901,Aarav Martin,Music,3.2,11/8/2019
i03902,Arjun Verma,Programming,3,6/1/2021
i03903,Amelia Lee,Data Science,4.2,2/27/2019
i03904,Aanya Hall,AI,3.5,1/26/2018
i03905,Liam Davis,Music,4.7,9/22/2018
i03906,Mia Singh,Data Science,4.1,5/2/2021
i03907,Vihaan Lee,AI,3.9,4/20/2018
i03908,Vihaan Wilson,Biology,3.8,5/28/2020
i03909,Isabella Anderson,Math,4.5,7/9/2021
i03910,Ethan Lee,Data Science,4.3,3/21/2018
i03911,Amelia Martin,Math,3.5,10/10/2020
i03912,Olivia Taylor,Design,4.2,10/23/2018
i03913,Lucas Lee,Business,4.1,7/18/2021
i03914,Eva Lewis,Data Science,3.4,9/14/2019
i03915,Ethan Lewis,AI,4.6,11/24/2018
i03916,Sophia Martin,Programming,4.2,4/15/2019
i03917,Noah Johnson,Biology,4.3,9/1/2021
i03918,Vihaan Sharma,Data Science,4,7/9/2019
i03919,Liam Hall,Programming,4.7,11/5/2019
i03920,Liam Taylor,AI,3.5,7/21/2021
i03921,Aanya Miller,AI,4.6,5/27/2021
i03922,Riya Smith,Biology,3.6,12/11/2019
i03923,Olivia Hall,Biology,3.2,1/24/2020
i03924,Aanya Hall,Design,4.6,7/26/2018
i03925,Ethan Johnson,History,4.6,4/20/2018
i03926,Vihaan Wilson,Music,4.8,11/3/2019
i03927,Isabella Brown,Business,4.8,11/22/2019
i03928,Ethan Sharma,AI,4.3,3/24/2020
i03929,Vihaan Anderson,Math,3.3,4/15/2020
i03930,Benjamin Hall,Business,3.4,6/9/2021
i03931,Isabella Lee,Programming,4.7,5/4/2018
i03932,Arjun Clark,Physics,3.2,7/14/2018
i03933,Vihaan Singh,Biology,4.7,4/3/2021
i03934,Ethan Patel,Data Science,4,5/19/2020
i03935,Sophia Singh,History,3.2,12/11/2018
i03936,Emma Singh,Biology,3.6,4/7/2020
i03937,Ethan Verma,Design,4.9,5/24/2020
i03938,Arjun Thomas,Biology,3.8,11/16/2018
i03939,Zara Smith,Data Science,4.7,1/19/2019
i03940,Benjamin Martin,Design,4.8,4/10/2020
i03941,Amelia Hall,Music,3.8,1/10/2020
i03942,Arjun Moore,History,3.7,5/15/2020
i03943,Emma Walker,Biology,4.3,10/15/2020
i03944,Noah Martin,Physics,3.3,7/24/2021
i03945,Meera Brown,AI,4.4,1/24/2021
i03946,Emma Moore,History,3.6,12/25/2021
i03947,Karan Johnson,Biology,4.2,6/12/2018
i03948,Noah Johnson,Business,4.1,10/7/2019
i03949,Aarav Wilson,Business,4.1,6/24/2018
i03950,Arjun Thomas,Data Science,3.3,6/25/2018
i03951,Isabella Clark,Physics,4.8,9/28/2019
i03952,Olivia Walker,AI,3.4,2/18/2021
i03953,Isabella Hall,History,3.6,5/6/2018
i03954,Sophia Walker,Music,3.6,5/16/2021
i03955,Sophia Lee,Business,4.3,5/8/2021
i03956,Lucas Hall,History,3.9,5/20/2020
i03957,Emma Verma,AI,4.3,4/5/2018
i03958,Mia Brown,Business,3.5,10/12/2020
i03959,Zara Davis,Math,3.4,3/25/2019
i03960,Amelia Walker,AI,4.1,5/19/2019
i03961,Liam Hall,Data Science,3.4,1/31/2018
i03962,Aanya Brown,Programming,3.9,8/14/2018
i03963,Mia Smith,Data Science,3.5,11/21/2020
i03964,Aarav Johnson,AI,3.7,11/25/2020
i03965,Eva Clark,Music,4.8,1/5/2018
i03966,Karan Taylor,AI,3.3,4/29/2021
i03967,Mia Lewis,Data Science,3.5,6/11/2019
i03968,Eva Lee,AI,4.2,5/23/2020
i03969,Liam Clark,Math,3.6,10/21/2020
i03970,Mia Clark,AI,4.1,5/4/2019
i03971,Noah Sharma,Design,3.5,12/30/2018
i03972,Olivia Lee,Business,4.3,10/17/2020
i03973,Benjamin Moore,Business,4.6,8/23/2020
i03974,Zara Anderson,Business,4.5,12/21/2021
i03975,Sophia Wilson,Physics,3.8,3/19/2020
i03976,Amelia Lee,Business,3.9,4/11/2021
i03977,Lucas Patel,Data Science,3.4,12/11/2019
i03978,Isabella Brown,Physics,3.4,7/13/2021
i03979,Lucas Johnson,History,4.2,2/1/2019
i03980,Ethan Miller,Biology,4.6,10/23/2020
i03981,Olivia Hall,History,4.4,10/25/2019
i03982,Liam Miller,Biology,4,11/15/2021
i03983,Zara Clark,Biology,4.4,2/8/2021
i03984,Zara Brown,AI,4.6,1/19/2018
i03985,Aanya Brown,Programming,4,4/13/2021
i03986,Karan Verma,Music,4.5,3/14/2018
i03987,Mia Hall,AI,4.4,3/9/2019
i03988,Liam Hall,History,4.5,10/18/2019
i03989,Benjamin Thomas,Math,3.3,7/31/2019
i03990,Arjun Smith,Math,3.2,4/18/2021
i03991,Arjun Thomas,Data Science,4.1,7/4/2019
i03992,Karan Clark,Programming,3,6/27/2019
i03993,Emma Martin,Biology,3.5,8/6/2019
i03994,Zara Lee,History,4.2,10/2/2018
i03995,Riya Smith,Programming,4.8,5/18/2019
i03996,Aanya Smith,Business,3,4/9/2020
i03997,Riya Johnson,History,3.7,4/11/2021
i03998,Emma Verma,Biology,3.5,4/8/2018
i03999,Noah Walker,History,5,5/28/2020
i04000,Eva Patel,Physics,3.4,4/24/2020
i04001,Isabella Hall,Physics,4.1,6/16/2021
i04002,Vihaan Walker,Physics,3.3,1/26/2020
i04003,Ethan Davis,AI,3.8,6/6/2019
i04004,Aarav Anderson,Design,3.5,6/6/2019
i04005,Ethan Walker,Programming,3.9,10/9/2021
i04006,Vihaan Thomas,AI,4.7,9/6/2021
i04007,Vihaan Hall,Data Science,3.8,5/21/2019
i04008,Sophia Johnson,Programming,4.1,3/8/2020
i04009,Amelia Verma,Design,4.5,5/20/2021
i04010,Amelia Walker,AI,4.5,10/5/2018
i04011,Sophia Clark,History,3.9,6/19/2021
i04012,Amelia Miller,Music,3.3,9/15/2018
i04013,Eva Johnson,Music,4.4,1/23/2020
i04014,Olivia Martin,Programming,4.4,11/22/2020
i04015,Aanya Moore,AI,3.7,5/2/2018
i04016,Lucas Singh,Business,4.8,3/30/2019
i04017,Arjun Moore,History,4.1,11/3/2020
i04018,Benjamin Walker,Programming,4.4,1/26/2020
i04019,Eva Singh,Biology,3.7,3/25/2021
i04020,Riya Clark,Data Science,3.8,12/24/2018
i04021,Sophia Clark,AI,4.9,3/7/2019
i04022,Zara Thomas,AI,3,6/19/2020
i04023,Lucas Thomas,Programming,4,12/13/2020
i04024,Liam Davis,Design,4.3,12/6/2018
i04025,Arjun Miller,AI,3.7,11/17/2021
i04026,Arjun Lewis,Data Science,3.1,12/31/2020
i04027,Lucas Anderson,Design,4.1,7/24/2020
i04028,Meera Anderson,Data Science,4.6,11/13/2020
i04029,Meera Lee,Business,3.8,2/14/2018
i04030,Meera Hall,History,4.4,3/15/2020
i04031,Arjun Miller,Music,3.7,8/16/2021
i04032,Sophia Patel,Music,3.8,12/5/2021
i04033,Vihaan Smith,Data Science,3.7,1/23/2021
i04034,Arjun Hall,History,4.4,8/29/2021
i04035,Ethan Clark,Music,4.7,3/24/2019
i04036,Amelia Verma,Physics,3.5,2/8/2019
i04037,Amelia Hall,Biology,3.3,10/13/2019
i04038,Noah Wilson,Physics,4.8,8/31/2021
i04039,Benjamin Anderson,Design,3.3,1/29/2020
i04040,Karan Walker,Physics,3.3,4/14/2018
i04041,Lucas Martin,Data Science,3.7,6/20/2018
i04042,Ethan Martin,AI,3.4,2/26/2020
i04043,Olivia Singh,Music,3.5,7/16/2021
i04044,Sophia Verma,Biology,4.2,6/17/2021
i04045,Noah Martin,Math,3.6,9/28/2018
i04046,Eva Thomas,Biology,4.6,4/8/2019
i04047,Ethan Hall,Business,3.9,8/8/2020
i04048,Emma Thomas,Math,3.8,7/29/2021
i04049,Lucas Johnson,History,3.8,5/21/2020
i04050,Olivia Brown,Programming,4.2,7/5/2018
i04051,Olivia Brown,Biology,4.7,12/3/2020
i04052,Vihaan Verma,Math,3.4,11/12/2020
i04053,Riya Anderson,AI,4.8,11/14/2020
i04054,Aanya Walker,Biology,3.7,2/24/2021
i04055,Meera Martin,Business,3.2,1/26/2018
i04056,Isabella Lee,Business,3.6,5/11/2020
i04057,Sophia Patel,Design,3.2,11/4/2020
i04058,Zara Lee,Math,3.8,1/23/2018
i04059,Liam Johnson,Physics,3.5,4/10/2021
i04060,Zara Hall,Design,3.8,2/3/2021
i04061,Aanya Sharma,Biology,3.5,5/22/2019
i04062,Mia Miller,Design,4.8,5/31/2019
i04063,Aanya Johnson,Biology,4.1,2/9/2020
i04064,Sophia Walker,AI,4.8,2/17/2019
i04065,Aarav Smith,Math,4.8,11/6/2019
i04066,Lucas Smith,Music,3.6,4/13/2018
i04067,Zara Miller,History,4.2,7/21/2020
i04068,Sophia Lee,History,3.7,9/16/2019
i04069,Noah Thomas,Music,3.9,11/24/2018
i04070,Zara Hall,Physics,3.1,6/1/2021
i04071,Zara Thomas,History,4.3,3/2/2021
i04072,Sophia Walker,History,3.9,12/21/2021
i04073,Mia Smith,Music,4,6/10/2019
i04074,Aanya Smith,Design,4.7,4/30/2021
i04075,Meera Singh,Physics,3,6/6/2018
i04076,Benjamin Martin,AI,4.6,3/27/2018
i04077,Isabella Johnson,Biology,3.8,10/25/2021
i04078,Eva Hall,Biology,3.6,5/25/2020
i04079,Olivia Verma,Physics,3.3,3/3/2021
i04080,Lucas Anderson,Programming,4.7,6/11/2021
i04081,Aanya Verma,Design,4.2,7/29/2020
i04082,Benjamin Martin,Biology,3.9,5/10/2018
i04083,Liam Verma,Music,3.8,7/22/2021
i04084,Isabella Verma,Biology,3.5,1/3/2018
i04085,Emma Lewis,Biology,3.6,2/9/2018
i04086,Emma Hall,Math,4,9/10/2021
i04087,Olivia Patel,AI,4.5,3/2/2021
i04088,Emma Lewis,Physics,4.3,5/20/2019
i04089,Sophia Sharma,Math,3.2,6/21/2020
i04090,Karan Clark,Design,4.6,6/25/2019
i04091,Karan Davis,Physics,3.9,9/18/2021
i04092,Eva Martin,Data Science,4.2,1/7/2018
i04093,Vihaan Singh,Programming,5,8/24/2018
i04094,Meera Verma,History,4,3/22/2020
i04095,Vihaan Verma,Biology,4,9/1/2018
i04096,Aanya Verma,Math,3.5,1/31/2018
i04097,Karan Patel,Math,3.6,5/13/2018
i04098,Emma Verma,AI,4.5,11/27/2020
i04099,Karan Clark,AI,3.8,6/18/2021
i04100,Mia Lewis,Math,3,7/30/2021
i04101,Amelia Patel,AI,3.4,12/24/2019
i04102,Isabella Moore,Music,3.7,11/9/2018
i04103,Arjun Brown,Music,4.3,1/12/2018
i04104,Karan Hall,Physics,4.1,5/11/2021
i04105,Karan Singh,Physics,3.7,12/29/2021
i04106,Lucas Brown,Design,3.8,9/6/2019
i04107,Olivia Wilson,Programming,4.7,12/27/2021
i04108,Eva Walker,AI,3.9,11/17/2020
i04109,Arjun Davis,Music,4.5,7/20/2018
i04110,Liam Walker,Data Science,4.1,11/22/2019
i04111,Isabella Smith,Music,3.6,11/13/2021
i04112,Liam Smith,Programming,4.5,5/12/2018
i04113,Amelia Verma,Math,4.8,12/27/2020
i04114,Arjun Patel,Music,3.7,1/2/2021
i04115,Meera Lewis,Data Science,3.3,9/27/2021
i04116,Noah Brown,Business,3.8,5/30/2021
i04117,Noah Thomas,Design,3.1,2/24/2020
i04118,Olivia Thomas,Business,4.4,3/30/2018
i04119,Arjun Clark,Biology,3.1,6/29/2019
i04120,Amelia Hall,Math,3.8,2/3/2019
i04121,Amelia Johnson,Music,4.6,5/10/2021
i04122,Ethan Hall,Data Science,4.2,1/15/2021
i04123,Mia Miller,Data Science,3.3,10/26/2019
i04124,Amelia Brown,Math,3.7,4/7/2019
i04125,Riya Singh,Design,4.8,6/18/2019
i04126,Sophia Anderson,Business,4,12/17/2021
i04127,Eva Miller,Physics,3.8,2/22/2018
i04128,Noah Verma,History,4.2,4/17/2019
i04129,Benjamin Singh,History,3.1,7/28/2020
i04130,Eva Martin,Design,4.9,10/8/2018
i04131,Meera Martin,Biology,4.8,1/30/2018
i04132,Aanya Miller,Business,4.7,8/14/2020
i04133,Karan Hall,Programming,3.6,1/22/2021
i04134,Olivia Lewis,Physics,4,10/24/2019
i04135,Emma Lewis,AI,4.7,9/6/2020
i04136,Sophia Clark,Programming,4.3,1/22/2021
i04137,Noah Davis,AI,3.8,1/8/2019
i04138,Sophia Hall,Physics,4.8,4/18/2021
i04139,Isabella Hall,Math,4,8/5/2020
i04140,Aarav Verma,History,4.5,2/21/2020
i04141,Karan Anderson,Programming,4.8,4/19/2018
i04142,Ethan Brown,History,3.5,4/19/2021
i04143,Meera Lewis,History,5,2/10/2018
i04144,Sophia Moore,Music,4.8,8/28/2020
i04145,Arjun Hall,History,3.4,9/10/2019
i04146,Noah Brown,Music,3.1,11/10/2021
i04147,Ethan Martin,Business,4.3,3/21/2019
i04148,Benjamin Moore,Math,4.5,5/5/2019
i04149,Arjun Lewis,Business,4.3,1/1/2020
i04150,Sophia Smith,Biology,3.3,10/22/2020
i04151,Liam Johnson,Biology,3.5,12/2/2019
i04152,Eva Clark,Math,3.9,8/18/2020
i04153,Lucas Wilson,Physics,3.8,5/6/2021
i04154,Emma Patel,Design,3.9,4/1/2021
i04155,Eva Walker,Biology,3.1,2/8/2018
i04156,Karan Johnson,Math,3.4,1/20/2019
i04157,Amelia Davis,Business,3.5,10/24/2018
i04158,Lucas Taylor,Music,4.4,9/22/2018
i04159,Zara Davis,Design,4.9,2/25/2019
i04160,Vihaan Thomas,Math,4.1,10/26/2019
i04161,Aarav Wilson,Data Science,3.3,12/10/2019
i04162,Aanya Wilson,Business,4.4,10/28/2018
i04163,Amelia Verma,History,4.7,5/19/2020
i04164,Eva Taylor,History,3.5,9/22/2019
i04165,Noah Moore,Physics,3.3,8/23/2019
i04166,Aanya Smith,Business,4.8,10/29/2018
i04167,Sophia Johnson,Business,3.9,4/21/2021
i04168,Aarav Davis,Music,4.9,2/13/2019
i04169,Meera Lee,AI,4.3,8/26/2020
i04170,Benjamin Singh,Physics,3.7,7/9/2019
i04171,Eva Patel,Data Science,3.2,5/26/2021
i04172,Eva Lewis,Math,4.1,3/15/2018
i04173,Riya Moore,AI,3.7,3/16/2021
i04174,Karan Smith,Business,3.2,5/24/2021
i04175,Lucas Smith,History,4.4,11/7/2018
i04176,Amelia Verma,AI,3.1,8/16/2018
i04177,Lucas Taylor,Math,4.5,2/26/2018
i04178,Mia Brown,Data Science,4,11/28/2019
i04179,Liam Smith,Biology,4.2,7/21/2021
i04180,Lucas Anderson,Design,3.7,3/31/2018
i04181,Arjun Miller,Business,4,3/4/2021
i04182,Arjun Walker,Data Science,3.9,9/22/2018
i04183,Olivia Lewis,Physics,3.3,1/9/2018
i04184,Isabella Davis,History,4.6,12/1/2019
i04185,Aarav Lee,History,3.1,6/3/2019
i04186,Lucas Davis,Biology,4.4,3/12/2021
i04187,Mia Wilson,Business,4.5,11/12/2019
i04188,Karan Walker,Programming,3.7,12/18/2019
i04189,Amelia Martin,Programming,4.9,10/1/2018
i04190,Mia Hall,Physics,4.5,10/24/2021
i04191,Aarav Moore,Design,4,6/29/2021
i04192,Ethan Wilson,Data Science,4.8,1/7/2021
i04193,Amelia Lee,Math,3.4,2/10/2019
i04194,Meera Smith,Music,3.3,6/23/2021
i04195,Emma Wilson,Design,3.1,3/23/2020
i04196,Mia Taylor,AI,4.8,2/10/2021
i04197,Aanya Johnson,Math,4.9,12/6/2020
i04198,Zara Smith,Business,3.8,7/5/2021
i04199,Meera Anderson,AI,3.3,9/5/2020
i04200,Arjun Miller,Data Science,4.3,5/8/2019
i04201,Amelia Clark,Biology,4.1,7/5/2020
i04202,Zara Wilson,AI,3.4,12/16/2019
i04203,Benjamin Patel,Biology,3.1,8/15/2018
i04204,Arjun Patel,AI,3.3,7/27/2021
i04205,Arjun Walker,Math,3.1,3/3/2020
i04206,Arjun Johnson,Business,5,2/4/2018
i04207,Lucas Walker,Data Science,4.4,9/1/2021
i04208,Mia Hall,Music,4.9,3/10/2020
i04209,Ethan Anderson,Biology,4.9,7/11/2020
i04210,Eva Taylor,Design,3.2,11/18/2018
i04211,Riya Smith,Biology,4.7,8/25/2021
i04212,Emma Patel,Biology,3.4,6/22/2021
i04213,Aanya Walker,Math,4.9,9/27/2018
i04214,Aarav Clark,Biology,4.8,2/6/2018
i04215,Zara Anderson,Math,3.3,12/13/2018
i04216,Aarav Patel,History,4.9,12/17/2019
i04217,Vihaan Verma,Physics,4.2,3/12/2018
i04218,Lucas Thomas,Business,4.9,9/10/2018
i04219,Ethan Lee,Math,4.9,8/24/2021
i04220,Amelia Brown,Business,5,5/28/2018
i04221,Karan Miller,Physics,3.2,4/20/2020
i04222,Zara Sharma,Programming,3.8,1/6/2020
i04223,Noah Sharma,Data Science,4.5,11/29/2019
i04224,Sophia Thomas,Physics,3.2,7/12/2021
i04225,Eva Lewis,Biology,4,5/5/2020
i04226,Liam Hall,Design,3.4,4/8/2019
i04227,Sophia Miller,Biology,4.3,6/7/2019
i04228,Liam Davis,Math,3.5,6/10/2021
i04229,Olivia Anderson,Physics,4.5,11/12/2019
i04230,Aanya Thomas,Math,3,5/4/2021
i04231,Aanya Johnson,Design,3.5,1/15/2020
i04232,Benjamin Patel,Data Science,4.2,1/4/2019
i04233,Meera Lewis,Music,4.4,1/19/2020
i04234,Vihaan Johnson,Physics,3.8,6/25/2019
i04235,Lucas Thomas,Design,3.5,9/28/2021
i04236,Emma Wilson,Business,3.8,8/19/2018
i04237,Liam Verma,Math,3.7,4/8/2021
i04238,Ethan Verma,Design,5,7/6/2018
i04239,Aarav Smith,Business,4.3,8/19/2020
i04240,Benjamin Singh,AI,3.8,8/29/2018
i04241,Zara Lee,Music,3.4,7/20/2019
i04242,Zara Clark,Math,3.2,5/3/2020
i04243,Lucas Patel,Design,4.3,1/18/2019
i04244,Eva Moore,Business,3.3,3/14/2019
i04245,Aarav Miller,AI,4.2,11/25/2018
i04246,Aarav Singh,Business,3.7,2/14/2018
i04247,Aarav Davis,AI,5,4/15/2018
i04248,Aanya Moore,Data Science,5,8/1/2021
i04249,Eva Verma,Biology,4,6/5/2018
i04250,Ethan Sharma,Data Science,3.8,9/14/2018
i04251,Aanya Davis,Music,3.8,7/8/2018
i04252,Arjun Moore,Biology,3.2,2/16/2020
i04253,Arjun Anderson,Biology,3.6,1/12/2018
i04254,Karan Hall,Data Science,3,11/15/2021
i04255,Mia Martin,Programming,3.4,8/8/2019
i04256,Eva Wilson,Math,3.7,1/30/2018
i04257,Arjun Hall,Data Science,3.2,5/3/2018
i04258,Ethan Lee,History,4.7,3/19/2018
i04259,Meera Hall,History,3.8,11/23/2020
i04260,Emma Lee,History,4.4,4/29/2021
i04261,Ethan Verma,Math,3.5,5/21/2019
i04262,Eva Clark,Physics,3.2,8/22/2021
i04263,Riya Sharma,Business,4.5,11/16/2021
i04264,Karan Sharma,Business,4.7,12/25/2020
i04265,Lucas Anderson,Data Science,3.5,8/14/2020
i04266,Karan Lewis,Math,4.9,1/8/2021
i04267,Olivia Thomas,Music,3,7/23/2018
i04268,Karan Davis,Programming,3.6,5/5/2020
i04269,Emma Davis,Math,3,5/14/2020
i04270,Noah Sharma,Business,3.6,8/12/2018
i04271,Lucas Lee,Business,3.7,8/27/2018
i04272,Noah Clark,Programming,3.5,2/5/2021
i04273,Benjamin Smith,Business,4.5,9/6/2021
i04274,Emma Taylor,Math,4.1,1/31/2021
i04275,Arjun Lee,History,4.7,5/23/2018
i04276,Meera Brown,Business,3.7,12/7/2020
i04277,Aarav Taylor,Physics,3.5,11/6/2018
i04278,Olivia Martin,Biology,4.8,3/9/2021
i04279,Lucas Lee,Programming,4.1,5/3/2018
i04280,Mia Moore,Physics,4,7/17/2019
i04281,Benjamin Moore,Physics,3.9,3/9/2021
i04282,Arjun Lee,Physics,4.8,10/1/2020
i04283,Zara Taylor,Design,4.8,1/12/2019
i04284,Isabella Lewis,History,4.9,11/26/2020
i04285,Sophia Verma,Music,4.1,7/10/2018
i04286,Noah Lee,Design,5,9/8/2018
i04287,Olivia Singh,Programming,4.6,12/15/2020
i04288,Ethan Davis,History,4.4,7/2/2019
i04289,Vihaan Patel,Biology,4.8,7/25/2020
i04290,Aanya Hall,AI,4.2,1/21/2021
i04291,Lucas Davis,Biology,3.8,9/26/2018
i04292,Liam Thomas,History,4.6,8/19/2018
i04293,Arjun Martin,Music,3.7,10/18/2020
i04294,Zara Patel,AI,3,2/6/2019
i04295,Meera Thomas,Physics,3.2,3/26/2018
i04296,Emma Moore,Design,4.6,1/10/2018
i04297,Aanya Moore,Design,4,3/22/2019
i04298,Lucas Wilson,Music,3.8,1/19/2020
i04299,Sophia Hall,History,4.8,9/26/2019
i04300,Olivia Brown,Math,5,12/13/2020
i04301,Lucas Anderson,Programming,4,4/10/2020
i04302,Vihaan Lee,AI,4.8,9/22/2018
i04303,Emma Lewis,Business,3.2,1/25/2020
i04304,Vihaan Taylor,AI,3.2,8/3/2020
i04305,Noah Johnson,Physics,4.7,7/13/2021
i04306,Eva Thomas,Biology,4.5,9/6/2021
i04307,Aarav Miller,Physics,3.3,5/15/2018
i04308,Noah Anderson,Business,3.6,5/7/2018
i04309,Noah Brown,Music,4,7/14/2019
i04310,Ethan Martin,Biology,4.7,10/31/2021
i04311,Mia Clark,Biology,4.5,2/7/2019
i04312,Emma Clark,Business,4.7,2/23/2020
i04313,Benjamin Thomas,AI,4.2,3/9/2020
i04314,Vihaan Martin,AI,3.6,3/22/2020
i04315,Aarav Brown,Math,4.2,1/31/2021
i04316,Karan Verma,Music,3.4,4/12/2018
i04317,Ethan Clark,History,4,8/15/2019
i04318,Vihaan Moore,AI,4.6,1/15/2020
i04319,Karan Wilson,Business,4.2,3/23/2018
i04320,Olivia Clark,Physics,3.1,5/9/2021
i04321,Karan Johnson,Biology,4.6,6/15/2018
i04322,Eva Taylor,Physics,4.3,2/1/2019
i04323,Amelia Moore,Physics,4.7,8/26/2019
i04324,Amelia Verma,Data Science,3.2,1/7/2019
i04325,Eva Patel,Business,4.7,9/29/2020
i04326,Eva Walker,Biology,3.6,6/28/2020
i04327,Karan Brown,Physics,4.8,6/18/2018
i04328,Isabella Wilson,Biology,4.4,11/10/2018
i04329,Liam Singh,Physics,4,7/11/2021
i04330,Amelia Verma,Data Science,4.2,10/21/2018
i04331,Karan Brown,Programming,4,2/24/2021
i04332,Emma Anderson,Physics,4.6,5/17/2019
i04333,Vihaan Moore,Math,3.9,2/7/2020
i04334,Noah Patel,Music,3.6,8/29/2021
i04335,Riya Lee,Music,3.7,6/9/2020
i04336,Lucas Hall,Data Science,3.3,4/2/2020
i04337,Isabella Wilson,Data Science,4.5,3/8/2019
i04338,Meera Sharma,Music,4.8,7/13/2020
i04339,Ethan Taylor,Physics,3.9,12/15/2021
i04340,Aarav Singh,History,4,12/23/2021
i04341,Lucas Moore,Design,4.1,4/8/2021
i04342,Aanya Clark,Biology,4.4,2/15/2020
i04343,Aarav Miller,Math,4.4,3/22/2018
i04344,Aarav Sharma,Physics,4.8,12/26/2018
i04345,Amelia Moore,Design,4.5,7/18/2020
i04346,Zara Davis,History,3.5,3/9/2019
i04347,Aanya Singh,Math,4.1,10/13/2021
i04348,Emma Miller,Data Science,3.5,8/4/2020
i04349,Olivia Lee,Biology,4.5,3/2/2019
i04350,Arjun Brown,Biology,4.8,11/30/2021
i04351,Isabella Brown,Data Science,4.8,9/17/2021
i04352,Mia Johnson,Music,3.7,6/25/2019
i04353,Emma Lewis,AI,4.2,2/14/2019
i04354,Benjamin Lee,Biology,4.3,9/14/2021
i04355,Lucas Miller,Design,4.5,3/15/2018
i04356,Noah Johnson,Music,4.4,3/27/2021
i04357,Eva Clark,Math,4.9,7/8/2019
i04358,Ethan Thomas,AI,3.5,12/14/2020
i04359,Sophia Johnson,Physics,4.3,6/5/2021
i04360,Aanya Hall,Programming,4.5,11/20/2018
i04361,Liam Lee,Biology,4.2,6/14/2021
i04362,Eva Moore,Programming,4.5,3/17/2020
i04363,Benjamin Taylor,Design,3.7,10/26/2021
i04364,Eva Wilson,Data Science,3.3,11/5/2018
i04365,Liam Miller,History,4.1,10/30/2019
i04366,Eva Wilson,Biology,3.4,6/19/2021
i04367,Olivia Smith,AI,3.1,11/30/2021
i04368,Mia Walker,Music,3.3,5/7/2020
i04369,Olivia Taylor,Physics,3.9,2/15/2018
i04370,Karan Singh,Physics,4.7,10/6/2018
i04371,Eva Sharma,History,4.5,5/11/2018
i04372,Emma Miller,Biology,3.3,5/5/2021
i04373,Aanya Taylor,Biology,3.7,5/26/2020
i04374,Olivia Davis,History,3.1,8/9/2018
i04375,Amelia Thomas,Music,3.9,1/30/2018
i04376,Aarav Taylor,Data Science,3.4,6/15/2019
i04377,Amelia Miller,Math,4.2,11/25/2020
i04378,Ethan Miller,Business,4.1,5/12/2020
i04379,Isabella Lee,Biology,3.6,10/11/2018
i04380,Arjun Lee,Design,4.9,9/28/2019
i04381,Zara Johnson,Design,4.5,5/13/2020
i04382,Liam Moore,History,4.8,3/4/2020
i04383,Lucas Lewis,Data Science,3.6,10/15/2018
i04384,Riya Davis,Data Science,3,4/10/2020
i04385,Benjamin Johnson,AI,4.8,1/19/2018
i04386,Zara Sharma,Data Science,4.6,1/9/2018
i04387,Mia Lewis,Data Science,3.1,2/5/2018
i04388,Liam Wilson,Physics,3.8,3/21/2021
i04389,Riya Walker,Biology,4,12/23/2018
i04390,Aarav Martin,Design,4.9,8/13/2018
i04391,Benjamin Wilson,Math,4.6,10/24/2018
i04392,Vihaan Lee,Math,4.5,5/7/2021
i04393,Aarav Lee,Programming,5,6/29/2020
i04394,Sophia Anderson,History,4.3,11/5/2018
i04395,Aarav Hall,Design,3.6,7/7/2020
i04396,Aarav Anderson,Music,4.7,11/23/2018
i04397,Ethan Lewis,Business,4.7,9/8/2018
i04398,Arjun Singh,AI,4.3,7/7/2021
i04399,Arjun Clark,Physics,3.2,12/30/2020
i04400,Amelia Lee,Business,4.7,7/24/2018
i04401,Aarav Martin,Business,4.2,3/12/2018
i04402,Isabella Wilson,Programming,3,4/6/2019
i04403,Emma Johnson,History,4.9,1/21/2021
i04404,Mia Sharma,Math,3.1,10/28/2021
i04405,Isabella Brown,Biology,3,10/18/2021
i04406,Eva Smith,Programming,4.5,11/23/2021
i04407,Aanya Sharma,Physics,4.5,5/27/2020
i04408,Isabella Clark,Biology,3.4,12/27/2021
i04409,Karan Smith,Business,3.9,12/13/2020
i04410,Eva Taylor,Physics,3.7,11/8/2020
i04411,Arjun Brown,AI,3.8,7/27/2018
i04412,Mia Thomas,Biology,4,1/1/2021
i04413,Ethan Martin,Data Science,4.2,4/8/2018
i04414,Lucas Walker,Design,3.8,9/2/2020
i04415,Noah Hall,Physics,4.4,9/2/2019
i04416,Amelia Verma,History,4.7,6/16/2021
i04417,Aanya Davis,AI,4.6,2/4/2021
i04418,Liam Clark,Music,4.7,10/18/2021
i04419,Emma Davis,Biology,3.6,7/23/2021
i04420,Riya Verma,Music,3,4/24/2020
i04421,Sophia Thomas,Music,3.3,1/8/2020
i04422,Isabella Hall,Data Science,3.2,11/20/2018
i04423,Lucas Miller,Math,3,2/16/2018
i04424,Benjamin Verma,Math,3.2,6/16/2020
i04425,Vihaan Taylor,Biology,3.2,6/4/2020
i04426,Noah Smith,Data Science,4.6,2/5/2020
i04427,Liam Walker,Physics,3.5,3/24/2019
i04428,Ethan Sharma,Design,4,5/12/2021
i04429,Arjun Walker,Business,3.5,4/3/2019
i04430,Isabella Verma,Data Science,5,12/16/2021
i04431,Riya Moore,Math,3.7,11/19/2019
i04432,Ethan Miller,Programming,4.4,2/3/2020
i04433,Eva Patel,Physics,4.1,8/5/2020
i04434,Meera Verma,Physics,3.6,10/23/2021
i04435,Ethan Davis,Business,3.8,11/11/2018
i04436,Lucas Brown,History,3,3/31/2018
i04437,Benjamin Hall,Math,3.1,6/1/2021
i04438,Arjun Johnson,Music,3.5,6/16/2019
i04439,Amelia Sharma,History,5,7/12/2020
i04440,Amelia Clark,History,3.6,5/8/2018
i04441,Noah Singh,Programming,3.6,10/28/2019
i04442,Karan Singh,Biology,3,7/3/2021
i04443,Arjun Verma,Biology,4.1,10/28/2020
i04444,Olivia Davis,Data Science,3.3,10/25/2019
i04445,Benjamin Sharma,Biology,4,10/5/2018
i04446,Emma Thomas,Math,3.9,11/15/2018
i04447,Emma Singh,Data Science,4.5,9/13/2018
i04448,Lucas Lewis,Programming,3.8,1/6/2021
i04449,Amelia Smith,Data Science,3.8,7/15/2018
i04450,Lucas Johnson,Data Science,3,4/6/2020
i04451,Liam Patel,Music,4.8,11/2/2019
i04452,Eva Sharma,Music,4.7,5/29/2021
i04453,Benjamin Lewis,Data Science,4.3,6/21/2020
i04454,Sophia Lewis,Programming,4.7,12/11/2019
i04455,Zara Miller,Music,3.4,4/20/2018
i04456,Lucas Taylor,Physics,4.1,7/27/2021
i04457,Aarav Davis,Data Science,3.5,10/22/2020
i04458,Meera Johnson,History,4.7,6/17/2020
i04459,Arjun Clark,Physics,3.8,10/17/2019
i04460,Lucas Wilson,Biology,3.8,1/8/2020
i04461,Olivia Taylor,Biology,4.5,3/27/2018
i04462,Zara Verma,Programming,4.2,5/31/2019
i04463,Eva Martin,AI,4.4,5/13/2021
i04464,Lucas Taylor,Biology,3.7,5/20/2018
i04465,Riya Anderson,Physics,4,8/26/2020
i04466,Aarav Lewis,AI,3.5,9/13/2021
i04467,Karan Sharma,Programming,4.9,12/2/2021
i04468,Sophia Lee,Programming,4.8,3/2/2019
i04469,Meera Singh,Physics,4.1,12/23/2021
i04470,Karan Patel,Data Science,4.3,4/23/2020
i04471,Karan Thomas,Programming,3.7,10/1/2019
i04472,Amelia Patel,History,3.2,7/4/2021
i04473,Zara Johnson,Biology,3.4,10/30/2021
i04474,Riya Brown,Music,3.7,5/25/2019
i04475,Karan Smith,Math,4.3,10/29/2019
i04476,Aarav Miller,Programming,3.8,7/10/2021
i04477,Mia Clark,Physics,4.8,1/23/2020
i04478,Ethan Walker,AI,4.3,9/2/2018
i04479,Noah Moore,Design,4.5,7/31/2021
i04480,Karan Singh,Design,3.8,9/8/2018
i04481,Aanya Miller,Business,3.3,3/23/2020
i04482,Mia Taylor,Programming,4.4,1/19/2018
i04483,Isabella Lewis,History,3.5,10/5/2018
i04484,Emma Wilson,AI,4.6,11/11/2019
i04485,Amelia Moore,Physics,3.3,1/28/2020
i04486,Ethan Hall,Music,4.6,9/17/2020
i04487,Sophia Wilson,Design,4.6,5/2/2020
i04488,Eva Lee,Data Science,4,1/5/2021
i04489,Aarav Moore,AI,4.1,5/5/2019
i04490,Aarav Patel,History,4.3,2/22/2020
i04491,Mia Anderson,Programming,3.7,7/2/2021
i04492,Mia Lee,Physics,3.8,12/1/2019
i04493,Liam Anderson,Music,4.6,1/1/2018
i04494,Mia Wilson,History,4.9,7/17/2021
i04495,Isabella Wilson,Physics,3.2,6/13/2018
i04496,Emma Walker,Programming,3.5,4/30/2018
i04497,Noah Walker,Math,3.7,9/28/2019
i04498,Amelia Clark,History,4.9,6/28/2019
i04499,Liam Brown,Business,3.8,9/9/2019
i04500,Lucas Taylor,History,4.8,11/11/2021
i04501,Aanya Johnson,Business,3.6,10/27/2021
i04502,Ethan Hall,Business,4.3,2/8/2020
i04503,Olivia Lewis,AI,4.7,8/7/2018
i04504,Ethan Verma,Math,3,4/14/2021
i04505,Aarav Wilson,History,3.4,3/1/2021
i04506,Sophia Sharma,Business,4.6,6/12/2018
i04507,Emma Verma,AI,3.7,10/23/2018
i04508,Riya Verma,Design,5,4/2/2021
i04509,Liam Verma,Design,4.9,10/19/2021
i04510,Eva Lewis,History,4.6,8/22/2020
i04511,Vihaan Wilson,Programming,3.3,10/3/2020
i04512,Karan Sharma,Business,3.6,7/4/2018
i04513,Mia Patel,Programming,5,4/6/2021
i04514,Sophia Wilson,History,4.7,5/16/2019
i04515,Aarav Moore,Design,4.8,1/24/2021
i04516,Emma Taylor,History,4,4/13/2021
i04517,Mia Moore,Math,4.3,11/25/2020
i04518,Eva Brown,Data Science,3.5,3/26/2019
i04519,Noah Clark,Data Science,3.5,8/21/2019
i04520,Aanya Verma,Biology,3.6,5/10/2019
i04521,Amelia Davis,Data Science,3.4,7/7/2019
i04522,Noah Johnson,History,4.7,2/5/2019
i04523,Benjamin Singh,Data Science,3.5,10/15/2020
i04524,Olivia Davis,Business,4,5/14/2021
i04525,Liam Hall,Programming,4.4,11/12/2020
i04526,Mia Clark,Programming,3.4,5/18/2021
i04527,Isabella Taylor,Business,3.3,11/26/2018
i04528,Aanya Smith,Programming,3.3,12/3/2018
i04529,Emma Thomas,Design,3.7,7/7/2019
i04530,Sophia Taylor,Data Science,4.6,2/27/2021
i04531,Riya Miller,History,3.7,6/28/2018
i04532,Emma Taylor,Programming,4.6,5/26/2018
i04533,Aanya Brown,Design,4,3/27/2021
i04534,Meera Martin,Biology,3.4,9/23/2020
i04535,Ethan Walker,Biology,4.8,12/22/2021
i04536,Riya Wilson,Design,3.1,1/4/2021
i04537,Emma Singh,Data Science,3.9,7/24/2020
i04538,Isabella Moore,Music,3.1,2/24/2019
i04539,Zara Wilson,Business,4,2/19/2020
i04540,Vihaan Lewis,Math,3.9,6/30/2019
i04541,Eva Smith,Biology,4.4,1/24/2021
i04542,Mia Hall,Programming,3.8,7/22/2021
i04543,Zara Moore,Physics,3.8,11/28/2018
i04544,Vihaan Walker,Programming,4.8,10/15/2021
i04545,Olivia Wilson,Biology,4.4,6/26/2020
i04546,Benjamin Johnson,Design,3.1,8/28/2020
i04547,Eva Smith,Programming,3.3,10/28/2019
i04548,Sophia Johnson,Music,3.5,4/27/2021
i04549,Meera Anderson,Business,4.8,1/29/2019
i04550,Zara Martin,AI,4.7,6/10/2019
i04551,Sophia Martin,Physics,3.1,1/14/2020
i04552,Karan Miller,Math,4.4,7/3/2018
i04553,Meera Wilson,Music,4.8,12/17/2019
i04554,Riya Miller,Data Science,3.5,7/14/2018
i04555,Aanya Davis,Programming,3.4,1/19/2021
i04556,Meera Moore,Business,4.2,3/13/2018
i04557,Aanya Brown,Math,4.4,9/5/2020
i04558,Arjun Verma,Design,4.9,11/28/2020
i04559,Aarav Hall,Music,3.8,4/29/2020
i04560,Olivia Verma,AI,4,9/30/2018
i04561,Arjun Anderson,History,4.7,5/6/2018
i04562,Meera Patel,Math,3.7,11/16/2020
i04563,Aarav Brown,AI,3.1,2/14/2018
i04564,Noah Wilson,Math,4.9,2/3/2020
i04565,Eva Singh,Biology,5,6/8/2018
i04566,Sophia Sharma,Biology,4.5,4/1/2021
i04567,Noah Clark,Design,3,3/5/2020
i04568,Ethan Thomas,History,4.5,3/30/2020
i04569,Liam Taylor,Data Science,3.5,3/30/2020
i04570,Amelia Singh,History,4,5/23/2021
i04571,Amelia Sharma,History,3.2,11/19/2021
i04572,Eva Anderson,AI,3.7,9/13/2018
i04573,Vihaan Anderson,Business,4.4,2/25/2018
i04574,Meera Martin,Physics,3.4,9/30/2019
i04575,Ethan Clark,Data Science,4.1,1/29/2020
i04576,Ethan Hall,Music,4.4,1/4/2020
i04577,Aanya Moore,Business,4.4,1/14/2019
i04578,Riya Verma,Music,4.5,12/7/2021
i04579,Vihaan Miller,AI,5,9/9/2018
i04580,Meera Sharma,Data Science,4.4,4/22/2021
i04581,Eva Anderson,Music,3.8,7/31/2018
i04582,Meera Taylor,History,5,11/14/2021
i04583,Olivia Davis,Music,3.4,1/23/2020
i04584,Amelia Hall,Business,4.9,9/27/2018
i04585,Arjun Verma,Music,3,2/10/2019
i04586,Karan Johnson,Music,3.6,9/21/2020
i04587,Meera Singh,Math,4.5,7/12/2021
i04588,Zara Johnson,Music,4.3,2/9/2019
i04589,Noah Taylor,Music,4.6,8/5/2019
i04590,Noah Martin,Biology,3.6,4/23/2018
i04591,Noah Singh,Data Science,4.3,9/2/2018
i04592,Olivia Walker,History,3.6,2/10/2021
i04593,Benjamin Miller,Business,3.2,5/23/2019
i04594,Karan Wilson,Design,5,9/24/2019
i04595,Arjun Miller,Design,4.8,5/8/2019
i04596,Noah Brown,Data Science,5,6/3/2020
i04597,Ethan Patel,History,3.8,4/1/2018
i04598,Mia Taylor,History,3.5,12/10/2021
i04599,Olivia Patel,Math,3.7,12/16/2020
i04600,Amelia Moore,Math,4.5,9/15/2020
i04601,Arjun Clark,Data Science,3.9,6/5/2021
i04602,Ethan Lewis,Data Science,4.1,12/14/2020
i04603,Emma Sharma,Math,3.3,3/15/2020
i04604,Isabella Davis,Data Science,3.4,8/29/2018
i04605,Ethan Thomas,Biology,4.9,9/14/2019
i04606,Eva Martin,Biology,5,12/12/2020
i04607,Zara Hall,Math,3.7,7/7/2018
i04608,Aarav Verma,Physics,3.7,12/24/2020
i04609,Noah Brown,Physics,3.3,12/8/2021
i04610,Amelia Clark,Programming,3.6,9/9/2019
i04611,Amelia Thomas,Data Science,3.8,5/13/2019
i04612,Ethan Anderson,Biology,3.9,9/16/2019
i04613,Eva Johnson,AI,3.8,1/10/2021
i04614,Olivia Singh,AI,4.1,6/16/2018
i04615,Aarav Brown,Physics,3,6/27/2019
i04616,Sophia Wilson,Math,4.1,12/15/2020
i04617,Aarav Miller,Music,5,3/29/2021
i04618,Arjun Lewis,Biology,3.4,12/16/2019
i04619,Aanya Davis,Business,3.7,9/15/2020
i04620,Olivia Wilson,Programming,3.9,9/30/2020
i04621,Sophia Lewis,Biology,4.3,8/11/2020
i04622,Isabella Miller,AI,4.2,11/15/2021
i04623,Aanya Taylor,Music,4.4,3/3/2020
i04624,Olivia Hall,Business,4.4,5/26/2018
i04625,Emma Wilson,Physics,4.8,11/16/2018
i04626,Liam Johnson,Design,4.6,6/7/2019
i04627,Meera Davis,Music,3.1,5/26/2019
i04628,Arjun Patel,History,3.6,4/25/2019
i04629,Aanya Walker,Design,4.9,3/20/2019
i04630,Karan Walker,History,4.9,9/16/2018
i04631,Olivia Verma,Biology,4.6,3/23/2021
i04632,Eva Moore,Design,3.8,5/8/2018
i04633,Liam Verma,Business,4,9/20/2019
i04634,Benjamin Lewis,Data Science,4,12/20/2020
i04635,Zara Wilson,Music,4.1,1/1/2021
i04636,Ethan Martin,Music,4.8,11/24/2021
i04637,Isabella Taylor,Music,3.4,3/18/2018
i04638,Meera Hall,Design,4.7,12/14/2018
i04639,Ethan Davis,AI,4.8,8/29/2018
i04640,Benjamin Brown,Programming,4.4,5/14/2018
i04641,Zara Moore,Design,3.3,9/30/2018
i04642,Noah Sharma,Business,4.1,12/31/2019
i04643,Lucas Singh,Business,4.1,11/5/2019
i04644,Vihaan Brown,Design,4,1/1/2021
i04645,Mia Moore,Math,3.1,10/19/2018
i04646,Benjamin Wilson,Data Science,4.6,12/1/2019
i04647,Benjamin Thomas,AI,3.2,5/24/2018
i04648,Aarav Anderson,Business,4.9,9/24/2021
i04649,Lucas Patel,AI,3.3,2/7/2019
i04650,Noah Brown,Data Science,5,11/14/2018
i04651,Meera Singh,Design,4.3,1/13/2019
i04652,Arjun Smith,Biology,4.5,11/6/2020
i04653,Karan Johnson,AI,5,9/19/2018
i04654,Lucas Lewis,Business,4.7,5/12/2019
i04655,Arjun Singh,Programming,3.4,7/18/2021
i04656,Aarav Sharma,History,5,1/11/2021
i04657,Aarav Martin,Data Science,4.4,1/12/2019
i04658,Eva Hall,Programming,3.4,11/26/2021
i04659,Noah Davis,Programming,3.4,12/10/2020
i04660,Amelia Clark,Data Science,4.8,11/28/2018
i04661,Zara Smith,Biology,3.9,6/8/2020
i04662,Noah Singh,History,3.3,9/18/2019
i04663,Amelia Thomas,Math,3.6,3/1/2021
i04664,Sophia Lee,Programming,3.2,2/14/2021
i04665,Karan Walker,Biology,3.6,2/5/2018
i04666,Isabella Anderson,Math,4.7,2/9/2020
i04667,Mia Singh,Data Science,4,6/29/2020
i04668,Liam Taylor,Math,3.3,6/15/2021
i04669,Isabella Clark,Data Science,4.5,8/20/2018
i04670,Amelia Wilson,Physics,3.5,10/4/2021
i04671,Lucas Miller,Music,3.7,6/1/2020
i04672,Olivia Wilson,Data Science,4,2/5/2020
i04673,Aanya Lee,Business,4.8,3/29/2019
i04674,Ethan Lewis,Music,4.8,10/6/2021
i04675,Riya Taylor,Biology,4,4/25/2018
i04676,Liam Verma,Business,4,12/19/2021
i04677,Riya Walker,History,4.1,2/13/2018
i04678,Aarav Clark,AI,3.9,1/28/2020
i04679,Sophia Anderson,Programming,3.3,10/28/2020
i04680,Eva Walker,History,4.7,12/22/2019
i04681,Arjun Walker,AI,3.8,2/14/2018
i04682,Vihaan Smith,Data Science,4.9,11/9/2018
i04683,Lucas Miller,Math,4.4,7/6/2021
i04684,Mia Taylor,Design,3.6,12/29/2021
i04685,Emma Walker,Biology,3.9,2/27/2019
i04686,Noah Smith,Programming,3.4,7/23/2021
i04687,Isabella Clark,Physics,4.9,8/13/2021
i04688,Noah Martin,AI,3.6,11/10/2020
i04689,Karan Hall,Physics,3.3,8/2/2020
i04690,Isabella Hall,Physics,3,12/11/2019
i04691,Arjun Lewis,Programming,4,7/21/2019
i04692,Ethan Sharma,Design,3.3,5/2/2018
i04693,Mia Johnson,History,4.3,7/3/2020
i04694,Zara Anderson,Music,4.6,4/16/2018
i04695,Sophia Smith,Music,4.4,3/5/2021
i04696,Aarav Martin,Physics,3.9,1/5/2019
i04697,Liam Verma,History,4.4,11/5/2020
i04698,Aarav Verma,Physics,3.4,7/12/2020
i04699,Lucas Hall,History,3.7,7/26/2018
i04700,Benjamin Lee,Design,4.6,3/6/2020
i04701,Mia Verma,Data Science,4.3,12/30/2018
i04702,Riya Sharma,Biology,4.2,4/21/2018
i04703,Ethan Davis,History,3.2,5/1/2021
i04704,Benjamin Smith,History,3.3,3/5/2021
i04705,Isabella Patel,Business,4,2/26/2019
i04706,Isabella Lewis,AI,3.4,1/14/2018
i04707,Karan Walker,AI,3,5/6/2019
i04708,Eva Sharma,Data Science,3,8/19/2018
i04709,Mia Patel,Physics,3.7,1/10/2018
i04710,Isabella Smith,Math,3.8,10/20/2019
i04711,Ethan Verma,Business,3.9,1/15/2020
i04712,Eva Hall,AI,3.3,8/22/2018
i04713,Zara Taylor,Programming,4.4,4/25/2018
i04714,Aarav Hall,Business,4.1,7/20/2021
i04715,Mia Lee,Design,5,10/29/2019
i04716,Meera Thomas,Music,4.8,8/14/2021
i04717,Olivia Sharma,Business,5,1/2/2020
i04718,Emma Davis,Music,4.3,5/10/2020
i04719,Emma Moore,Design,4.9,2/2/2021
i04720,Noah Clark,Design,4.5,8/7/2021
i04721,Mia Moore,Design,4.9,9/25/2021
i04722,Aanya Verma,Data Science,3.4,4/3/2019
i04723,Amelia Moore,Math,4.3,9/14/2021
i04724,Benjamin Martin,History,4.4,12/23/2021
i04725,Ethan Verma,AI,4.1,11/9/2021
i04726,Zara Verma,Math,4.9,4/3/2019
i04727,Zara Taylor,AI,4.5,6/5/2019
i04728,Mia Verma,Business,3.8,9/15/2019
i04729,Emma Hall,Physics,4.2,7/23/2020
i04730,Vihaan Patel,Business,3.1,4/17/2021
i04731,Isabella Johnson,Programming,4,12/11/2020
i04732,Noah Lee,Data Science,4.5,2/14/2018
i04733,Benjamin Walker,Music,4.7,1/9/2018
i04734,Lucas Miller,Physics,4.7,6/7/2021
i04735,Lucas Lee,Music,3.3,9/13/2020
i04736,Ethan Lewis,AI,4.5,7/15/2021
i04737,Amelia Sharma,AI,3.8,7/29/2021
i04738,Karan Patel,Math,4.5,5/22/2020
i04739,Noah Walker,Data Science,3.6,6/18/2018
i04740,Riya Walker,Business,3.9,7/24/2021
i04741,Amelia Verma,Data Science,4.4,10/1/2019
i04742,Meera Verma,AI,3.2,7/16/2021
i04743,Liam Davis,Design,3.1,8/21/2021
i04744,Noah Martin,Math,3.6,10/26/2020
i04745,Aanya Johnson,Physics,3.3,11/23/2020
i04746,Lucas Lewis,Programming,3.9,1/11/2021
i04747,Amelia Davis,Data Science,4.1,4/10/2018
i04748,Benjamin Thomas,History,3.3,2/16/2018
i04749,Ethan Verma,Business,4.2,12/16/2020
i04750,Amelia Smith,Physics,4.2,6/26/2018
i04751,Olivia Clark,AI,3.3,6/5/2019
i04752,Zara Anderson,Data Science,4.2,6/18/2019
i04753,Benjamin Moore,History,3.2,4/12/2021
i04754,Lucas Johnson,Biology,3.3,9/18/2020
i04755,Meera Patel,History,4.1,8/31/2020
i04756,Karan Johnson,Design,4.7,10/8/2018
i04757,Sophia Lee,Music,4.5,10/12/2020
i04758,Lucas Patel,Business,3.1,1/17/2018
i04759,Liam Patel,Biology,4.3,1/10/2018
i04760,Aarav Taylor,Programming,3.8,8/26/2018
i04761,Olivia Brown,Biology,4.5,2/15/2020
i04762,Meera Taylor,Physics,4.7,10/22/2021
i04763,Mia Wilson,Data Science,3.3,1/6/2021
i04764,Benjamin Miller,Biology,4.4,6/13/2020
i04765,Eva Patel,Math,3.9,7/2/2021
i04766,Arjun Taylor,Design,3.1,10/26/2020
i04767,Liam Hall,AI,3.9,10/26/2018
i04768,Lucas Lewis,Biology,4.7,7/28/2021
i04769,Amelia Smith,Business,3.1,5/7/2018
i04770,Meera Brown,Physics,4,3/20/2018
i04771,Amelia Hall,AI,4.4,3/2/2018
i04772,Meera Sharma,History,3.6,2/16/2018
i04773,Aarav Patel,Music,4.4,6/24/2021
i04774,Zara Thomas,Math,3,2/26/2018
i04775,Aarav Taylor,Biology,3.8,1/6/2020
i04776,Vihaan Brown,Design,3.9,4/8/2020
i04777,Olivia Sharma,Design,4.7,4/9/2020
i04778,Isabella Clark,Business,3.2,7/30/2018
i04779,Vihaan Martin,History,4.3,10/12/2019
i04780,Amelia Johnson,History,3.9,2/28/2018
i04781,Olivia Hall,Design,3.1,11/9/2018
i04782,Karan Martin,Math,3.5,6/25/2018
i04783,Vihaan Wilson,Music,4.5,4/18/2019
i04784,Arjun Sharma,Business,3.5,6/30/2020
i04785,Aarav Patel,History,4,4/26/2019
i04786,Ethan Hall,Data Science,4.5,11/16/2018
i04787,Noah Miller,Business,3.4,9/7/2019
i04788,Ethan Lewis,Design,3,7/14/2019
i04789,Olivia Clark,Music,3.3,2/13/2020
i04790,Olivia Lee,History,3.5,5/8/2018
i04791,Ethan Wilson,Business,4.3,5/13/2018
i04792,Sophia Smith,Business,3.7,3/12/2018
i04793,Eva Smith,Programming,3.9,8/2/2021
i04794,Liam Taylor,Biology,3.3,2/19/2019
i04795,Liam Anderson,Data Science,4.8,2/24/2018
i04796,Karan Clark,Programming,3.8,4/23/2018
i04797,Aanya Martin,History,3.6,10/7/2019
i04798,Mia Verma,History,3.7,6/7/2019
i04799,Ethan Verma,History,4.3,5/11/2018
i04800,Noah Singh,Business,3.2,12/8/2018
i04801,Aarav Wilson,History,4.3,10/15/2021
i04802,Noah Smith,Physics,4.1,10/26/2020
i04803,Aarav Verma,Design,3.4,3/23/2019
i04804,Vihaan Wilson,Physics,4.5,12/29/2020
i04805,Riya Miller,History,4.8,8/23/2018
i04806,Vihaan Martin,AI,4.1,10/15/2021
i04807,Aarav Lewis,Music,4.3,12/2/2018
i04808,Aanya Miller,Math,4.6,12/21/2019
i04809,Aarav Davis,Business,3.8,9/23/2019
i04810,Ethan Clark,Physics,3.5,7/31/2020
i04811,Sophia Moore,History,3.3,8/6/2020
i04812,Amelia Singh,Design,4.1,2/9/2018
i04813,Noah Smith,Design,5,12/12/2019
i04814,Eva Smith,Data Science,4.4,5/31/2021
i04815,Amelia Singh,Music,3.9,6/13/2020
i04816,Karan Moore,Physics,3.1,4/19/2018
i04817,Arjun Sharma,Physics,4.9,1/31/2021
i04818,Isabella Hall,AI,3.2,2/18/2018
i04819,Eva Thomas,Music,5,8/12/2019
i04820,Isabella Patel,Business,4,7/27/2020
i04821,Amelia Moore,Business,4.2,4/4/2018
i04822,Noah Anderson,Design,3.3,5/13/2019
i04823,Zara Thomas,Programming,4.7,3/27/2021
i04824,Benjamin Thomas,Music,4.1,8/7/2021
i04825,Vihaan Walker,Data Science,4.2,7/2/2019
i04826,Vihaan Davis,Design,3.6,6/30/2019
i04827,Eva Thomas,Programming,4.7,7/18/2020
i04828,Eva Miller,Design,3.5,12/21/2020
i04829,Olivia Clark,Biology,3.5,11/26/2018
i04830,Benjamin Lewis,History,4.6,3/28/2020
i04831,Emma Miller,Business,4.4,8/31/2019
i04832,Olivia Martin,Design,3.1,8/15/2021
i04833,Aanya Taylor,History,3.3,7/17/2019
i04834,Zara Wilson,Math,3.3,10/13/2018
i04835,Arjun Taylor,Physics,4.2,5/22/2020
i04836,Emma Johnson,Programming,3.3,8/5/2019
i04837,Arjun Hall,Music,3.1,10/12/2020
i04838,Noah Sharma,Music,4.6,11/5/2020
i04839,Amelia Lee,Math,3.3,7/28/2021
i04840,Olivia Lee,Physics,4.1,11/18/2019
i04841,Arjun Martin,Physics,3.3,2/1/2018
i04842,Olivia Wilson,Business,4,4/30/2018
i04843,Emma Lee,Biology,4.4,12/28/2018
i04844,Aarav Sharma,Design,3.4,8/14/2021
i04845,Karan Lewis,Design,3.8,2/10/2019
i04846,Meera Anderson,Business,4.9,4/29/2018
i04847,Benjamin Lewis,Physics,4.3,11/18/2020
i04848,Noah Clark,Math,4.9,7/5/2018
i04849,Amelia Sharma,AI,4.2,1/8/2020
i04850,Ethan Johnson,Music,4.8,10/31/2020
i04851,Olivia Anderson,Music,4.4,10/31/2019
i04852,Karan Smith,AI,4.4,2/7/2019
i04853,Olivia Wilson,Biology,4.6,10/1/2018
i04854,Emma Lewis,Music,4.5,7/21/2021
i04855,Amelia Singh,Music,4.3,6/15/2021
i04856,Aanya Hall,History,4.5,7/2/2018
i04857,Lucas Sharma,History,3.1,5/8/2021
i04858,Arjun Patel,Math,3.3,4/21/2019
i04859,Zara Lewis,Business,3.3,5/3/2021
i04860,Meera Smith,Design,4.8,11/8/2020
i04861,Noah Smith,Programming,3.9,4/9/2019
i04862,Mia Sharma,Business,4.1,9/30/2018
i04863,Eva Johnson,Data Science,3.5,3/12/2019
i04864,Olivia Moore,Design,4.8,1/24/2020
i04865,Ethan Verma,Design,4.5,12/29/2020
i04866,Noah Clark,AI,4.2,8/17/2018
i04867,Karan Clark,Programming,4.4,9/11/2021
i04868,Emma Patel,Business,3.8,1/27/2020
i04869,Mia Patel,Music,3.6,3/3/2018
i04870,Karan Hall,Math,4.9,9/21/2018
i04871,Lucas Taylor,Physics,4.8,5/27/2018
i04872,Meera Taylor,Data Science,3.2,6/9/2018
i04873,Emma Davis,Music,4.9,5/15/2018
i04874,Arjun Wilson,Physics,4.8,7/7/2019
i04875,Mia Hall,Music,4.3,1/26/2021
i04876,Isabella Lee,Data Science,3.6,10/31/2021
i04877,Mia Singh,Data Science,3.1,3/21/2018
i04878,Isabella Patel,Programming,4,10/29/2021
i04879,Meera Singh,Math,4,10/5/2020
i04880,Emma Davis,AI,3.5,8/17/2021
i04881,Noah Hall,Design,3.9,4/30/2018
i04882,Arjun Martin,Design,3.9,3/27/2020
i04883,Olivia Brown,Programming,3.2,8/7/2021
i04884,Arjun Johnson,Business,4.7,1/27/2020
i04885,Vihaan Walker,Data Science,4,7/23/2021
i04886,Riya Smith,Data Science,3.5,2/17/2018
i04887,Isabella Thomas,Data Science,4.7,4/21/2021
i04888,Isabella Miller,Physics,3.9,9/24/2021
i04889,Lucas Thomas,Design,3.6,2/28/2019
i04890,Benjamin Davis,Data Science,4.1,10/13/2018
i04891,Noah Miller,Design,4.5,6/3/2020
i04892,Emma Thomas,Business,4.9,11/30/2018
i04893,Noah Lewis,AI,3.8,5/29/2020
i04894,Noah Moore,AI,3.7,11/21/2020
i04895,Zara Anderson,AI,3.3,1/24/2018
i04896,Olivia Lewis,History,4.3,5/11/2020
i04897,Arjun Singh,Programming,4.9,11/18/2020
i04898,Aarav Sharma,AI,4.2,10/17/2021
i04899,Isabella Johnson,AI,3.7,4/24/2021
i04900,Emma Walker,Music,4.3,6/8/2018
i04901,Amelia Lee,Business,3.3,9/7/2018
i04902,Lucas Smith,Physics,4,8/4/2021
i04903,Vihaan Singh,Programming,4.5,10/17/2018
i04904,Sophia Johnson,Math,4.4,4/21/2020
i04905,Meera Patel,Math,3,5/19/2019
i04906,Lucas Johnson,Math,4.5,1/25/2019
i04907,Emma Thomas,AI,3.8,4/30/2020
i04908,Amelia Sharma,Music,4.1,12/25/2018
i04909,Zara Davis,Music,4.4,7/18/2018
i04910,Benjamin Wilson,Business,4.7,5/22/2018
i04911,Ethan Smith,Programming,3.1,9/14/2018
i04912,Isabella Wilson,Biology,4.7,1/14/2021
i04913,Zara Patel,Business,4.6,11/11/2018
i04914,Mia Lewis,Data Science,3.6,7/18/2021
i04915,Vihaan Thomas,Programming,3.1,7/25/2019
i04916,Benjamin Smith,History,3.2,9/13/2018
i04917,Arjun Anderson,Biology,4.9,8/24/2021
i04918,Isabella Singh,History,4.7,2/2/2021
i04919,Benjamin Thomas,Biology,3.7,6/19/2020
i04920,Amelia Miller,Math,3.7,2/27/2018
i04921,Aarav Brown,AI,3.9,8/4/2021
i04922,Aarav Taylor,AI,3.3,7/29/2019
i04923,Amelia Miller,Design,5,3/30/2020
i04924,Noah Brown,Math,3.7,7/9/2021
i04925,Mia Clark,History,3.2,3/15/2020
i04926,Eva Walker,Physics,3.2,6/30/2020
i04927,Vihaan Lee,Physics,4.8,2/16/2021
i04928,Karan Taylor,Music,4.9,8/15/2020
i04929,Eva Johnson,Physics,3.7,9/25/2021
i04930,Aarav Thomas,Math,4.6,8/22/2019
i04931,Olivia Johnson,Math,3.8,1/16/2019
i04932,Mia Sharma,Biology,3.5,1/11/2020
i04933,Vihaan Lewis,Design,4.2,11/21/2021
i04934,Mia Singh,Programming,3.1,9/21/2018
i04935,Zara Walker,Programming,5,1/16/2021
i04936,Emma Anderson,Data Science,4.2,5/22/2019
i04937,Emma Lee,Business,4.9,2/26/2020
i04938,Lucas Lee,Math,4,7/2/2018
i04939,Lucas Smith,AI,4.6,12/27/2021
i04940,Olivia Thomas,Programming,3.3,9/2/2019
i04941,Benjamin Brown,Biology,3.4,5/25/2019
i04942,Sophia Walker,History,3.1,10/30/2020
i04943,Isabella Brown,Physics,4.5,12/10/2021
i04944,Lucas Anderson,Math,3.5,11/20/2021
i04945,Zara Verma,Business,4.5,7/30/2020
i04946,Eva Lewis,Biology,4.5,11/10/2021
i04947,Noah Clark,Physics,4.2,1/5/2018
i04948,Liam Davis,Programming,3.9,12/29/2021
i04949,Isabella Patel,Biology,4.4,12/30/2019
i04950,Sophia Hall,History,4.1,5/20/2021
i04951,Lucas Clark,History,4.2,7/1/2021
i04952,Ethan Clark,Design,4,10/3/2021
i04953,Meera Brown,Business,4,11/22/2020
i04954,Benjamin Davis,Math,3.3,3/27/2021
i04955,Liam Sharma,Data Science,3.2,4/25/2020
i04956,Emma Moore,Physics,4.1,2/17/2020
i04957,Arjun Verma,Data Science,4,9/21/2018
i04958,Noah Patel,Business,3.8,7/23/2020
i04959,Meera Verma,History,5,7/28/2018
i04960,Eva Singh,AI,3.1,3/4/2018
i04961,Lucas Wilson,Physics,4.1,12/11/2021
i04962,Isabella Verma,Business,3.9,7/31/2019
i04963,Lucas Miller,Biology,4.1,7/22/2019
i04964,Lucas Hall,Music,5,4/16/2021
i04965,Lucas Wilson,Design,3.8,4/23/2018
i04966,Liam Martin,Math,4.4,11/1/2019
i04967,Amelia Patel,Business,3.1,12/14/2020
i04968,Riya Miller,Business,4.2,8/22/2020
i04969,Ethan Verma,AI,3.8,1/19/2020
i04970,Ethan Anderson,Music,5,5/14/2020
i04971,Aarav Miller,AI,3.7,11/14/2018
i04972,Isabella Wilson,Data Science,3.5,1/14/2021
i04973,Lucas Smith,Design,3.8,10/13/2018
i04974,Eva Taylor,Design,4.6,11/5/2020
i04975,Benjamin Brown,AI,4.9,11/26/2018
i04976,Karan Martin,Music,4.1,4/8/2018
i04977,Eva Lewis,History,4.2,8/17/2019
i04978,Liam Lee,Physics,3.2,1/2/2020
i04979,Benjamin Taylor,Data Science,4.6,8/9/2020
i04980,Zara Moore,Design,4.9,12/9/2019
i04981,Vihaan Clark,Business,4.7,4/19/2018
i04982,Liam Walker,Design,3.1,11/7/2018
i04983,Benjamin Taylor,Physics,4.2,6/14/2019
i04984,Liam Davis,AI,4,1/3/2021
i04985,Olivia Smith,Design,3.6,12/28/2019
i04986,Olivia Martin,Business,4.1,1/30/2018
i04987,Benjamin Martin,Math,3.7,8/31/2021
i04988,Eva Singh,Math,3.4,10/16/2020
i04989,Mia Moore,Music,4.3,9/27/2019
i04990,Karan Martin,Data Science,4.9,4/12/2021
i04991,Mia Lee,Music,4.5,11/16/2021
i04992,Riya Davis,AI,4,10/19/2021
i04993,Sophia Patel,Data Science,4.3,10/29/2020
i04994,Liam Taylor,Music,4.4,6/3/2020
i04995,Emma Wilson,AI,4.9,7/10/2018
i04996,Aarav Walker,Design,5,1/18/2018
i04997,Benjamin Miller,Data Science,4,1/11/2018
i04998,Benjamin Smith,Biology,4.8,3/4/2018
i04999,Meera Singh,Programming,4.7,8/17/2019
i05000,Riya Clark,Data Science,3.1,7/8/2019
i05001,Aarav Wilson,Physics,4.4,5/12/2020
i05002,Sophia Walker,Programming,4.8,6/13/2018
i05003,Aarav Clark,History,4.3,5/18/2021
i05004,Emma Lewis,Data Science,4.5,7/31/2020
i05005,Meera Davis,Design,4,8/16/2021
i05006,Benjamin Davis,Data Science,3.8,9/6/2020
i05007,Ethan Hall,Math,5,9/15/2021
i05008,Eva Johnson,History,3.4,11/21/2018
i05009,Noah Johnson,Business,4.1,6/1/2021
i05010,Arjun Davis,Music,3.1,3/14/2019
i05011,Benjamin Miller,Music,3.3,7/19/2019
i05012,Liam Lee,Programming,4.2,11/22/2020
i05013,Meera Verma,Music,3.3,5/18/2019
i05014,Vihaan Lee,History,3.7,5/17/2019
i05015,Vihaan Taylor,AI,3.1,9/17/2021
i05016,Arjun Johnson,Programming,4.6,11/28/2021
i05017,Benjamin Brown,AI,3.9,12/7/2020
i05018,Liam Moore,Programming,4.9,5/10/2021
i05019,Ethan Taylor,Programming,4.7,6/9/2018
i05020,Arjun Davis,Music,4.6,6/4/2020
i05021,Olivia Miller,Design,3.5,8/8/2018
i05022,Olivia Walker,History,4.5,6/4/2019
i05023,Vihaan Sharma,Data Science,4.5,5/4/2021
i05024,Ethan Lewis,Physics,4.1,7/3/2020
i05025,Lucas Wilson,Physics,4.1,6/9/2018
i05026,Mia Lee,Music,4.7,8/10/2021
i05027,Arjun Clark,History,4.9,4/24/2020
i05028,Liam Johnson,Programming,3.5,2/10/2021
i05029,Emma Johnson,Music,3.1,10/3/2020
i05030,Liam Moore,Physics,3.3,4/2/2019
i05031,Sophia Patel,Biology,4.8,8/16/2021
i05032,Karan Wilson,Data Science,3.9,1/6/2021
i05033,Amelia Thomas,Programming,3.3,8/29/2020
i05034,Noah Sharma,Music,3.3,11/29/2021
i05035,Isabella Lee,History,4.4,1/5/2019
i05036,Riya Brown,Business,3,1/3/2018
i05037,Zara Singh,Biology,4.2,3/2/2020
i05038,Noah Brown,Music,3.6,1/17/2020
i05039,Zara Brown,Physics,4.6,12/22/2019
i05040,Sophia Lee,Biology,4.4,4/15/2018
i05041,Vihaan Moore,Programming,5,4/5/2018
i05042,Mia Wilson,Music,3.7,7/29/2019
i05043,Emma Hall,Physics,3.7,5/22/2019
i05044,Benjamin Patel,Biology,3.2,8/8/2019
i05045,Olivia Singh,Biology,4.4,8/26/2019
i05046,Aanya Davis,Data Science,4.5,2/7/2021
i05047,Aarav Anderson,History,5,6/20/2020
i05048,Vihaan Sharma,Biology,4.1,2/18/2018
i05049,Olivia Davis,Data Science,4.7,7/8/2018
i05050,Benjamin Patel,Design,4,4/13/2020
i05051,Zara Sharma,Music,4.9,9/11/2019
i05052,Olivia Singh,AI,3.8,9/19/2020
i05053,Vihaan Brown,History,3.4,6/12/2020
i05054,Aanya Anderson,AI,3.3,8/10/2021
i05055,Amelia Taylor,Business,3.1,4/5/2021
i05056,Ethan Moore,Data Science,5,10/30/2018
i05057,Aarav Walker,Programming,4.6,7/19/2021
i05058,Meera Verma,Design,3.9,11/1/2018
i05059,Meera Davis,Design,3.7,8/22/2020
i05060,Arjun Smith,Business,3.4,7/17/2018
i05061,Meera Moore,Data Science,4.5,5/5/2019
i05062,Eva Lee,Data Science,3.6,6/13/2020
i05063,Vihaan Verma,Math,4.6,9/18/2021
i05064,Riya Johnson,Music,4.8,9/21/2020
i05065,Arjun Clark,Programming,5,7/28/2019
i05066,Aanya Martin,AI,3.1,5/21/2018
i05067,Emma Johnson,Math,4.2,7/28/2021
i05068,Aanya Singh,Music,3.5,6/10/2019
i05069,Lucas Miller,Data Science,4.4,7/2/2020
i05070,Meera Johnson,AI,4.7,12/25/2019
i05071,Mia Johnson,Physics,4.9,1/5/2019
i05072,Aanya Smith,Math,3,9/24/2020
i05073,Riya Sharma,Data Science,3.8,8/21/2019
i05074,Isabella Davis,Music,4.1,7/25/2021
i05075,Aanya Moore,Biology,4.6,12/5/2019
i05076,Amelia Patel,Math,3.7,1/25/2019
i05077,Emma Smith,Business,4.3,10/10/2021
i05078,Karan Davis,Business,3.7,11/6/2018
i05079,Emma Hall,AI,4.7,1/15/2020
i05080,Arjun Patel,Math,3.5,7/12/2021
i05081,Liam Clark,Programming,4.7,9/21/2020
i05082,Sophia Miller,History,5,6/6/2018
i05083,Vihaan Anderson,Programming,4.5,6/23/2019
i05084,Arjun Moore,Music,4.5,8/27/2020
i05085,Eva Taylor,Business,3.8,1/2/2021
i05086,Benjamin Verma,Math,3.4,5/13/2018
i05087,Liam Miller,Music,4.8,8/29/2018
i05088,Riya Sharma,History,5,2/2/2021
i05089,Riya Smith,Programming,3.1,3/1/2020
i05090,Karan Martin,Business,4,10/28/2020
i05091,Arjun Brown,Biology,4.9,2/11/2018
i05092,Noah Smith,Programming,3.4,5/5/2021
i05093,Arjun Hall,Data Science,3.2,11/19/2021
i05094,Ethan Brown,Math,3.6,11/1/2021
i05095,Lucas Martin,Physics,3.1,12/3/2018
i05096,Riya Hall,Music,4,12/14/2021
i05097,Emma Brown,Business,4.6,6/22/2018
i05098,Noah Smith,Biology,3.4,10/20/2021
i05099,Amelia Moore,History,3.2,10/23/2018
i05100,Lucas Johnson,Design,3.1,12/8/2020
i05101,Karan Anderson,Biology,4.3,8/15/2018
i05102,Liam Davis,Design,4.8,11/13/2020
i05103,Noah Hall,Music,3.8,10/25/2020
i05104,Isabella Thomas,Music,3.5,12/5/2019
i05105,Meera Wilson,AI,3.7,2/27/2019
i05106,Benjamin Anderson,Physics,3.1,5/24/2018
i05107,Sophia Taylor,Design,4.5,7/13/2021
i05108,Mia Miller,Math,3.2,4/23/2019
i05109,Aanya Verma,History,3.9,4/27/2021
i05110,Aanya Miller,History,4.9,10/18/2021
i05111,Ethan Hall,Programming,3.9,9/9/2020
i05112,Olivia Verma,Physics,3.7,1/12/2019
i05113,Mia Patel,Math,3.8,1/14/2018
i05114,Riya Clark,AI,3.1,5/26/2018
i05115,Eva Smith,Physics,4.1,1/31/2019
i05116,Eva Brown,Business,3.8,5/10/2018
i05117,Ethan Lewis,Business,3.2,7/21/2021
i05118,Mia Moore,AI,3.5,5/6/2020
i05119,Liam Martin,Biology,4.1,7/15/2021
i05120,Amelia Anderson,Physics,3.6,2/13/2018
i05121,Lucas Lee,Data Science,4.4,12/30/2018
i05122,Emma Verma,AI,3.2,10/9/2020
i05123,Zara Moore,Business,3,8/16/2019
i05124,Isabella Davis,Business,4.2,2/19/2020
i05125,Noah Wilson,Business,3.2,10/14/2018
i05126,Meera Clark,Programming,4.8,3/20/2018
i05127,Emma Verma,Music,4.3,8/25/2018
i05128,Riya Brown,Data Science,3.4,5/1/2018
i05129,Karan Verma,AI,3.5,6/23/2021
i05130,Amelia Taylor,AI,4.3,10/22/2021
i05131,Aarav Brown,AI,3.6,10/20/2021
i05132,Emma Singh,AI,4.5,11/24/2019
i05133,Olivia Davis,Math,3.7,1/27/2020
i05134,Lucas Clark,Data Science,4,8/10/2018
i05135,Aarav Singh,History,4.9,10/15/2019
i05136,Lucas Davis,Biology,3.7,12/26/2020
i05137,Mia Lee,Biology,4,3/25/2019
i05138,Emma Singh,Design,4.9,7/6/2021
i05139,Sophia Brown,AI,4.2,4/9/2021
i05140,Riya Wilson,Music,4.5,9/12/2018
i05141,Eva Miller,Physics,3.3,11/25/2019
i05142,Aanya Patel,Programming,3.3,5/25/2021
i05143,Arjun Hall,Design,4.3,6/24/2021
i05144,Riya Smith,Music,4.1,12/19/2020
i05145,Meera Walker,Music,4.7,5/8/2018
i05146,Aarav Lee,Design,4.5,1/9/2020
i05147,Eva Miller,Biology,3.8,2/5/2019
i05148,Riya Hall,Math,5,12/12/2021
i05149,Arjun Lee,AI,3.3,9/24/2019
i05150,Meera Hall,AI,4.7,10/24/2018
i05151,Zara Patel,Design,3.4,4/29/2021
i05152,Lucas Johnson,Business,4.6,5/15/2019
i05153,Riya Smith,Business,4.7,5/22/2021
i05154,Noah Taylor,Math,3.8,8/13/2018
i05155,Isabella Clark,Music,3.1,3/22/2020
i05156,Aarav Lewis,Music,4.1,4/23/2019
i05157,Liam Taylor,AI,3.5,12/10/2020
i05158,Liam Singh,History,4.4,2/10/2018
i05159,Vihaan Lewis,AI,4.4,10/11/2018
i05160,Aanya Lee,Music,3.8,1/16/2019
i05161,Meera Clark,Music,3.7,11/6/2021
i05162,Benjamin Moore,Business,3.8,5/26/2021
i05163,Lucas Wilson,AI,4.3,3/17/2020
i05164,Karan Singh,Math,4,8/11/2021
i05165,Meera Brown,Physics,3.9,9/18/2020
i05166,Lucas Johnson,Programming,4.7,7/14/2019
i05167,Riya Lewis,Physics,4.5,7/5/2019
i05168,Benjamin Lewis,History,4.1,6/7/2019
i05169,Lucas Miller,Biology,3.6,12/6/2021
i05170,Olivia Thomas,Data Science,4.7,12/30/2019
i05171,Eva Verma,Design,4,8/4/2021
i05172,Sophia Lewis,Design,3.1,3/28/2021
i05173,Isabella Anderson,Programming,3.8,8/28/2020
i05174,Liam Walker,Biology,3.2,3/23/2018
i05175,Arjun Wilson,Programming,3.7,8/14/2021
i05176,Amelia Smith,Biology,3.1,7/26/2020
i05177,Arjun Wilson,Design,4.2,1/21/2020
i05178,Lucas Walker,Physics,3.3,12/22/2021
i05179,Vihaan Miller,Music,3.3,3/5/2018
i05180,Isabella Anderson,History,4.4,8/1/2018
i05181,Noah Lewis,Physics,3.4,12/31/2019
i05182,Noah Singh,AI,3.3,7/19/2020
i05183,Lucas Johnson,Music,3.1,8/9/2018
i05184,Sophia Clark,History,4.5,4/21/2020
i05185,Ethan Verma,Math,3.5,8/18/2021
i05186,Olivia Clark,Business,4.2,2/10/2020
i05187,Zara Wilson,Physics,4,12/18/2021
i05188,Zara Walker,History,4.6,1/18/2018
i05189,Olivia Lee,Design,3.1,8/1/2018
i05190,Benjamin Patel,Programming,4.4,12/4/2020
i05191,Olivia Martin,Data Science,3,8/13/2018
i05192,Karan Thomas,Data Science,5,11/18/2021
i05193,Zara Hall,Design,4.3,7/15/2019
i05194,Arjun Patel,Music,3.7,2/12/2021
i05195,Riya Smith,Data Science,3.8,12/25/2018
i05196,Vihaan Anderson,Physics,4.4,7/29/2018
i05197,Zara Johnson,Music,4.4,3/29/2019
i05198,Eva Clark,Physics,3.2,6/7/2020
i05199,Mia Lewis,Math,4.6,12/8/2020
i05200,Liam Moore,Design,4.6,9/1/2019
i05201,Lucas Moore,Music,4.5,10/1/2021
i05202,Zara Wilson,Music,4.6,1/4/2018
i05203,Liam Martin,Design,4.2,9/30/2019
i05204,Eva Davis,Programming,3.6,4/25/2020
i05205,Benjamin Walker,AI,4.3,9/29/2019
i05206,Emma Taylor,History,4.9,7/6/2021
i05207,Emma Singh,Business,4.6,11/22/2020
i05208,Benjamin Hall,Business,4.9,7/22/2021
i05209,Aarav Smith,Music,3.7,9/10/2021
i05210,Meera Patel,AI,4.7,7/15/2020
i05211,Eva Walker,History,3.3,9/24/2019
i05212,Aanya Singh,Data Science,4,1/1/2019
i05213,Mia Taylor,Programming,4.3,11/14/2018
i05214,Ethan Lewis,Biology,3.9,6/15/2019
i05215,Benjamin Miller,Design,4.5,1/29/2019
i05216,Zara Thomas,Programming,3.4,3/27/2018
i05217,Sophia Verma,Programming,3.6,3/7/2020
i05218,Zara Wilson,AI,4.4,3/4/2020
i05219,Aarav Miller,AI,3.8,5/3/2020
i05220,Liam Johnson,AI,4.3,5/5/2020
i05221,Meera Verma,AI,3.5,2/10/2019
i05222,Noah Hall,Programming,3.3,7/30/2021
i05223,Benjamin Davis,Biology,4.3,10/31/2021
i05224,Amelia Sharma,Data Science,4.9,4/28/2020
i05225,Vihaan Thomas,Music,4.6,12/30/2018
i05226,Karan Moore,Music,3.7,3/1/2019
i05227,Vihaan Singh,Business,4,8/21/2021
i05228,Isabella Thomas,Business,4,3/26/2020
i05229,Aarav Patel,Music,3.4,6/17/2020
i05230,Noah Miller,Physics,3.6,4/13/2021
i05231,Riya Sharma,Math,4.5,6/3/2019
i05232,Benjamin Lee,Math,3.4,11/21/2020
i05233,Aanya Smith,Music,4.8,5/15/2019
i05234,Zara Wilson,Data Science,3.8,5/12/2018
i05235,Aarav Davis,Biology,4.6,7/31/2018
i05236,Isabella Wilson,AI,4.1,3/16/2019
i05237,Eva Walker,Business,4,3/31/2018
i05238,Eva Davis,Design,3.2,2/10/2021
i05239,Eva Clark,Music,4.6,11/15/2020
i05240,Aarav Davis,History,3.4,6/3/2019
i05241,Liam Lewis,Data Science,4.8,4/16/2021
i05242,Lucas Wilson,Data Science,4.2,12/20/2020
i05243,Isabella Verma,Physics,3.5,3/18/2021
i05244,Sophia Walker,Business,3.3,11/9/2018
i05245,Riya Patel,Design,4.8,8/24/2018
i05246,Liam Anderson,History,3.3,3/20/2020
i05247,Aarav Brown,Math,3.6,7/24/2019
i05248,Aanya Miller,Business,3.5,8/1/2020
i05249,Zara Johnson,Business,4,2/6/2018
i05250,Aarav Lee,Music,4,6/22/2018
i05251,Aanya Brown,Data Science,3.9,10/31/2019
i05252,Aarav Thomas,History,4.9,3/30/2019
i05253,Emma Walker,Music,4.5,4/5/2019
i05254,Mia Davis,Music,4.3,6/9/2018
i05255,Noah Smith,Programming,3.9,2/19/2019
i05256,Ethan Miller,Biology,4,6/7/2018
i05257,Liam Lee,Biology,4.3,4/5/2018
i05258,Emma Brown,Programming,3.1,5/28/2020
i05259,Vihaan Miller,Math,3.3,3/17/2018
i05260,Mia Singh,Math,3.7,6/22/2018
i05261,Zara Lewis,AI,3,12/4/2021
i05262,Meera Patel,AI,4.5,2/2/2018
i05263,Sophia Brown,History,3.5,7/1/2020
i05264,Olivia Clark,Biology,4.7,4/20/2020
i05265,Benjamin Miller,AI,4.9,2/9/2020
i05266,Meera Patel,Math,4,6/11/2020
i05267,Isabella Clark,AI,4.7,5/30/2018
i05268,Riya Anderson,History,3.7,6/25/2019
i05269,Riya Lee,AI,4.9,12/16/2020
i05270,Aarav Johnson,Biology,4.5,11/14/2020
i05271,Noah Miller,Physics,4.1,7/30/2019
i05272,Benjamin Hall,Music,3.3,3/7/2021
i05273,Aarav Taylor,History,3.5,1/26/2019
i05274,Liam Hall,Data Science,3.5,8/14/2018
i05275,Zara Johnson,Programming,3.6,5/6/2019
i05276,Aanya Thomas,Design,3.2,3/12/2019
i05277,Liam Sharma,Design,3.2,1/24/2020
i05278,Aarav Anderson,Business,3.9,9/21/2018
i05279,Isabella Davis,Physics,4.7,9/10/2018
i05280,Sophia Martin,Data Science,4.6,9/4/2020
i05281,Emma Anderson,Physics,3.6,8/18/2021
i05282,Mia Martin,Math,3.2,1/25/2021
i05283,Ethan Lee,Music,3.9,1/26/2019
i05284,Karan Verma,Physics,3.2,10/3/2020
i05285,Sophia Martin,Math,4.8,2/15/2018
i05286,Mia Martin,AI,3.5,7/2/2020
i05287,Meera Thomas,Design,3.1,9/30/2019
i05288,Riya Johnson,Music,3,8/19/2021
i05289,Aarav Moore,Music,3.2,4/24/2018
i05290,Aarav Singh,Business,3.8,10/2/2018
i05291,Meera Clark,Physics,3.3,11/2/2019
i05292,Aarav Smith,Physics,3.3,1/22/2021
i05293,Riya Walker,Business,4.9,11/22/2021
i05294,Karan Sharma,Physics,4.4,9/5/2020
i05295,Mia Singh,AI,4.2,11/10/2019
i05296,Zara Sharma,Physics,4.2,10/31/2019
i05297,Emma Lee,Programming,3.8,6/15/2020
i05298,Riya Miller,Design,4.8,6/1/2020
i05299,Karan Verma,Biology,3.1,3/8/2021
i05300,Olivia Walker,Math,4,12/12/2019
i05301,Lucas Lee,History,3.8,7/17/2018
i05302,Eva Wilson,Design,4.5,8/29/2018
i05303,Arjun Sharma,Biology,3.4,11/25/2019
i05304,Liam Singh,Programming,4,10/16/2020
i05305,Vihaan Miller,Math,4.5,2/3/2019
i05306,Meera Moore,Math,4.6,12/13/2019
i05307,Arjun Lee,Music,4.5,11/8/2021
i05308,Vihaan Brown,Data Science,3.2,9/16/2018
i05309,Liam Patel,Programming,3.4,2/4/2020
i05310,Amelia Walker,History,3.1,3/24/2021
i05311,Riya Taylor,Math,4.4,6/13/2018
i05312,Meera Verma,Biology,3.3,11/13/2021
i05313,Zara Verma,History,3.8,8/4/2021
i05314,Riya Hall,Data Science,3.1,3/29/2019
i05315,Meera Taylor,AI,3,1/25/2020
i05316,Eva Taylor,Math,4.5,6/8/2019
i05317,Benjamin Walker,Programming,3.8,4/9/2019
i05318,Vihaan Singh,History,4.1,3/26/2019
i05319,Aarav Thomas,AI,4.7,2/22/2018
i05320,Arjun Martin,Physics,3.6,4/4/2020
i05321,Riya Davis,Programming,3.5,7/29/2019
i05322,Arjun Miller,Programming,4.3,12/29/2019
i05323,Meera Moore,History,4.4,3/10/2020
i05324,Isabella Miller,Math,4.6,3/10/2018
i05325,Emma Patel,History,3.2,8/18/2019
i05326,Amelia Davis,Biology,3.9,12/18/2021
i05327,Vihaan Walker,Data Science,4.6,5/3/2018
i05328,Benjamin Patel,Biology,3.8,5/6/2018
i05329,Olivia Thomas,Business,3.4,10/31/2021
i05330,Ethan Brown,Physics,3,1/25/2020
i05331,Amelia Moore,Data Science,4.8,7/27/2020
i05332,Riya Lewis,Programming,3.7,12/23/2018
i05333,Riya Anderson,Biology,4,1/20/2020
i05334,Karan Anderson,Data Science,4.6,1/23/2018
i05335,Noah Anderson,Physics,3.5,12/10/2021
i05336,Isabella Martin,Programming,5,2/2/2020
i05337,Vihaan Lee,Programming,4.7,11/11/2021
i05338,Eva Clark,Data Science,4.3,6/13/2018
i05339,Sophia Moore,AI,3.1,10/14/2020
i05340,Aarav Patel,Design,4,6/24/2019
i05341,Amelia Anderson,Biology,4.5,6/15/2020
i05342,Karan Hall,Physics,4.5,2/4/2021
i05343,Sophia Wilson,Biology,4.4,11/18/2019
i05344,Noah Moore,Programming,4.8,8/2/2020
i05345,Olivia Johnson,Music,3.9,9/18/2019
i05346,Eva Moore,Design,3.2,12/26/2019
i05347,Olivia Clark,Math,3.7,11/13/2019
i05348,Mia Smith,Music,4,12/10/2018
i05349,Emma Lee,Business,3.1,8/25/2019
i05350,Isabella Smith,AI,4.5,11/16/2019
i05351,Zara Thomas,Math,4.7,12/21/2019
i05352,Eva Clark,Programming,3.9,12/22/2021
i05353,Karan Clark,History,3.1,12/15/2018
i05354,Emma Taylor,Biology,4.6,9/7/2018
i05355,Benjamin Wilson,History,4.5,5/23/2018
i05356,Zara Patel,Programming,3.6,8/8/2020
i05357,Karan Sharma,Music,4.7,5/15/2020
i05358,Emma Sharma,AI,4.8,1/7/2018
i05359,Olivia Sharma,Math,4.8,11/6/2018
i05360,Aanya Taylor,Physics,3.1,5/26/2021
i05361,Karan Lewis,Programming,3.5,11/7/2019
i05362,Amelia Brown,Music,3.5,6/14/2019
i05363,Aarav Sharma,Design,4.7,8/10/2020
i05364,Vihaan Miller,Physics,3.3,2/29/2020
i05365,Isabella Johnson,Biology,3.2,8/10/2019
i05366,Vihaan Taylor,AI,3.5,6/9/2019
i05367,Ethan Wilson,Biology,3.7,6/29/2020
i05368,Karan Walker,Physics,4.6,9/10/2019
i05369,Noah Moore,Business,4.4,8/18/2019
i05370,Benjamin Smith,Physics,3.6,10/13/2021
i05371,Isabella Smith,Business,3.7,6/20/2020
i05372,Aanya Martin,Design,3.9,6/27/2018
i05373,Amelia Smith,Business,4.4,8/4/2021
i05374,Zara Moore,Design,4.9,7/9/2021
i05375,Amelia Patel,Design,3.8,3/27/2020
i05376,Vihaan Wilson,Music,3,4/1/2020
i05377,Meera Johnson,Physics,4.6,5/16/2020
i05378,Arjun Patel,Biology,3.9,7/12/2020
i05379,Riya Smith,Data Science,3.2,12/10/2020
i05380,Arjun Lee,AI,3.9,3/29/2020
i05381,Vihaan Davis,History,4.4,4/5/2018
i05382,Sophia Johnson,Music,3.7,7/21/2021
i05383,Lucas Wilson,Physics,4.8,9/9/2021
i05384,Meera Davis,Music,3.3,5/4/2018
i05385,Aanya Anderson,Programming,3.6,7/15/2021
i05386,Ethan Johnson,Business,3.6,5/26/2019
i05387,Isabella Hall,History,4.7,12/26/2019
i05388,Noah Singh,Physics,4.5,3/22/2021
i05389,Lucas Patel,Music,3.7,11/4/2020
i05390,Amelia Anderson,Math,4.3,6/23/2021
i05391,Arjun Anderson,Biology,4.9,3/25/2020
i05392,Arjun Thomas,AI,3,6/2/2020
i05393,Noah Lee,History,4.1,12/7/2020
i05394,Meera Anderson,Programming,3.8,2/4/2019
i05395,Zara Singh,Math,3.8,5/30/2021
i05396,Sophia Anderson,Business,4.4,3/23/2021
i05397,Sophia Clark,Programming,4.2,11/27/2020
i05398,Aanya Taylor,Physics,4.5,8/3/2021
i05399,Riya Singh,Programming,3.7,1/7/2021
i05400,Benjamin Taylor,History,4,8/7/2021
i05401,Sophia Lee,Business,4.9,7/17/2020
i05402,Olivia Taylor,AI,3.8,12/9/2020
i05403,Karan Thomas,History,3.6,2/11/2020
i05404,Amelia Patel,Design,3.8,12/24/2021
i05405,Olivia Singh,History,3,1/13/2021
i05406,Liam Sharma,Business,3.6,2/12/2021
i05407,Zara Johnson,Physics,4.2,1/25/2019
i05408,Meera Sharma,Design,4.6,8/2/2019
i05409,Karan Moore,Music,4.5,10/6/2019
i05410,Aanya Johnson,History,3.3,6/20/2020
i05411,Sophia Miller,AI,4.7,1/11/2019
i05412,Aarav Thomas,Music,4.2,1/20/2020
i05413,Aanya Verma,Math,3.7,10/29/2019
i05414,Emma Clark,Data Science,3.6,7/8/2020
i05415,Noah Brown,Physics,4.3,5/2/2021
i05416,Aanya Lewis,Music,4.2,11/9/2018
i05417,Meera Singh,AI,3.9,7/6/2020
i05418,Lucas Anderson,Business,3.9,12/20/2020
i05419,Amelia Moore,Math,4.1,8/1/2020
i05420,Karan Moore,Music,5,12/7/2018
i05421,Riya Miller,Biology,3.7,10/10/2018
i05422,Amelia Thomas,Business,4.1,11/11/2021
i05423,Riya Brown,Biology,4,11/6/2020
i05424,Ethan Smith,Programming,3.8,4/5/2019
i05425,Olivia Hall,Music,4.1,8/3/2021
i05426,Zara Smith,Biology,3.8,6/25/2020
i05427,Aanya Hall,Business,3.2,4/12/2020
i05428,Meera Thomas,Music,4.8,12/13/2019
i05429,Meera Taylor,AI,3.7,9/15/2019
i05430,Eva Martin,AI,3.8,8/31/2019
i05431,Vihaan Brown,Business,3.9,5/21/2018
i05432,Zara Patel,History,3.4,7/17/2019
i05433,Karan Patel,History,4.7,2/10/2021
i05434,Lucas Singh,Music,3.2,8/30/2019
i05435,Zara Taylor,Design,4.6,9/26/2019
i05436,Arjun Davis,History,3.7,5/30/2020
i05437,Vihaan Lewis,Music,4.5,12/15/2020
i05438,Liam Lee,History,3.6,5/16/2020
i05439,Meera Lewis,Programming,3.3,5/14/2021
i05440,Olivia Johnson,Data Science,4.2,7/17/2021
i05441,Aarav Smith,History,4.2,6/13/2020
i05442,Isabella Thomas,History,4.1,4/2/2020
i05443,Aanya Smith,History,4,5/2/2019
i05444,Riya Moore,Music,3.2,4/5/2021
i05445,Lucas Lewis,Data Science,4.8,5/29/2018
i05446,Sophia Wilson,Programming,4.9,6/18/2020
i05447,Zara Miller,Music,3.3,4/20/2019
i05448,Sophia Lewis,Music,3.1,5/17/2019
i05449,Emma Wilson,Business,3.8,8/18/2018
i05450,Liam Moore,Business,3.3,4/25/2019
i05451,Noah Anderson,Physics,4.7,7/27/2019
i05452,Isabella Clark,Biology,4.8,10/20/2018
i05453,Liam Taylor,Physics,3.6,7/19/2020
i05454,Aarav Thomas,History,4.1,7/19/2020
i05455,Mia Clark,Biology,3,4/13/2019
i05456,Ethan Taylor,Music,4.9,7/15/2021
i05457,Olivia Hall,Physics,4.7,7/13/2018
i05458,Liam Moore,Data Science,3,7/22/2021
i05459,Aanya Walker,Physics,3.9,3/7/2020
i05460,Sophia Singh,Biology,3,6/21/2021
i05461,Zara Patel,AI,3.5,3/7/2020
i05462,Noah Lee,Data Science,4,7/20/2020
i05463,Mia Walker,Music,3.6,7/31/2021
i05464,Aanya Johnson,Physics,3.6,1/17/2021
i05465,Isabella Taylor,Biology,3.2,6/4/2020
i05466,Ethan Wilson,Music,3.8,8/4/2019
i05467,Meera Sharma,Physics,4.3,6/20/2019
i05468,Karan Hall,History,3.8,3/10/2020
i05469,Meera Lee,Programming,3.6,9/14/2018
i05470,Aanya Anderson,AI,3.2,4/22/2019
i05471,Karan Hall,Music,3.8,1/18/2019
i05472,Lucas Martin,Music,4.8,3/20/2018
i05473,Aarav Anderson,Programming,3.5,3/21/2018
i05474,Meera Anderson,Programming,3.1,11/26/2021
i05475,Karan Patel,History,3.7,7/4/2020
i05476,Meera Lee,Design,4.2,6/29/2020
i05477,Aanya Miller,Business,4.5,8/21/2018
i05478,Lucas Thomas,Programming,3.4,10/14/2019
i05479,Karan Brown,Programming,4.3,10/19/2019
i05480,Aanya Davis,Physics,3.9,7/25/2020
i05481,Isabella Martin,Math,3.3,3/27/2021
i05482,Arjun Smith,Biology,4.4,4/14/2018
i05483,Isabella Singh,Math,4.3,12/20/2020
i05484,Arjun Lewis,AI,3.9,8/21/2019
i05485,Vihaan Verma,Business,4.6,1/2/2018
i05486,Eva Anderson,Music,3.5,6/14/2020
i05487,Noah Brown,AI,3.3,8/26/2021
i05488,Mia Taylor,Math,4.6,3/29/2020
i05489,Aarav Hall,Biology,4.9,4/24/2019
i05490,Riya Wilson,Programming,4.1,5/17/2018
i05491,Zara Walker,Music,3.8,6/28/2021
i05492,Ethan Martin,Biology,3.8,12/28/2019
i05493,Karan Wilson,Design,3.3,8/2/2021
i05494,Karan Singh,AI,4.9,5/11/2021
i05495,Vihaan Clark,Design,3.6,8/14/2020
i05496,Riya Clark,Physics,3.1,4/30/2020
i05497,Aarav Smith,Math,3.9,9/16/2020
i05498,Karan Walker,Programming,3.4,8/4/2020
i05499,Sophia Lee,Data Science,3.1,7/22/2018
i05500,Riya Brown,Music,3.9,1/4/2019
i05501,Riya Singh,Math,3.9,9/15/2020
i05502,Liam Johnson,Physics,4.2,12/5/2021
i05503,Olivia Sharma,Biology,4.4,2/4/2019
i05504,Aanya Patel,Music,3.3,10/23/2018
i05505,Aarav Sharma,Data Science,3.2,5/26/2021
i05506,Eva Anderson,Data Science,3.1,12/9/2021
i05507,Amelia Johnson,Design,4.7,6/27/2019
i05508,Emma Patel,Music,3.5,7/22/2018
i05509,Sophia Moore,Physics,3.2,2/21/2020
i05510,Liam Lee,History,3.2,11/13/2018
i05511,Amelia Taylor,Physics,3.5,4/16/2020
i05512,Aarav Moore,Design,3.6,11/24/2020
i05513,Zara Moore,Programming,4.5,10/13/2020
i05514,Eva Miller,Math,3.4,7/30/2018
i05515,Olivia Brown,AI,3.3,9/21/2019
i05516,Mia Wilson,AI,4.7,3/21/2018
i05517,Aarav Hall,Music,3.2,8/8/2021
i05518,Eva Clark,Music,3.1,2/11/2020
i05519,Vihaan Davis,Design,3.3,7/14/2020
i05520,Arjun Lee,Programming,3.6,12/10/2021
i05521,Lucas Johnson,Programming,3.1,6/26/2021
i05522,Riya Wilson,Business,3.7,11/7/2020
i05523,Riya Verma,Music,5,8/4/2019
i05524,Emma Brown,Data Science,4.7,2/13/2020
i05525,Benjamin Wilson,Data Science,4.9,10/27/2018
i05526,Amelia Wilson,Biology,3.6,1/21/2018
i05527,Zara Lee,Data Science,4.8,6/2/2018
i05528,Karan Anderson,Design,5,11/5/2020
i05529,Emma Hall,History,3.5,1/7/2021
i05530,Aarav Lewis,Physics,5,8/25/2019
i05531,Aarav Thomas,Biology,3.6,12/18/2021
i05532,Zara Lewis,Programming,3.6,1/29/2019
i05533,Aanya Moore,AI,3.7,1/5/2018
i05534,Liam Miller,AI,4,9/25/2020
i05535,Lucas Miller,Math,3.6,6/16/2021
i05536,Liam Miller,Data Science,3.2,8/10/2019
i05537,Riya Wilson,Biology,4.5,4/19/2021
i05538,Aarav Hall,Music,4.3,7/8/2018
i05539,Aanya Clark,Data Science,3.5,9/8/2019
i05540,Ethan Martin,Biology,3.2,11/15/2021
i05541,Vihaan Wilson,Business,3.6,12/17/2021
i05542,Karan Wilson,Design,4,6/3/2018
i05543,Meera Brown,Business,3.4,4/11/2020
i05544,Arjun Davis,Design,3.5,5/3/2018
i05545,Aarav Sharma,Physics,4.5,5/6/2021
i05546,Vihaan Lewis,Biology,4.7,8/23/2021
i05547,Liam Walker,AI,3.1,7/14/2021
i05548,Emma Patel,Data Science,4.9,1/28/2018
i05549,Liam Lee,Business,4.9,10/3/2019
i05550,Zara Smith,Math,3.7,6/20/2019
i05551,Lucas Walker,AI,3.8,8/6/2021
i05552,Emma Hall,Music,4.3,9/6/2019
i05553,Karan Taylor,History,3.8,11/16/2021
i05554,Riya Sharma,Data Science,3.9,1/13/2020
i05555,Sophia Clark,History,4.6,6/4/2018
i05556,Emma Anderson,History,4.1,11/11/2018
i05557,Amelia Anderson,Physics,4.5,12/5/2019
i05558,Emma Davis,Biology,3.1,12/4/2018
i05559,Benjamin Taylor,Design,3.2,6/11/2019
i05560,Zara Anderson,Math,4.5,11/15/2019
i05561,Emma Martin,Design,3.6,5/9/2019
i05562,Karan Taylor,History,3.7,4/21/2020
i05563,Zara Taylor,Programming,4,6/27/2021
i05564,Karan Anderson,Business,4.7,6/18/2021
i05565,Isabella Lewis,Programming,3.3,5/9/2021
i05566,Riya Taylor,Data Science,4,1/12/2021
i05567,Lucas Brown,AI,3.8,6/21/2021
i05568,Emma Sharma,Math,4.3,2/27/2021
i05569,Olivia Martin,Business,3.2,5/27/2019
i05570,Olivia Sharma,Physics,4.4,7/4/2018
i05571,Amelia Clark,Data Science,3.3,3/3/2021
i05572,Emma Martin,Music,4.6,10/7/2020
i05573,Benjamin Clark,Biology,4.4,11/27/2021
i05574,Emma Singh,AI,3.2,11/13/2021
i05575,Noah Hall,Physics,4.8,2/21/2021
i05576,Ethan Davis,Programming,3.1,3/28/2020
i05577,Liam Sharma,Biology,4,6/5/2019
i05578,Amelia Martin,Music,4.9,4/9/2020
i05579,Zara Brown,Programming,4.8,11/4/2021
i05580,Emma Sharma,Programming,4.4,9/12/2018
i05581,Meera Miller,Business,4.5,7/2/2018
i05582,Liam Verma,Design,3.1,1/9/2019
i05583,Ethan Martin,Data Science,3.2,12/7/2021
i05584,Zara Anderson,Music,4.5,10/20/2018
i05585,Benjamin Wilson,Design,3.6,9/21/2020
i05586,Benjamin Thomas,Biology,4.4,11/28/2018
i05587,Sophia Sharma,Business,3.9,12/21/2019
i05588,Noah Verma,Math,3.7,3/10/2018
i05589,Noah Walker,Biology,3.7,10/21/2021
i05590,Sophia Clark,Physics,4.3,9/20/2021
i05591,Isabella Smith,Math,3.9,1/4/2021
i05592,Lucas Hall,Physics,4.9,5/12/2021
i05593,Karan Patel,Business,4.4,8/20/2019
i05594,Emma Moore,Programming,4.1,12/6/2021
i05595,Aarav Sharma,Design,3.9,5/20/2021
i05596,Aanya Lewis,Design,4.2,7/2/2020
i05597,Olivia Thomas,Math,3.7,3/16/2021
i05598,Eva Walker,Programming,3.8,2/1/2020
i05599,Aarav Singh,Programming,3,1/21/2018
i05600,Riya Moore,Business,4.7,6/19/2021
i05601,Liam Hall,Business,3.3,10/12/2021
i05602,Eva Miller,Math,3,12/6/2021
i05603,Arjun Davis,Data Science,3.3,10/4/2020
i05604,Noah Lee,Data Science,4.6,7/8/2021
i05605,Olivia Singh,Math,4.8,4/10/2020
i05606,Aarav Davis,Design,4.1,11/19/2021
i05607,Isabella Brown,AI,4.9,2/9/2021
i05608,Olivia Johnson,History,4.9,7/13/2021
i05609,Sophia Wilson,Business,3.1,5/24/2021
i05610,Lucas Taylor,Business,3.6,12/19/2019
i05611,Olivia Hall,Math,4.2,12/19/2021
i05612,Arjun Thomas,Business,3.2,6/2/2021
i05613,Meera Wilson,Design,3.2,4/12/2020
i05614,Isabella Lewis,AI,3.5,4/2/2021
i05615,Zara Thomas,Biology,4,12/15/2020
i05616,Emma Singh,Data Science,3.2,4/28/2021
i05617,Mia Hall,Design,3.2,10/30/2019
i05618,Aarav Johnson,AI,3.2,12/3/2020
i05619,Karan Singh,Programming,4.7,3/12/2021
i05620,Aanya Hall,Math,3.7,5/17/2019
i05621,Aanya Smith,History,5,8/4/2021
i05622,Isabella Davis,Programming,5,10/5/2018
i05623,Liam Wilson,Programming,3.9,5/1/2021
i05624,Lucas Miller,Music,4.5,9/25/2018
i05625,Sophia Smith,Biology,4.8,10/21/2021
i05626,Karan Lee,Physics,3.9,10/2/2018
i05627,Mia Sharma,Music,3.7,3/31/2018
i05628,Mia Walker,Data Science,3.4,9/1/2019
i05629,Aarav Wilson,Business,4,8/7/2021
i05630,Mia Davis,Math,3.2,3/26/2021
i05631,Vihaan Smith,Design,4.7,10/27/2018
i05632,Aanya Patel,Design,3.9,8/18/2021
i05633,Olivia Sharma,Music,4.1,5/29/2019
i05634,Vihaan Singh,AI,3.8,8/6/2019
i05635,Lucas Lee,Programming,4.9,1/2/2021
i05636,Vihaan Lewis,AI,4.7,11/29/2018
i05637,Sophia Brown,Business,5,3/23/2021
i05638,Noah Johnson,Business,4.1,12/11/2019
i05639,Meera Moore,AI,3.1,4/12/2019
i05640,Sophia Taylor,Music,3.8,7/3/2019
i05641,Vihaan Thomas,AI,4.3,5/1/2019
i05642,Zara Davis,Business,4.3,6/11/2018
i05643,Karan Lewis,Music,4.4,8/7/2019
i05644,Olivia Johnson,Math,3.6,6/13/2020
i05645,Eva Singh,Programming,4.3,6/11/2018
i05646,Zara Hall,Data Science,3.2,5/26/2021
i05647,Eva Moore,Design,3.7,5/20/2019
i05648,Isabella Moore,Math,4.8,5/3/2020
i05649,Meera Lee,Physics,4,1/26/2018
i05650,Emma Taylor,Business,3.4,5/22/2018
i05651,Meera Clark,History,4.2,2/2/2018
i05652,Amelia Sharma,Design,3.6,10/10/2020
i05653,Amelia Taylor,Math,3.6,12/5/2021
i05654,Sophia Johnson,Music,4.9,7/28/2020
i05655,Isabella Sharma,Physics,4.5,2/28/2018
i05656,Sophia Sharma,Biology,4,10/31/2019
i05657,Eva Lewis,Physics,3.6,1/24/2021
i05658,Arjun Johnson,Physics,3.4,8/17/2019
i05659,Karan Johnson,AI,5,9/16/2020
i05660,Noah Hall,Data Science,3.1,11/12/2018
i05661,Lucas Anderson,Biology,5,3/22/2020
i05662,Benjamin Hall,Music,3.8,1/18/2018
i05663,Aarav Singh,AI,3.1,2/25/2018
i05664,Meera Davis,Programming,3.1,10/6/2019
i05665,Eva Taylor,Data Science,3,1/26/2021
i05666,Amelia Brown,Music,4.1,11/11/2021
i05667,Noah Anderson,Business,3.5,12/17/2018
i05668,Arjun Thomas,Data Science,4.9,9/8/2018
i05669,Noah Patel,Biology,4.7,10/1/2018
i05670,Zara Lewis,Programming,4.3,11/29/2018
i05671,Vihaan Singh,AI,3.2,3/3/2021
i05672,Emma Wilson,History,4,6/7/2019
i05673,Olivia Johnson,Math,4.6,6/24/2021
i05674,Vihaan Hall,Biology,3.4,11/17/2021
i05675,Vihaan Singh,Programming,3.6,2/14/2021
i05676,Amelia Davis,Physics,3.7,1/31/2018
i05677,Emma Verma,Music,3.6,7/11/2021
i05678,Ethan Lee,Design,3.8,3/25/2020
i05679,Aarav Anderson,Design,4.3,5/1/2019
i05680,Lucas Anderson,Physics,4.9,3/30/2021
i05681,Ethan Martin,AI,3.2,12/20/2018
i05682,Aanya Davis,Biology,4.1,11/6/2019
i05683,Eva Thomas,Music,4.6,10/8/2021
i05684,Emma Walker,Music,4.4,12/24/2019
i05685,Lucas Hall,Physics,4.9,11/17/2019
i05686,Amelia Martin,Physics,3.4,5/23/2018
i05687,Sophia Taylor,Music,3.1,1/8/2018
i05688,Noah Davis,Programming,3.8,5/24/2020
i05689,Sophia Miller,Biology,4.2,5/3/2020
i05690,Ethan Patel,Music,3.4,7/30/2019
i05691,Aarav Verma,Business,4.3,3/17/2021
i05692,Aarav Smith,Physics,4.3,12/10/2019
i05693,Benjamin Moore,Biology,3.4,3/23/2018
i05694,Liam Brown,Music,3.3,12/7/2020
i05695,Amelia Lee,Biology,4.3,4/14/2020
i05696,Aarav Walker,Math,4.5,3/31/2020
i05697,Noah Smith,Biology,4.1,4/7/2018
i05698,Noah Clark,Biology,4.6,8/3/2018
i05699,Zara Taylor,History,4.9,1/27/2020
i05700,Ethan Sharma,Business,3.1,3/28/2020
i05701,Vihaan Sharma,Data Science,3.6,6/16/2018
i05702,Benjamin Martin,AI,4,4/15/2021
i05703,Aanya Lee,Data Science,3.8,3/9/2019
i05704,Emma Davis,Design,3.1,2/17/2020
i05705,Ethan Singh,Music,3.8,2/18/2019
i05706,Karan Singh,Music,3.6,1/28/2019
i05707,Vihaan Johnson,Data Science,3.8,2/25/2020
i05708,Vihaan Singh,Biology,3.7,1/28/2019
i05709,Aarav Wilson,Business,4.7,12/9/2021
i05710,Emma Miller,Math,4.4,10/24/2020
i05711,Ethan Taylor,Data Science,4.2,8/5/2019
i05712,Lucas Walker,Data Science,3.8,5/23/2019
i05713,Amelia Verma,Math,3.5,7/23/2021
i05714,Riya Hall,History,4.7,8/23/2018
i05715,Eva Clark,Programming,3.2,7/2/2021
i05716,Mia Patel,Music,3.2,12/1/2019
i05717,Eva Taylor,Design,3,6/9/2019
i05718,Liam Johnson,AI,3.1,11/22/2020
i05719,Riya Patel,Business,3.8,8/23/2020
i05720,Benjamin Hall,AI,3.2,8/28/2021
i05721,Vihaan Johnson,Design,3.4,9/25/2020
i05722,Aarav Patel,Data Science,3.1,12/6/2020
i05723,Mia Thomas,Math,3.8,7/29/2019
i05724,Meera Lee,Biology,4.5,6/29/2021
i05725,Benjamin Walker,Biology,4.5,3/6/2018
i05726,Ethan Moore,Biology,3.7,3/31/2021
i05727,Arjun Singh,Biology,3.1,12/7/2021
i05728,Eva Clark,Math,4.9,3/24/2020
i05729,Vihaan Taylor,History,3.8,8/8/2018
i05730,Eva Martin,Business,3.3,3/22/2021
i05731,Eva Thomas,Biology,3.3,12/16/2021
i05732,Vihaan Martin,Business,4.7,6/12/2020
i05733,Meera Martin,Business,3.4,12/12/2018
i05734,Lucas Moore,Music,4.4,12/19/2020
i05735,Lucas Verma,History,3.7,3/3/2019
i05736,Aarav Anderson,Math,4.8,3/29/2018
i05737,Emma Moore,Business,3,1/22/2020
i05738,Meera Hall,Math,3.2,2/18/2018
i05739,Mia Verma,Business,3.3,10/20/2021
i05740,Zara Miller,Business,4.2,10/8/2020
i05741,Amelia Patel,Business,3.7,5/29/2020
i05742,Lucas Davis,AI,4.8,2/5/2021
i05743,Vihaan Miller,Physics,3.9,3/21/2018
i05744,Emma Anderson,Design,3.9,4/14/2018
i05745,Liam Anderson,Music,3.7,5/26/2018
i05746,Eva Davis,Business,4.1,11/21/2021
i05747,Riya Taylor,Biology,4.7,1/18/2021
i05748,Meera Wilson,Design,3.6,9/6/2018
i05749,Karan Singh,Math,4.3,2/13/2018
i05750,Aanya Taylor,Music,3.8,6/2/2018
i05751,Emma Martin,Data Science,3.7,1/23/2021
i05752,Zara Patel,AI,3.1,4/11/2021
i05753,Noah Thomas,AI,4.4,9/14/2019
i05754,Meera Thomas,Physics,4.3,7/14/2018
i05755,Mia Martin,Data Science,3.8,10/9/2021
i05756,Lucas Lee,Music,4.9,8/20/2021
i05757,Karan Smith,Programming,4.7,2/6/2019
i05758,Karan Anderson,Data Science,4.5,5/6/2021
i05759,Amelia Wilson,Business,3.4,2/7/2020
i05760,Eva Miller,AI,4.5,5/10/2018
i05761,Isabella Lewis,AI,4.4,9/18/2019
i05762,Riya Moore,History,3.1,2/7/2020
i05763,Isabella Davis,History,3.3,7/6/2020
i05764,Vihaan Smith,Biology,3,10/17/2020
i05765,Liam Moore,Physics,4.6,2/1/2021
i05766,Aarav Moore,Business,3.8,5/1/2018
i05767,Vihaan Walker,Biology,4.5,7/23/2019
i05768,Liam Wilson,Design,3.3,9/7/2019
i05769,Emma Wilson,AI,4.9,5/28/2019
i05770,Sophia Davis,Math,4.3,7/28/2019
i05771,Aanya Thomas,Music,3.6,12/25/2018
i05772,Arjun Singh,Music,4.6,3/19/2019
i05773,Benjamin Hall,Music,3.3,6/15/2021
i05774,Meera Sharma,Design,3.8,12/30/2020
i05775,Isabella Brown,AI,3.8,1/26/2020
i05776,Riya Johnson,Math,3.6,2/16/2020
i05777,Eva Anderson,Design,3.4,4/29/2019
i05778,Karan Verma,Design,3.4,8/13/2020
i05779,Isabella Singh,Business,3.6,1/9/2018
i05780,Aarav Brown,Data Science,4.5,8/20/2021
i05781,Mia Hall,Data Science,4.5,11/13/2021
i05782,Noah Walker,AI,3.6,7/27/2021
i05783,Meera Brown,Music,3.4,3/30/2018
i05784,Noah Taylor,Biology,3,11/1/2021
i05785,Sophia Miller,Business,4.4,4/24/2018
i05786,Benjamin Taylor,Programming,3.4,10/9/2021
i05787,Ethan Anderson,Math,4.8,10/24/2018
i05788,Liam Thomas,Music,4.6,10/25/2019
i05789,Amelia Taylor,Math,3.3,2/3/2019
i05790,Noah Verma,Business,3.2,3/19/2018
i05791,Amelia Walker,Business,4,9/25/2021
i05792,Meera Moore,Design,3.3,10/11/2019
i05793,Benjamin Verma,Math,4.9,2/18/2021
i05794,Eva Brown,Physics,3.8,10/17/2021
i05795,Noah Clark,Programming,4.1,8/27/2021
i05796,Emma Thomas,Math,3.5,8/16/2021
i05797,Vihaan Walker,History,3.1,8/16/2021
i05798,Amelia Moore,History,3.9,1/12/2021
i05799,Sophia Taylor,Music,3.1,10/17/2020
i05800,Ethan Taylor,Design,4,1/8/2018
i05801,Amelia Thomas,Programming,3,3/21/2020
i05802,Benjamin Johnson,Music,3.9,7/12/2018
i05803,Emma Taylor,Physics,4.9,5/19/2020
i05804,Meera Thomas,Music,3.8,2/11/2021
i05805,Eva Brown,Biology,4.7,6/14/2018
i05806,Mia Patel,Programming,3,1/8/2018
i05807,Meera Davis,AI,3.6,9/15/2018
i05808,Ethan Brown,Music,4.3,5/2/2021
i05809,Isabella Verma,Data Science,4,5/8/2019
i05810,Aanya Clark,Business,4.2,10/20/2018
i05811,Karan Sharma,History,4.1,7/5/2021
i05812,Sophia Davis,Math,3.1,1/6/2018
i05813,Aanya Wilson,Music,3.6,7/15/2019
i05814,Emma Davis,Music,3.1,11/9/2021
i05815,Karan Johnson,Physics,3.2,6/28/2018
i05816,Sophia Martin,Music,4.9,6/7/2018
i05817,Sophia Taylor,Business,3.1,8/27/2020
i05818,Sophia Martin,Design,4,8/14/2021
i05819,Mia Patel,Music,3.5,12/28/2020
i05820,Isabella Singh,Business,4.4,7/3/2019
i05821,Vihaan Lee,Math,3.6,2/3/2021
i05822,Eva Thomas,History,3,6/25/2020
i05823,Riya Martin,Math,3.3,3/8/2020
i05824,Zara Walker,History,3.1,12/11/2019
i05825,Noah Sharma,AI,4.7,5/27/2018
i05826,Riya Singh,Music,5,12/27/2019
i05827,Ethan Patel,Business,4.9,9/11/2021
i05828,Vihaan Anderson,Biology,4.8,3/11/2018
i05829,Eva Miller,Math,4.8,9/14/2021
i05830,Isabella Smith,Math,4,4/3/2021
i05831,Aarav Sharma,Music,4,9/3/2019
i05832,Amelia Moore,Design,4,11/7/2021
i05833,Meera Patel,Business,3.7,1/22/2019
i05834,Aarav Martin,Physics,4.1,11/21/2020
i05835,Benjamin Verma,Biology,4.4,2/15/2019
i05836,Zara Taylor,Music,3.7,5/14/2018
i05837,Lucas Wilson,History,3.6,1/17/2021
i05838,Eva Taylor,Biology,3,9/14/2021
i05839,Karan Singh,Business,3,8/25/2019
i05840,Arjun Patel,Physics,3.9,4/5/2019
i05841,Arjun Wilson,Business,4.1,9/22/2018
i05842,Riya Davis,Data Science,3.1,9/6/2018
i05843,Olivia Hall,Physics,3.2,6/18/2019
i05844,Arjun Anderson,Data Science,4.6,2/23/2019
i05845,Benjamin Thomas,Physics,3.2,9/26/2019
i05846,Aanya Moore,Programming,3.3,3/1/2021
i05847,Benjamin Johnson,Biology,3.4,4/24/2018
i05848,Zara Smith,Music,3,7/18/2021
i05849,Olivia Wilson,History,3.8,5/12/2019
i05850,Aarav Hall,Design,4.5,12/13/2020
i05851,Benjamin Verma,Music,4.6,4/18/2020
i05852,Olivia Moore,Math,4.6,8/3/2019
i05853,Aanya Moore,Design,3.3,2/18/2019
i05854,Riya Brown,Programming,4.9,9/14/2018
i05855,Riya Moore,Music,4.5,3/5/2018
i05856,Karan Anderson,Biology,3.6,4/3/2021
i05857,Aanya Martin,AI,4.6,6/12/2018
i05858,Sophia Clark,Math,4.4,9/7/2018
i05859,Benjamin Walker,AI,3.2,3/11/2018
i05860,Riya Johnson,Music,4.6,2/26/2020
i05861,Zara Miller,AI,3.6,3/11/2020
i05862,Lucas Johnson,Math,4.7,4/21/2019
i05863,Eva Martin,Data Science,4.2,1/4/2019
i05864,Olivia Anderson,Music,3.9,6/2/2018
i05865,Ethan Taylor,Music,4.9,3/25/2019
i05866,Eva Singh,Design,4.5,3/6/2021
i05867,Isabella Lewis,Music,4.4,9/3/2018
i05868,Vihaan Lee,AI,4.1,3/30/2020
i05869,Lucas Hall,Biology,4,7/4/2018
i05870,Lucas Clark,Design,5,3/30/2021
i05871,Riya Davis,Design,4.2,4/24/2021
i05872,Zara Walker,Math,4.7,9/14/2019
i05873,Vihaan Wilson,Design,4.2,10/7/2018
i05874,Amelia Brown,AI,3.4,1/16/2021
i05875,Liam Lewis,Music,3.5,2/25/2021
i05876,Vihaan Smith,Biology,4,5/16/2021
i05877,Meera Davis,History,4,6/7/2021
i05878,Zara Thomas,Design,3.6,3/10/2020
i05879,Aarav Wilson,Physics,5,5/13/2021
i05880,Riya Lee,Physics,4.6,3/22/2019
i05881,Sophia Clark,Biology,5,8/18/2020
i05882,Eva Wilson,Math,4.5,5/1/2018
i05883,Liam Martin,Math,4.3,9/4/2019
i05884,Ethan Sharma,History,3.6,8/13/2018
i05885,Meera Anderson,Physics,3.3,9/27/2020
i05886,Isabella Verma,Music,3.3,1/22/2019
i05887,Amelia Anderson,Physics,3.3,11/22/2019
i05888,Zara Walker,Biology,3.3,12/19/2019
i05889,Meera Martin,Music,3.3,2/18/2021
i05890,Ethan Moore,Biology,3.2,8/1/2019
i05891,Amelia Patel,Design,3.3,4/24/2018
i05892,Emma Anderson,History,3.6,2/9/2018
i05893,Mia Lee,Design,3.2,10/16/2021
i05894,Lucas Thomas,Math,3.7,4/24/2019
i05895,Emma Lewis,Music,4.8,6/1/2018
i05896,Sophia Sharma,Programming,4.7,4/16/2019
i05897,Zara Patel,Music,4,8/13/2018
i05898,Olivia Miller,Design,4.7,9/18/2019
i05899,Karan Singh,History,4,10/10/2018
i05900,Aanya Sharma,Business,4.5,2/19/2021
i05901,Lucas Wilson,Design,4.8,9/29/2018
i05902,Riya Wilson,Music,3.9,2/26/2018
i05903,Benjamin Singh,AI,3.3,6/16/2021
i05904,Benjamin Wilson,AI,3.2,3/9/2018
i05905,Ethan Wilson,Design,3.9,5/15/2021
i05906,Meera Moore,History,4.6,12/5/2018
i05907,Amelia Moore,Biology,4.6,3/25/2021
i05908,Aarav Wilson,Math,3.1,4/26/2020
i05909,Zara Patel,Music,3.7,10/5/2019
i05910,Lucas Miller,Music,4.3,6/14/2018
i05911,Sophia Walker,History,3.1,1/12/2020
i05912,Lucas Taylor,Math,3.8,4/27/2019
i05913,Amelia Moore,AI,3.4,7/15/2021
i05914,Riya Brown,Programming,3.7,5/29/2019
i05915,Zara Verma,History,3.7,11/28/2019
i05916,Eva Sharma,Data Science,3.7,3/25/2018
i05917,Ethan Hall,Programming,3.9,6/17/2018
i05918,Olivia Smith,AI,4,3/31/2020
i05919,Mia Johnson,Physics,3.7,10/27/2021
i05920,Noah Wilson,Programming,3.3,3/22/2020
i05921,Olivia Miller,AI,3.2,7/20/2021
i05922,Zara Smith,Physics,3.4,4/23/2019
i05923,Liam Johnson,Design,4,7/31/2021
i05924,Emma Johnson,Music,4.9,10/10/2020
i05925,Sophia Verma,Biology,4.3,11/26/2018
i05926,Sophia Hall,Data Science,3.2,7/7/2019
i05927,Isabella Walker,Math,3.4,10/20/2020
i05928,Sophia Wilson,Music,4.3,5/25/2019
i05929,Noah Anderson,AI,4.4,12/25/2020
i05930,Isabella Miller,Physics,4.9,12/23/2021
i05931,Isabella Miller,AI,3.3,7/30/2020
i05932,Eva Thomas,Business,3.9,8/23/2019
i05933,Aarav Lee,Physics,4.7,3/11/2020
i05934,Meera Patel,Data Science,4.2,6/9/2020
i05935,Noah Brown,Physics,4,11/25/2020
i05936,Ethan Miller,History,3.3,1/20/2019
i05937,Eva Lee,Biology,4.9,12/25/2018
i05938,Zara Walker,Physics,4.4,8/24/2019
i05939,Zara Lee,Business,3.4,9/2/2018
i05940,Emma Martin,Music,3.7,9/18/2019
i05941,Meera Hall,Biology,4.1,10/30/2020
i05942,Arjun Martin,Business,3.5,11/16/2021
i05943,Arjun Martin,Physics,3.9,8/21/2020
i05944,Isabella Lee,Design,4.2,4/28/2021
i05945,Aanya Davis,History,4.6,6/22/2020
i05946,Riya Martin,Music,4,3/15/2021
i05947,Aanya Brown,Math,4.6,3/31/2018
i05948,Zara Wilson,Design,4.2,7/22/2018
i05949,Vihaan Hall,Design,3.9,4/5/2021
i05950,Isabella Hall,Programming,4.3,7/18/2020
i05951,Lucas Clark,AI,4.2,7/3/2020
i05952,Arjun Singh,Physics,4.9,8/14/2018
i05953,Amelia Brown,Math,4,10/5/2019
i05954,Benjamin Johnson,Programming,4.3,1/5/2018
i05955,Olivia Lewis,Business,3.6,3/14/2021
i05956,Mia Moore,Data Science,4.8,4/9/2020
i05957,Sophia Singh,Data Science,4.1,3/4/2018
i05958,Meera Verma,Math,3.4,9/16/2019
i05959,Eva Patel,Biology,3.7,4/6/2018
i05960,Emma Singh,Physics,3.8,3/10/2018
i05961,Amelia Clark,Music,3.8,12/22/2020
i05962,Ethan Taylor,Business,3.9,10/25/2018
i05963,Eva Johnson,Math,3.9,8/10/2019
i05964,Ethan Hall,History,3.4,12/21/2020
i05965,Vihaan Walker,Biology,3.7,9/3/2021
i05966,Emma Davis,Business,3.7,2/20/2019
i05967,Meera Walker,Biology,3.8,6/28/2021
i05968,Emma Miller,Programming,3.3,8/18/2021
i05969,Sophia Wilson,Music,4.1,5/6/2019
i05970,Aanya Clark,Business,3.9,1/17/2019
i05971,Lucas Taylor,Physics,3.6,4/21/2020
i05972,Lucas Anderson,Physics,4.2,7/1/2021
i05973,Aarav Thomas,Programming,4.3,9/9/2020
i05974,Arjun Sharma,Programming,3.2,5/6/2021
i05975,Zara Smith,AI,3.3,11/26/2021
i05976,Emma Moore,Physics,3.2,12/14/2021
i05977,Vihaan Miller,Physics,4.5,3/12/2019
i05978,Lucas Davis,Design,3.4,3/15/2019
i05979,Karan Taylor,Music,3.7,4/28/2019
i05980,Arjun Anderson,Design,3.2,6/16/2019
i05981,Amelia Clark,History,3.5,9/25/2018
i05982,Liam Martin,Biology,3.5,6/9/2021
i05983,Lucas Lee,History,3.3,1/16/2019
i05984,Vihaan Verma,History,4.4,1/28/2018
i05985,Sophia Davis,Physics,4.7,1/18/2020
i05986,Zara Johnson,Business,4.1,8/22/2020
i05987,Isabella Lee,AI,3.4,3/23/2021
i05988,Aarav Clark,Business,4.7,4/2/2020
i05989,Ethan Miller,Physics,3,9/26/2018
i05990,Liam Martin,Data Science,4.7,11/17/2019
i05991,Amelia Smith,Programming,4.9,9/18/2019
i05992,Zara Thomas,Math,3.2,10/4/2018
i05993,Noah Miller,Physics,4.9,8/7/2019
i05994,Sophia Hall,Physics,3,1/13/2021
i05995,Sophia Lee,Biology,4,11/22/2021
i05996,Emma Johnson,Data Science,3.7,1/14/2018
i05997,Noah Patel,Business,4.3,1/29/2020
i05998,Benjamin Brown,Music,4.1,6/26/2018
i05999,Mia Taylor,Music,3.7,7/9/2020
i06000,Olivia Miller,Physics,3.3,6/30/2019
i06001,Aarav Verma,Math,4.1,4/25/2020
i06002,Eva Verma,History,3.2,2/17/2020
i06003,Vihaan Verma,Math,3,7/25/2019
i06004,Aanya Martin,Data Science,3.5,9/27/2020
i06005,Emma Sharma,Math,3.6,9/4/2021
i06006,Liam Lewis,Design,3.9,11/18/2018
i06007,Emma Davis,Programming,4.5,12/1/2018
i06008,Isabella Lewis,AI,4.7,2/12/2020
i06009,Olivia Lee,Physics,3.4,4/15/2018
i06010,Amelia Walker,Math,3.6,3/17/2020
i06011,Sophia Sharma,Business,4.1,2/27/2018
i06012,Eva Patel,History,3.1,12/25/2021
i06013,Vihaan Martin,Physics,4.7,6/9/2019
i06014,Mia Verma,Programming,4.3,12/5/2020
i06015,Ethan Sharma,Business,3.7,10/25/2019
i06016,Olivia Brown,Business,4.6,5/4/2019
i06017,Karan Hall,Design,3,11/23/2018
i06018,Amelia Lewis,Design,4.9,5/20/2021
i06019,Lucas Johnson,Data Science,4.6,9/13/2018
i06020,Olivia Lee,Programming,3.1,5/6/2019
i06021,Benjamin Walker,Math,3.7,8/19/2020
i06022,Mia Sharma,Programming,4.3,1/12/2019
i06023,Riya Walker,Biology,4.9,3/25/2018
i06024,Benjamin Sharma,Physics,3.2,9/13/2018
i06025,Benjamin Wilson,Music,3.4,9/30/2021
i06026,Amelia Lee,Programming,3.6,4/14/2020
i06027,Emma Hall,History,3.8,10/20/2019
i06028,Riya Smith,Physics,3.2,11/15/2021
i06029,Vihaan Patel,Biology,3.5,3/17/2020
i06030,Zara Singh,Design,4.1,12/24/2019
i06031,Olivia Martin,Data Science,4.7,9/26/2019
i06032,Aarav Miller,Physics,4.4,9/5/2020
i06033,Noah Taylor,Biology,4.5,3/1/2019
i06034,Olivia Hall,Music,4.6,7/31/2019
i06035,Meera Lee,History,4.5,8/1/2020
i06036,Zara Taylor,Business,3.8,10/9/2021
i06037,Arjun Lewis,AI,3.4,4/22/2018
i06038,Aanya Johnson,Physics,4.8,6/5/2021
i06039,Riya Verma,Physics,3.6,5/10/2021
i06040,Liam Martin,Math,3.4,5/15/2021
i06041,Ethan Moore,Physics,5,6/23/2018
i06042,Aanya Wilson,Music,4,12/5/2019
i06043,Lucas Moore,Music,3.4,6/3/2018
i06044,Olivia Davis,Biology,3.4,4/25/2018
i06045,Lucas Brown,AI,4.9,12/31/2019
i06046,Arjun Taylor,Math,4.5,12/3/2021
i06047,Noah Anderson,Design,3.1,9/18/2020
i06048,Aarav Miller,AI,4.3,6/3/2019
i06049,Ethan Verma,Math,4.2,5/3/2021
i06050,Isabella Smith,Data Science,4.1,10/7/2021
i06051,Arjun Brown,Physics,4.9,4/22/2021
i06052,Lucas Sharma,Business,3.8,10/5/2021
i06053,Aanya Sharma,Data Science,3.2,3/20/2018
i06054,Mia Taylor,Math,4.9,9/9/2019
i06055,Olivia Verma,Biology,3.4,12/3/2020
i06056,Olivia Hall,Business,3.2,8/14/2021
i06057,Emma Davis,AI,4.6,7/28/2020
i06058,Zara Sharma,Math,3.6,7/20/2018
i06059,Aanya Martin,Data Science,4.8,1/27/2020
i06060,Olivia Singh,Design,3.3,6/8/2021
i06061,Vihaan Verma,Design,4.8,9/22/2020
i06062,Benjamin Miller,Data Science,4.7,5/23/2018
i06063,Benjamin Martin,Business,3.1,2/2/2018
i06064,Noah Miller,Music,4.4,10/9/2019
i06065,Arjun Taylor,Design,4.5,3/4/2019
i06066,Aarav Brown,Music,4.4,6/23/2019
i06067,Emma Martin,Biology,4.7,1/13/2018
i06068,Mia Moore,Programming,3.6,3/30/2020
i06069,Zara Anderson,Design,4.1,10/16/2018
i06070,Noah Taylor,Programming,3.5,5/31/2019
i06071,Benjamin Walker,Music,3.7,12/25/2020
i06072,Meera Johnson,History,4.3,12/10/2021
i06073,Amelia Davis,Physics,4.3,5/17/2019
i06074,Meera Moore,Design,4,9/13/2021
i06075,Meera Patel,Business,5,7/5/2020
i06076,Olivia Anderson,Music,4.4,8/26/2019
i06077,Eva Verma,Business,3.9,8/2/2020
i06078,Ethan Thomas,Business,4.3,9/22/2020
i06079,Riya Lewis,Physics,4.4,3/30/2020
i06080,Emma Hall,History,4.8,11/27/2021
i06081,Meera Lee,Data Science,3.3,3/14/2019
i06082,Sophia Martin,Programming,4.7,10/29/2020
i06083,Lucas Walker,Business,4.7,6/29/2018
i06084,Sophia Walker,Biology,4.6,9/15/2020
i06085,Ethan Walker,AI,4.4,6/19/2019
i06086,Eva Walker,Biology,4.3,1/29/2021
i06087,Riya Martin,AI,3.8,12/15/2018
i06088,Isabella Wilson,Design,4.1,12/6/2020
i06089,Isabella Thomas,Physics,4,11/29/2019
i06090,Meera Patel,Music,4.9,11/16/2019
i06091,Amelia Davis,History,3.4,11/2/2019
i06092,Eva Verma,Business,4.5,8/5/2018
i06093,Ethan Thomas,Biology,3.4,8/23/2018
i06094,Noah Wilson,Data Science,3.9,1/4/2020
i06095,Eva Patel,Biology,3.2,6/28/2019
i06096,Arjun Hall,Data Science,4.7,4/3/2020
i06097,Noah Clark,Programming,3.9,4/24/2019
i06098,Noah Wilson,Music,3.8,9/23/2019
i06099,Vihaan Taylor,History,4.2,7/8/2019
i06100,Mia Miller,Design,4.4,9/8/2021
i06101,Karan Walker,Design,4.2,3/2/2018
i06102,Arjun Martin,Programming,3.2,3/30/2018
i06103,Mia Walker,Math,4.4,3/16/2019
i06104,Noah Verma,History,4,12/11/2018
i06105,Zara Clark,Design,3.6,12/7/2019
i06106,Amelia Walker,Business,4.1,8/6/2018
i06107,Isabella Davis,AI,4.2,5/23/2018
i06108,Arjun Walker,History,3.9,6/17/2018
i06109,Vihaan Davis,Programming,4.1,9/20/2021
i06110,Benjamin Johnson,Design,3.5,2/28/2020
i06111,Benjamin Clark,Business,3.7,3/21/2018
i06112,Olivia Martin,Music,3.8,2/12/2020
i06113,Mia Lewis,Music,4,5/11/2021
i06114,Ethan Brown,Data Science,4.6,6/11/2018
i06115,Meera Sharma,Data Science,4.5,9/19/2021
i06116,Benjamin Martin,Data Science,4.9,7/28/2019
i06117,Ethan Lewis,Data Science,5,12/18/2018
i06118,Meera Clark,Math,3.5,9/24/2018
i06119,Aarav Smith,Music,3.4,4/4/2018
i06120,Zara Martin,Data Science,4.3,4/26/2018
i06121,Karan Verma,Design,4.6,6/23/2020
i06122,Aarav Sharma,Business,4.8,9/20/2019
i06123,Aanya Clark,Business,4.7,12/19/2021
i06124,Meera Wilson,Data Science,4.5,10/31/2021
i06125,Aanya Verma,Programming,4,4/3/2020
i06126,Eva Martin,Biology,4.5,5/4/2019
i06127,Vihaan Clark,Data Science,4.1,11/7/2021
i06128,Noah Anderson,Design,4.1,6/26/2019
i06129,Vihaan Lewis,History,4.8,2/14/2018
i06130,Ethan Verma,Data Science,3.8,3/1/2019
i06131,Zara Thomas,Music,4.6,9/11/2018
i06132,Vihaan Verma,AI,3.6,1/12/2021
i06133,Vihaan Moore,Data Science,4.5,2/26/2018
i06134,Noah Anderson,Data Science,3.7,11/30/2019
i06135,Sophia Brown,Physics,4.5,6/4/2018
i06136,Riya Sharma,AI,3.2,9/4/2019
i06137,Riya Taylor,History,4.8,2/11/2020
i06138,Eva Wilson,Business,4.3,6/14/2020
i06139,Eva Johnson,AI,4.6,6/10/2018
i06140,Liam Walker,Design,3.1,7/25/2021
i06141,Emma Lewis,AI,4.5,11/25/2021
i06142,Isabella Sharma,Math,4.1,8/1/2018
i06143,Noah Wilson,Design,4.4,4/23/2018
i06144,Liam Hall,Math,4.7,6/3/2021
i06145,Karan Taylor,Business,4.4,2/12/2021
i06146,Arjun Patel,Biology,4.8,2/24/2021
i06147,Amelia Thomas,Biology,3.1,1/4/2020
i06148,Eva Brown,Music,4.7,1/13/2020
i06149,Eva Walker,Math,3.5,4/16/2018
i06150,Karan Walker,History,3.1,5/5/2019
i06151,Ethan Taylor,Physics,3.8,6/30/2018
i06152,Zara Sharma,Data Science,4.6,4/12/2019
i06153,Aarav Singh,Physics,3.5,3/4/2018
i06154,Karan Lewis,Physics,3.1,5/18/2018
i06155,Sophia Sharma,Business,4.5,3/4/2020
i06156,Mia Lee,Physics,3.6,11/20/2020
i06157,Liam Anderson,Programming,3.4,3/31/2021
i06158,Vihaan Martin,Biology,3.5,1/14/2018
i06159,Liam Brown,Math,3.3,11/9/2019
i06160,Ethan Clark,Music,4.6,2/16/2020
i06161,Benjamin Lewis,Data Science,3.2,8/24/2021
i06162,Benjamin Martin,Music,3.7,9/17/2018
i06163,Riya Wilson,Business,3.6,12/26/2019
i06164,Isabella Davis,Design,3.9,4/2/2021
i06165,Vihaan Wilson,Business,4.1,7/19/2021
i06166,Mia Smith,Math,4.7,9/21/2018
i06167,Sophia Davis,AI,3.6,8/21/2020
i06168,Olivia Verma,Business,3.8,11/6/2021
i06169,Ethan Taylor,Biology,3.8,12/30/2020
i06170,Benjamin Walker,Math,4.2,5/27/2019
i06171,Aarav Lee,AI,3.4,4/29/2019
i06172,Karan Thomas,Music,4.3,4/20/2021
i06173,Lucas Patel,History,3.8,9/9/2020
i06174,Isabella Hall,Business,3.4,5/13/2019
i06175,Karan Lewis,Data Science,3.2,5/28/2021
i06176,Amelia Lee,Math,3.8,7/9/2021
i06177,Mia Moore,Design,4.7,8/11/2021
i06178,Lucas Anderson,AI,3.5,10/30/2021
i06179,Vihaan Hall,Business,3.2,5/15/2019
i06180,Vihaan Lewis,Biology,3.9,9/3/2021
i06181,Olivia Johnson,Design,4.8,4/14/2018
i06182,Riya Martin,Business,4.4,8/17/2019
i06183,Eva Davis,Physics,3.2,7/13/2021
i06184,Eva Davis,Music,3.4,7/18/2019
i06185,Zara Brown,Music,4.8,7/1/2019
i06186,Karan Miller,Design,4.7,1/9/2021
i06187,Isabella Lewis,Data Science,4.4,1/26/2020
i06188,Liam Brown,AI,4.2,6/23/2018
i06189,Aarav Smith,Design,4,1/4/2020
i06190,Aarav Moore,Data Science,4.9,2/25/2019
i06191,Lucas Sharma,Biology,4.2,12/5/2021
i06192,Mia Sharma,Music,3.7,8/27/2019
i06193,Aanya Martin,Programming,3,10/26/2021
i06194,Emma Sharma,Physics,4.6,5/4/2019
i06195,Karan Johnson,Music,4.1,8/6/2020
i06196,Mia Brown,History,4.4,11/17/2019
i06197,Zara Brown,History,3.3,4/29/2019
i06198,Liam Lee,Music,4.5,7/30/2019
i06199,Benjamin Lee,AI,4.8,4/17/2019
i06200,Zara Martin,Biology,4.7,4/23/2019
i06201,Lucas Patel,History,4.8,2/12/2018
i06202,Karan Johnson,Data Science,4.2,8/31/2019
i06203,Emma Anderson,Programming,3.6,10/21/2018
i06204,Zara Verma,Design,3.8,7/1/2021
i06205,Emma Lee,Design,3.3,3/28/2020
i06206,Emma Taylor,Music,4.1,9/6/2019
i06207,Eva Anderson,Biology,3.7,10/3/2020
i06208,Arjun Smith,Data Science,3.9,1/3/2018
i06209,Ethan Singh,AI,3.3,7/12/2018
i06210,Meera Hall,Physics,3.9,10/11/2019
i06211,Sophia Patel,Biology,3.5,2/25/2020
i06212,Olivia Thomas,Business,4.3,9/30/2019
i06213,Liam Sharma,History,3.6,3/9/2018
i06214,Noah Clark,Music,4.6,7/16/2020
i06215,Liam Wilson,AI,3.7,10/5/2018
i06216,Ethan Walker,Physics,3.6,6/22/2019
i06217,Karan Singh,Business,4.7,11/19/2019
i06218,Karan Davis,Business,4.3,8/5/2018
i06219,Meera Verma,Business,4.9,4/29/2021
i06220,Karan Moore,Programming,3.5,4/12/2019
i06221,Emma Hall,History,4.8,5/11/2021
i06222,Riya Lee,Business,4.3,12/6/2018
i06223,Arjun Lewis,Data Science,3.8,2/3/2020
i06224,Ethan Martin,Biology,4.5,2/25/2018
i06225,Karan Singh,AI,3.9,7/1/2018
i06226,Ethan Clark,Biology,3.2,12/15/2018
i06227,Sophia Brown,Data Science,4.6,1/21/2019
i06228,Benjamin Hall,Data Science,3.2,6/13/2018
i06229,Sophia Johnson,Biology,3.2,3/9/2020
i06230,Vihaan Martin,Math,4.6,10/31/2018
i06231,Olivia Johnson,Programming,3.4,10/14/2020
i06232,Emma Singh,Biology,5,7/3/2020
i06233,Aanya Lee,Biology,5,2/1/2021
i06234,Noah Thomas,Data Science,3.1,11/19/2021
i06235,Riya Taylor,Data Science,4.8,4/3/2019
i06236,Olivia Thomas,Programming,4,10/19/2018
i06237,Lucas Patel,History,3.6,7/31/2020
i06238,Eva Johnson,Music,4.7,9/5/2021
i06239,Liam Davis,History,4.2,7/29/2020
i06240,Liam Brown,Programming,3.4,11/6/2018
i06241,Vihaan Singh,AI,3.2,7/20/2020
i06242,Riya Miller,History,3.7,12/22/2018
i06243,Liam Verma,Biology,3.5,12/20/2020
i06244,Karan Martin,AI,4.3,12/15/2018
i06245,Emma Clark,Design,4.3,9/11/2020
i06246,Mia Singh,Physics,4.9,8/27/2018
i06247,Noah Miller,AI,3.2,5/8/2019
i06248,Arjun Taylor,Data Science,3.1,5/28/2021
i06249,Aanya Lee,Physics,3.7,2/9/2019
i06250,Karan Moore,Biology,3.6,7/13/2019
i06251,Noah Walker,Math,3,1/19/2019
i06252,Sophia Johnson,Data Science,5,6/22/2020
i06253,Aanya Walker,AI,3.5,3/25/2020
i06254,Mia Thomas,Data Science,3.3,2/13/2019
i06255,Ethan Brown,Physics,4.7,3/19/2018
i06256,Riya Verma,Math,3.5,10/23/2021
i06257,Benjamin Hall,Programming,3.4,11/18/2021
i06258,Ethan Sharma,Business,4.2,9/7/2018
i06259,Sophia Hall,Business,3.6,8/4/2018
i06260,Meera Brown,Programming,3.2,4/21/2020
i06261,Amelia Anderson,Biology,5,4/22/2019
i06262,Riya Smith,Math,4.8,6/23/2020
i06263,Liam Lewis,Music,3.8,6/29/2020
i06264,Sophia Miller,History,3.1,1/2/2020
i06265,Eva Verma,Programming,3.8,3/5/2021
i06266,Vihaan Davis,AI,4,2/28/2021
i06267,Ethan Singh,Design,4.8,2/6/2018
i06268,Noah Sharma,Design,3.7,6/14/2021
i06269,Vihaan Walker,Math,4,8/21/2021
i06270,Sophia Thomas,History,3.7,12/21/2019
i06271,Arjun Smith,AI,3.6,12/7/2021
i06272,Mia Lee,AI,3.3,3/2/2019
i06273,Lucas Anderson,Business,3.1,5/24/2021
i06274,Noah Hall,Biology,3.6,10/17/2019
i06275,Benjamin Brown,Math,4,5/20/2019
i06276,Aarav Patel,Music,3.5,4/13/2018
i06277,Mia Brown,Programming,3.9,4/26/2021
i06278,Riya Wilson,Math,4.8,11/1/2018
i06279,Riya Moore,Data Science,3.7,11/21/2020
i06280,Vihaan Wilson,AI,3.5,2/7/2019
i06281,Riya Smith,Programming,4.1,8/4/2020
i06282,Eva Moore,Design,4.4,7/22/2020
i06283,Noah Brown,Math,3.8,1/18/2018
i06284,Aanya Thomas,Design,4.1,12/18/2021
i06285,Eva Lewis,Math,4.8,8/13/2018
i06286,Riya Patel,Programming,3,1/23/2021
i06287,Amelia Verma,Music,3.5,8/6/2020
i06288,Riya Brown,History,5,7/16/2020
i06289,Meera Martin,Physics,3.1,3/17/2019
i06290,Eva Patel,Design,4.1,9/12/2018
i06291,Meera Clark,AI,3.4,10/6/2021
i06292,Lucas Wilson,Music,4.9,5/27/2020
i06293,Noah Brown,Math,3.1,8/6/2020
i06294,Aanya Taylor,Physics,3.1,1/23/2021
i06295,Eva Taylor,Music,3.8,7/1/2018
i06296,Lucas Brown,Design,4.8,7/17/2020
i06297,Zara Smith,Math,3.5,4/2/2018
i06298,Aarav Lee,Math,4.2,12/3/2020
i06299,Eva Martin,Programming,4.5,9/28/2020
i06300,Mia Lee,Physics,4,8/8/2020
i06301,Isabella Miller,History,3.4,2/21/2020
i06302,Noah Walker,Music,3.9,5/14/2019
i06303,Aanya Sharma,Design,4.2,1/12/2018
i06304,Vihaan Smith,History,4.7,7/21/2020
i06305,Zara Singh,Math,3.3,1/13/2020
i06306,Ethan Davis,Biology,4.2,7/29/2021
i06307,Zara Verma,Data Science,3.2,3/10/2021
i06308,Benjamin Lewis,Music,4.3,7/16/2018
i06309,Benjamin Moore,Programming,4,3/9/2019
i06310,Lucas Brown,Physics,4.8,1/30/2018
i06311,Lucas Miller,Biology,4,12/18/2020
i06312,Sophia Lee,Physics,4.5,12/11/2020
i06313,Ethan Thomas,Data Science,3.1,2/8/2021
i06314,Benjamin Brown,AI,3.6,8/17/2020
i06315,Arjun Moore,Math,4.8,4/2/2020
i06316,Vihaan Clark,AI,4.8,7/7/2019
i06317,Arjun Moore,Biology,4.9,12/23/2019
i06318,Zara Martin,Data Science,4.5,2/25/2020
i06319,Vihaan Johnson,Data Science,4.4,11/5/2019
i06320,Zara Sharma,Biology,4.2,5/31/2021
i06321,Vihaan Davis,Business,4.1,11/11/2020
i06322,Sophia Brown,Math,3.1,5/4/2019
i06323,Amelia Thomas,Math,3.1,12/19/2021
i06324,Aanya Smith,Data Science,3.4,2/18/2020
i06325,Karan Patel,Business,4.9,12/29/2021
i06326,Sophia Lee,Biology,4.5,12/19/2019
i06327,Arjun Clark,Business,4.8,6/6/2019
i06328,Arjun Lewis,Design,3.3,1/19/2021
i06329,Emma Moore,Programming,3.6,4/8/2020
i06330,Zara Brown,Design,3.2,11/25/2018
i06331,Aanya Johnson,History,3,11/28/2018
i06332,Isabella Singh,AI,3.4,12/29/2020
i06333,Ethan Verma,Math,4.6,11/20/2018
i06334,Liam Smith,AI,3.2,9/6/2020
i06335,Zara Singh,History,4.3,10/22/2021
i06336,Karan Thomas,Biology,4.3,4/13/2018
i06337,Benjamin Verma,History,4.3,3/4/2021
i06338,Mia Singh,AI,3.1,4/19/2018
i06339,Amelia Davis,Data Science,3.2,7/18/2020
i06340,Meera Davis,Design,4.3,4/30/2018
i06341,Meera Singh,Design,4.8,2/26/2019
i06342,Ethan Lee,Music,3.9,7/28/2019
i06343,Emma Davis,Music,4.5,2/17/2021
i06344,Noah Sharma,Programming,4.7,6/2/2020
i06345,Karan Smith,Business,3.6,8/19/2020
i06346,Karan Martin,AI,4.3,10/20/2018
i06347,Liam Davis,AI,4.9,7/19/2018
i06348,Zara Davis,Math,4.3,9/7/2020
i06349,Isabella Davis,Programming,3.7,6/4/2019
i06350,Lucas Smith,Music,3.8,1/11/2018
i06351,Noah Thomas,Design,4.1,7/8/2021
i06352,Riya Singh,Math,4.4,1/25/2018
i06353,Aanya Patel,Math,3.9,10/18/2020
i06354,Meera Patel,AI,4,5/27/2021
i06355,Aarav Taylor,Data Science,3.4,1/3/2019
i06356,Meera Martin,Design,4.9,3/14/2019
i06357,Ethan Davis,Programming,4.5,1/21/2018
i06358,Isabella Hall,Data Science,4.4,9/16/2019
i06359,Zara Sharma,Data Science,3.4,4/13/2021
i06360,Zara Taylor,Design,4.8,11/6/2020
i06361,Mia Miller,Programming,4.6,12/7/2019
i06362,Olivia Smith,History,4.9,7/11/2019
i06363,Olivia Singh,Biology,5,5/24/2021
i06364,Zara Patel,Design,3.9,4/7/2019
i06365,Aanya Lee,Data Science,4,12/14/2021
i06366,Vihaan Thomas,Business,3.8,12/27/2019
i06367,Arjun Taylor,Biology,3.8,6/22/2020
i06368,Liam Hall,Music,4.5,2/18/2021
i06369,Karan Taylor,Music,3.4,8/10/2019
i06370,Sophia Verma,Physics,3.9,4/13/2018
i06371,Mia Verma,Business,3.2,1/27/2019
i06372,Amelia Sharma,AI,3.4,4/23/2019
i06373,Eva Lee,Music,3.1,12/19/2019
i06374,Arjun Clark,AI,4.4,2/9/2018
i06375,Aarav Hall,Programming,3,12/17/2020
i06376,Zara Taylor,Data Science,3,10/15/2021
i06377,Lucas Clark,Physics,4.7,3/30/2019
i06378,Isabella Johnson,History,3.7,4/12/2021
i06379,Eva Miller,Business,3.1,6/24/2021
i06380,Arjun Anderson,Programming,4.4,7/25/2020
i06381,Vihaan Smith,History,4.5,6/5/2021
i06382,Riya Brown,Physics,3.1,5/28/2019
i06383,Olivia Taylor,History,4.1,8/10/2019
i06384,Ethan Clark,Design,4.1,5/21/2020
i06385,Aarav Singh,Business,3.3,6/21/2018
i06386,Meera Lee,Math,4.7,1/28/2019
i06387,Sophia Hall,Business,4.9,11/24/2021
i06388,Mia Moore,Biology,3.8,6/28/2019
i06389,Benjamin Hall,Programming,4.4,6/29/2018
i06390,Liam Sharma,Data Science,4.9,8/15/2021
i06391,Liam Hall,Data Science,3.3,11/15/2018
i06392,Eva Johnson,History,3.4,6/20/2021
i06393,Lucas Patel,Music,4.5,3/15/2021
i06394,Aanya Lee,Math,3.6,6/19/2021
i06395,Emma Singh,Physics,3.2,5/19/2021
i06396,Liam Thomas,Biology,3.6,12/31/2020
i06397,Arjun Lewis,Music,3.8,6/13/2019
i06398,Noah Walker,Physics,3.5,3/10/2021
i06399,Arjun Johnson,Business,3.8,9/15/2021
i06400,Amelia Johnson,Business,4.9,6/4/2019
i06401,Aarav Singh,Biology,3.9,10/23/2020
i06402,Vihaan Walker,Math,3.3,11/23/2019
i06403,Emma Sharma,Biology,4.2,12/20/2021
i06404,Aarav Wilson,Physics,4,9/9/2020
i06405,Olivia Hall,Biology,4,8/25/2020
i06406,Liam Sharma,Data Science,4.5,2/6/2018
i06407,Zara Lewis,Math,4.3,5/1/2021
i06408,Amelia Taylor,Design,3.2,10/28/2019
i06409,Aarav Verma,AI,3.2,3/29/2020
i06410,Lucas Lewis,AI,3.1,2/19/2021
i06411,Zara Verma,Physics,3,12/8/2021
i06412,Eva Martin,Music,3.1,10/25/2018
i06413,Liam Smith,Business,3.8,3/23/2020
i06414,Meera Brown,Data Science,4.9,1/11/2020
i06415,Liam Clark,AI,3.7,7/5/2021
i06416,Isabella Hall,Physics,4.7,6/15/2021
i06417,Sophia Walker,History,4.6,3/22/2019
i06418,Arjun Johnson,Data Science,3.4,4/6/2021
i06419,Vihaan Lee,Physics,4.4,10/19/2020
i06420,Noah Verma,AI,4.1,1/8/2021
i06421,Emma Taylor,Music,3.4,3/18/2018
i06422,Eva Miller,History,5,5/8/2018
i06423,Ethan Anderson,Math,4.6,5/29/2019
i06424,Zara Clark,Music,4.3,3/18/2019
i06425,Isabella Clark,Music,4.4,8/21/2021
i06426,Aanya Smith,Data Science,3.5,2/6/2020
i06427,Aarav Brown,AI,4.4,5/4/2020
i06428,Noah Verma,Math,3.2,10/8/2020
i06429,Aarav Walker,Programming,4.8,6/13/2021
i06430,Emma Taylor,Music,3.4,2/27/2021
i06431,Eva Davis,Math,4.8,4/28/2019
i06432,Lucas Smith,AI,4.2,10/19/2021
i06433,Riya Clark,Physics,4.9,1/11/2021
i06434,Noah Patel,Physics,4.9,1/8/2020
i06435,Sophia Lee,Physics,4.6,5/18/2018
i06436,Benjamin Anderson,Programming,5,12/15/2021
i06437,Isabella Smith,Music,3.9,3/1/2020
i06438,Olivia Martin,Data Science,4.4,5/5/2020
i06439,Meera Singh,Biology,3.4,2/27/2020
i06440,Karan Lee,Biology,3.1,11/3/2019
i06441,Zara Thomas,Data Science,3.5,8/29/2021
i06442,Arjun Clark,Design,4.9,4/7/2020
i06443,Emma Brown,Biology,4,1/30/2019
i06444,Noah Moore,Math,3.8,9/8/2021
i06445,Karan Davis,Programming,4.3,4/21/2018
i06446,Liam Smith,Business,4.9,7/15/2018
i06447,Amelia Miller,Biology,5,5/22/2018
i06448,Meera Smith,Design,3.2,5/31/2020
i06449,Emma Martin,Physics,3.3,9/4/2018
i06450,Isabella Smith,Business,3.4,12/8/2020
i06451,Amelia Johnson,Programming,4.9,10/13/2021
i06452,Isabella Lee,Physics,3.6,3/30/2021
i06453,Karan Johnson,Design,3.8,6/10/2021
i06454,Meera Lewis,Math,4.9,8/22/2019
i06455,Lucas Lewis,History,4.1,5/3/2019
i06456,Lucas Thomas,Music,4.7,1/3/2018
i06457,Olivia Moore,Design,3.6,5/30/2019
i06458,Sophia Lewis,History,4.4,1/10/2020
i06459,Karan Verma,Math,4,10/3/2020
i06460,Benjamin Anderson,Physics,4.2,12/25/2019
i06461,Eva Walker,Math,4.1,6/25/2021
i06462,Sophia Lewis,Data Science,4.8,3/19/2021
i06463,Emma Clark,History,4.7,10/8/2018
i06464,Vihaan Smith,History,3.4,12/25/2019
i06465,Ethan Clark,Design,3.9,5/16/2021
i06466,Sophia Smith,Music,3.1,12/18/2020
i06467,Olivia Hall,Data Science,4.7,9/4/2021
i06468,Eva Hall,Math,4.6,7/15/2020
i06469,Isabella Anderson,AI,4.4,3/16/2018
i06470,Zara Anderson,Physics,3.7,8/8/2018
i06471,Lucas Johnson,Programming,4.6,5/3/2019
i06472,Eva Hall,Data Science,3.7,10/20/2018
i06473,Ethan Lewis,History,4.1,8/28/2019
i06474,Karan Walker,Programming,4.9,11/26/2019
i06475,Vihaan Anderson,Design,4.5,11/20/2020
i06476,Mia Davis,Programming,3.6,2/19/2019
i06477,Eva Brown,Physics,3.6,3/5/2019
i06478,Mia Thomas,Biology,3.2,1/22/2018
i06479,Zara Clark,Math,4.9,7/12/2021
i06480,Mia Davis,Biology,3.4,6/23/2019
i06481,Isabella Singh,Design,4.5,6/26/2018
i06482,Riya Davis,Data Science,4.4,7/24/2021
i06483,Isabella Smith,Music,4.7,5/12/2018
i06484,Mia Brown,History,3.5,5/27/2018
i06485,Isabella Wilson,Biology,4.3,9/1/2021
i06486,Emma Walker,Programming,3.1,5/18/2021
i06487,Zara Martin,Biology,4.9,12/3/2020
i06488,Amelia Patel,History,4.3,10/4/2020
i06489,Noah Clark,Data Science,3.7,11/27/2021
i06490,Riya Wilson,Data Science,3.1,11/1/2018
i06491,Ethan Davis,Biology,4.8,9/29/2021
i06492,Lucas Moore,AI,3.2,10/11/2021
i06493,Eva Walker,Design,4.2,6/21/2019
i06494,Lucas Miller,Physics,4.1,7/31/2019
i06495,Karan Lee,Biology,4.3,7/7/2018
i06496,Liam Sharma,Design,4,12/9/2020
i06497,Ethan Moore,AI,4.6,11/3/2020
i06498,Riya Sharma,Math,3.8,8/8/2019
i06499,Arjun Verma,History,4.1,4/19/2020
i06500,Noah Singh,Physics,4.3,5/16/2019
i06501,Amelia Smith,AI,3,4/15/2021
i06502,Sophia Martin,Business,4.8,6/14/2021
i06503,Ethan Walker,History,3.2,5/14/2020
i06504,Meera Martin,Physics,3.9,10/2/2020
i06505,Arjun Martin,AI,4.7,9/19/2021
i06506,Meera Thomas,AI,4.8,1/5/2021
i06507,Emma Taylor,Business,3.1,3/4/2019
i06508,Riya Walker,Physics,4.7,6/8/2021
i06509,Benjamin Wilson,History,3.1,9/20/2018
i06510,Olivia Smith,History,4.6,5/22/2018
i06511,Zara Johnson,AI,3.5,11/9/2018
i06512,Benjamin Brown,Data Science,3.1,4/22/2019
i06513,Aanya Patel,History,4.4,1/17/2020
i06514,Sophia Thomas,AI,4.1,4/11/2019
i06515,Noah Smith,Data Science,5,2/18/2021
i06516,Isabella Anderson,Biology,4.7,1/14/2019
i06517,Emma Smith,Music,4,8/20/2021
i06518,Emma Johnson,History,3.5,7/8/2021
i06519,Isabella Verma,Biology,4.2,6/8/2018
i06520,Meera Miller,History,4.8,12/12/2019
i06521,Emma Moore,Physics,4.8,11/16/2020
i06522,Isabella Lee,Design,3.1,8/27/2018
i06523,Eva Miller,Design,3.8,1/21/2018
i06524,Lucas Martin,Biology,3.6,4/29/2020
i06525,Liam Davis,Music,5,6/22/2019
i06526,Liam Johnson,Math,3.3,5/13/2019
i06527,Isabella Sharma,Design,4.3,10/20/2020
i06528,Eva Verma,Math,4,11/3/2019
i06529,Ethan Lee,Design,4.9,2/2/2018
i06530,Amelia Wilson,Design,4.4,8/29/2018
i06531,Noah Martin,Physics,3.5,6/20/2018
i06532,Ethan Walker,Music,4.3,6/4/2020
i06533,Arjun Sharma,Biology,3.8,9/6/2018
i06534,Ethan Walker,Physics,3.9,3/23/2021
i06535,Noah Sharma,Math,3.3,12/9/2021
i06536,Karan Thomas,Music,3.2,2/18/2018
i06537,Emma Miller,History,3.6,4/18/2021
i06538,Noah Brown,History,3.6,8/22/2020
i06539,Aarav Anderson,History,4.3,4/20/2021
i06540,Olivia Smith,AI,3.7,12/10/2018
i06541,Mia Patel,Data Science,4.2,6/6/2018
i06542,Karan Moore,History,3.8,9/6/2020
i06543,Vihaan Wilson,Biology,3.1,6/24/2020
i06544,Sophia Lee,AI,3.4,7/28/2018
i06545,Benjamin Hall,Music,5,3/26/2018
i06546,Mia Thomas,Math,4.2,10/25/2021
i06547,Aarav Brown,Physics,4.2,4/3/2020
i06548,Lucas Lewis,Math,3.8,12/19/2018
i06549,Arjun Davis,Math,3.8,9/21/2020
i06550,Ethan Johnson,Design,4.1,10/4/2021
i06551,Olivia Johnson,Data Science,3.7,11/14/2018
i06552,Benjamin Patel,Design,3.7,9/29/2020
i06553,Karan Miller,Design,3,6/14/2019
i06554,Vihaan Verma,Data Science,4.8,7/16/2020
i06555,Riya Martin,Music,3,3/31/2020
i06556,Karan Wilson,AI,4.2,5/12/2019
i06557,Noah Hall,Data Science,3.8,9/3/2019
i06558,Karan Walker,Math,4.2,8/23/2019
i06559,Olivia Patel,Music,3.2,4/12/2020
i06560,Meera Patel,Biology,3.8,5/25/2018
i06561,Aarav Patel,Biology,4.7,5/21/2021
i06562,Ethan Miller,Physics,4.9,8/14/2018
i06563,Aarav Clark,Biology,3.4,10/27/2019
i06564,Amelia Moore,Biology,3.7,5/29/2021
i06565,Karan Singh,Music,4.6,6/14/2018
i06566,Aarav Moore,History,3.1,10/31/2019
i06567,Emma Sharma,Music,4.9,7/10/2018
i06568,Sophia Miller,Music,4.8,9/19/2020
i06569,Aarav Hall,Data Science,3.9,10/9/2018
i06570,Mia Lewis,Programming,4.8,3/25/2018
i06571,Liam Moore,Biology,4.1,11/28/2020
i06572,Liam Patel,Business,3.1,11/15/2018
i06573,Zara Hall,Music,4,2/14/2020
i06574,Benjamin Anderson,History,4.7,3/29/2021
i06575,Karan Davis,Biology,4.8,8/23/2020
i06576,Emma Lee,Programming,4.4,3/9/2021
i06577,Lucas Wilson,Biology,4.1,11/4/2021
i06578,Benjamin Wilson,Business,3.1,7/20/2020
i06579,Zara Anderson,History,4.7,7/18/2020
i06580,Aarav Taylor,Data Science,3,10/8/2021
i06581,Isabella Hall,AI,3.2,5/1/2019
i06582,Liam Anderson,Math,3.9,7/9/2019
i06583,Karan Davis,Data Science,3.1,9/13/2018
i06584,Sophia Davis,Data Science,3.2,7/28/2020
i06585,Sophia Johnson,History,3.4,3/18/2020
i06586,Sophia Davis,Music,3.6,9/26/2021
i06587,Emma Smith,Music,3.9,4/18/2020
i06588,Emma Hall,Business,3.4,10/22/2021
i06589,Riya Verma,Music,4.7,3/15/2021
i06590,Isabella Moore,Physics,3.7,6/8/2021
i06591,Meera Walker,Music,3.3,8/5/2018
i06592,Liam Lee,Physics,4.3,6/7/2019
i06593,Arjun Sharma,Physics,3.9,9/15/2019
i06594,Eva Lewis,Data Science,3.5,2/11/2021
i06595,Arjun Lee,Programming,5,8/27/2019
i06596,Emma Hall,Math,3.3,1/31/2019
i06597,Karan Miller,Data Science,3.6,7/24/2019
i06598,Aanya Davis,Design,4.8,11/1/2019
i06599,Olivia Walker,Music,3.7,9/21/2018
i06600,Isabella Martin,History,4.8,8/4/2021
i06601,Benjamin Wilson,Music,3.5,4/3/2020
i06602,Emma Wilson,Math,4,8/3/2020
i06603,Isabella Moore,Math,3.4,2/21/2019
i06604,Aanya Taylor,Physics,3.5,3/12/2020
i06605,Noah Brown,Math,3.4,4/1/2018
i06606,Meera Patel,Biology,4.6,5/28/2018
i06607,Aanya Davis,Data Science,3.9,10/23/2019
i06608,Aanya Verma,Data Science,4.6,9/6/2019
i06609,Eva Smith,Biology,3.6,6/4/2020
i06610,Eva Miller,AI,3.3,8/10/2019
i06611,Zara Sharma,Data Science,4.6,9/20/2020
i06612,Liam Thomas,Design,5,8/3/2018
i06613,Riya Martin,Biology,4,2/25/2019
i06614,Riya Anderson,Biology,4.1,10/12/2018
i06615,Liam Sharma,Programming,3.5,10/21/2019
i06616,Isabella Singh,History,4.8,6/3/2018
i06617,Olivia Taylor,Music,4,4/9/2019
i06618,Olivia Walker,Business,3.7,1/20/2021
i06619,Mia Taylor,Programming,3.5,10/31/2018
i06620,Lucas Martin,Design,3.3,11/16/2021
i06621,Aanya Sharma,Biology,4.4,2/22/2019
i06622,Liam Singh,Design,4.5,12/24/2020
i06623,Benjamin Davis,Biology,4.2,8/5/2020
i06624,Amelia Wilson,Data Science,4.2,6/21/2021
i06625,Eva Smith,History,4.7,9/15/2021
i06626,Benjamin Verma,Biology,3.9,11/7/2020
i06627,Vihaan Verma,Physics,3.3,11/13/2020
i06628,Olivia Verma,Music,4.2,3/14/2021
i06629,Benjamin Singh,Music,3.7,11/26/2018
i06630,Mia Miller,History,3.3,1/20/2020
i06631,Ethan Walker,AI,3.9,11/29/2018
i06632,Aarav Anderson,Biology,3.7,10/23/2019
i06633,Noah Patel,Biology,4.6,11/17/2020
i06634,Isabella Moore,Math,3.2,7/26/2020
i06635,Eva Johnson,Physics,4,11/8/2020
i06636,Isabella Davis,Data Science,3,7/2/2020
i06637,Riya Taylor,Music,3.6,1/7/2018
i06638,Ethan Davis,Music,3.7,10/4/2020
i06639,Olivia Davis,Physics,3.5,1/14/2020
i06640,Vihaan Thomas,Design,4.5,12/21/2021
i06641,Karan Walker,Programming,3.5,2/6/2021
i06642,Arjun Anderson,AI,4.2,6/24/2020
i06643,Eva Verma,History,3.9,12/6/2021
i06644,Riya Lee,Design,4.5,8/6/2021
i06645,Riya Brown,Math,4.7,5/22/2021
i06646,Lucas Anderson,Biology,4.6,8/31/2021
i06647,Noah Davis,AI,3.6,12/21/2021
i06648,Ethan Taylor,Design,3.4,8/18/2019
i06649,Aanya Patel,Biology,3.8,7/30/2020
i06650,Karan Thomas,Music,3.6,12/3/2020
i06651,Aanya Wilson,History,4.2,2/9/2021
i06652,Zara Singh,AI,4.4,2/24/2018
i06653,Arjun Sharma,Math,4.5,5/18/2021
i06654,Riya Clark,Math,3.6,6/26/2021
i06655,Aanya Miller,Design,4,8/23/2019
i06656,Arjun Martin,Design,3.9,5/18/2021
i06657,Mia Singh,Design,3.5,11/4/2021
i06658,Eva Sharma,Music,3.2,8/2/2019
i06659,Arjun Taylor,History,3.1,6/13/2018
i06660,Isabella Wilson,AI,5,11/4/2021
i06661,Liam Taylor,Physics,3.7,9/26/2018
i06662,Sophia Sharma,Data Science,3.9,12/3/2018
i06663,Amelia Lee,Programming,3.2,9/4/2021
i06664,Aanya Miller,Biology,3.9,5/6/2021
i06665,Amelia Anderson,Design,3.8,11/7/2018
i06666,Riya Miller,Math,4.2,5/2/2019
i06667,Liam Lee,Programming,3.1,9/25/2020
i06668,Eva Clark,AI,4.3,7/21/2021
i06669,Olivia Moore,Design,3.5,6/17/2019
i06670,Meera Thomas,Music,4.8,6/20/2018
i06671,Aanya Hall,Business,3.6,12/19/2020
i06672,Sophia Verma,Music,3.1,2/26/2021
i06673,Lucas Clark,Math,4.6,9/9/2019
i06674,Riya Anderson,Physics,4.1,12/17/2019
i06675,Ethan Taylor,History,3.6,7/13/2019
i06676,Arjun Walker,Programming,4.8,5/5/2021
i06677,Ethan Miller,Music,3.7,10/6/2020
i06678,Lucas Singh,Programming,4.1,8/10/2019
i06679,Amelia Patel,Physics,3.1,2/9/2018
i06680,Emma Lee,Biology,3.5,11/7/2019
i06681,Vihaan Davis,History,4.9,8/28/2018
i06682,Ethan Wilson,Music,3.8,5/3/2018
i06683,Aarav Lee,Design,3.1,12/29/2020
i06684,Amelia Clark,Data Science,3.3,2/24/2021
i06685,Amelia Walker,Design,3.2,4/13/2021
i06686,Noah Thomas,Business,3.8,1/2/2018
i06687,Meera Anderson,AI,3.7,5/9/2021
i06688,Liam Johnson,Programming,4.6,4/6/2020
i06689,Benjamin Davis,Business,4,12/19/2020
i06690,Eva Singh,Data Science,3.3,8/20/2020
i06691,Amelia Thomas,Programming,3.8,5/30/2019
i06692,Zara Clark,Design,3.8,1/8/2018
i06693,Vihaan Lee,Design,3.6,4/25/2021
i06694,Riya Hall,Data Science,3.3,12/8/2021
i06695,Sophia Hall,AI,3.7,8/27/2021
i06696,Karan Thomas,Design,4.1,5/29/2021
i06697,Liam Moore,Business,3,11/28/2021
i06698,Liam Verma,Business,4.1,10/10/2020
i06699,Aarav Moore,Math,4.5,9/2/2019
i06700,Noah Hall,AI,4.8,12/20/2021
i06701,Riya Clark,Business,4.4,8/2/2019
i06702,Isabella Thomas,Data Science,3.1,12/24/2019
i06703,Olivia Wilson,Programming,3.7,5/28/2019
i06704,Benjamin Brown,History,3.9,9/20/2018
i06705,Noah Brown,Music,4.1,1/25/2020
i06706,Ethan Davis,Data Science,3.8,3/24/2018
i06707,Ethan Thomas,Math,3.4,2/3/2018
i06708,Emma Brown,History,3.7,7/14/2021
i06709,Aarav Lee,Physics,4,9/2/2018
i06710,Lucas Sharma,Physics,3.4,2/22/2020
i06711,Karan Clark,Data Science,4.5,8/13/2018
i06712,Emma Miller,Math,3.8,7/20/2019
i06713,Vihaan Johnson,Design,4.9,7/3/2021
i06714,Riya Walker,Data Science,4.8,8/21/2018
i06715,Arjun Singh,AI,4.1,12/1/2019
i06716,Amelia Walker,Math,3,5/16/2019
i06717,Riya Patel,Programming,4.1,2/15/2020
i06718,Arjun Clark,AI,3.1,5/29/2018
i06719,Riya Walker,Music,3.1,10/19/2021
i06720,Meera Thomas,Programming,4.3,9/12/2018
i06721,Zara Smith,Physics,3.5,11/2/2021
i06722,Liam Smith,Math,4.9,8/9/2020
i06723,Amelia Davis,Design,4.8,8/4/2021
i06724,Arjun Brown,Business,4.1,8/11/2020
i06725,Zara Sharma,History,3,1/9/2019
i06726,Sophia Taylor,Math,4.4,11/15/2019
i06727,Zara Verma,Music,4.5,3/10/2019
i06728,Aarav Patel,AI,4.6,11/29/2020
i06729,Ethan Taylor,AI,4.7,2/26/2019
i06730,Ethan Sharma,Data Science,4.5,6/27/2018
i06731,Olivia Davis,History,3.9,4/3/2018
i06732,Lucas Walker,AI,3.3,8/15/2021
i06733,Meera Brown,Business,3.7,6/11/2019
i06734,Mia Lewis,History,4.3,8/31/2020
i06735,Riya Anderson,Design,3,6/15/2018
i06736,Amelia Hall,Math,4.6,6/1/2021
i06737,Karan Miller,Design,4.3,1/29/2020
i06738,Emma Singh,Biology,4.8,5/15/2019
i06739,Meera Lewis,Programming,3.5,7/28/2019
i06740,Liam Anderson,History,3,4/1/2018
i06741,Olivia Anderson,Biology,3.7,6/5/2019
i06742,Mia Verma,History,3.8,2/17/2019
i06743,Eva Martin,Math,3.6,6/10/2018
i06744,Emma Hall,Data Science,3.3,12/11/2021
i06745,Benjamin Wilson,Business,3.8,3/1/2020
i06746,Riya Clark,AI,3.2,2/25/2019
i06747,Riya Miller,Design,4.3,3/30/2021
i06748,Lucas Johnson,Programming,4.7,3/30/2021
i06749,Zara Martin,Math,3.8,12/20/2020
i06750,Aarav Anderson,Physics,3,11/20/2021
i06751,Olivia Clark,Data Science,3.3,12/16/2021
i06752,Meera Walker,Music,4.7,11/20/2020
i06753,Isabella Martin,Business,3.7,12/11/2019
i06754,Riya Walker,Programming,4.5,9/12/2019
i06755,Zara Thomas,Design,3.1,9/18/2018
i06756,Emma Lewis,History,4.4,3/28/2021
i06757,Amelia Singh,Design,4.2,3/22/2020
i06758,Mia Davis,Programming,3,10/8/2019
i06759,Meera Martin,Biology,4.9,6/17/2019
i06760,Vihaan Taylor,Business,4.3,7/20/2020
i06761,Riya Walker,Biology,4.6,4/10/2019
i06762,Lucas Davis,Biology,4.1,5/11/2020
i06763,Sophia Moore,Data Science,4.6,1/13/2018
i06764,Olivia Martin,AI,3.8,8/28/2018
i06765,Liam Lee,History,3.8,2/24/2018
i06766,Noah Johnson,Design,4.9,9/28/2020
i06767,Benjamin Brown,History,3.9,2/13/2020
i06768,Benjamin Lee,Music,3.1,12/6/2019
i06769,Eva Martin,Music,3.3,10/24/2019
i06770,Aarav Davis,Programming,4.1,6/29/2019
i06771,Zara Verma,AI,3.7,6/17/2018
i06772,Karan Walker,Data Science,3.6,2/1/2019
i06773,Sophia Smith,Math,3.5,4/11/2018
i06774,Isabella Thomas,History,3.4,11/9/2018
i06775,Mia Walker,AI,3.3,3/20/2019
i06776,Meera Anderson,AI,3.7,12/7/2021
i06777,Noah Anderson,AI,4,5/11/2019
i06778,Karan Sharma,History,3.8,1/29/2019
i06779,Arjun Anderson,Programming,3.4,9/17/2020
i06780,Liam Wilson,Math,4.8,8/18/2018
i06781,Benjamin Sharma,Physics,3.7,2/6/2018
i06782,Arjun Walker,History,4.4,12/17/2018
i06783,Benjamin Taylor,AI,3.4,11/27/2018
i06784,Amelia Singh,Business,3.9,4/29/2021
i06785,Isabella Hall,Physics,4.6,10/21/2020
i06786,Noah Miller,Math,3.4,5/30/2020
i06787,Amelia Walker,Biology,4.2,1/24/2020
i06788,Eva Johnson,Data Science,4,4/6/2021
i06789,Ethan Clark,Music,4.6,5/22/2019
i06790,Zara Hall,Math,4,2/20/2018
i06791,Noah Brown,Design,3.4,3/3/2018
i06792,Benjamin Smith,Biology,3.4,11/27/2020
i06793,Meera Smith,Math,3.8,11/9/2018
i06794,Amelia Lewis,Data Science,4.8,1/15/2019
i06795,Meera Martin,Music,4.5,8/24/2020
i06796,Meera Lee,Music,5,8/3/2020
i06797,Karan Taylor,Math,3.3,6/20/2019
i06798,Arjun Hall,Music,4.1,9/7/2020
i06799,Arjun Hall,History,4.8,12/8/2019
i06800,Emma Martin,Programming,5,4/14/2019
i06801,Aarav Verma,Data Science,4.4,2/4/2019
i06802,Eva Singh,Business,4.9,8/17/2018
i06803,Eva Davis,Physics,4,4/2/2020
i06804,Eva Anderson,History,3.4,1/5/2020
i06805,Benjamin Johnson,History,4.3,12/11/2020
i06806,Emma Sharma,Business,3.8,6/10/2019
i06807,Noah Smith,Data Science,4.1,8/18/2021
i06808,Noah Anderson,AI,3.6,4/26/2020
i06809,Isabella Walker,Business,3.4,3/21/2020
i06810,Olivia Wilson,Physics,4.9,8/14/2020
i06811,Liam Johnson,Physics,4.3,7/21/2018
i06812,Eva Johnson,Data Science,3.8,12/14/2019
i06813,Amelia Sharma,Music,3.1,12/16/2021
i06814,Aanya Taylor,Music,4,2/6/2021
i06815,Mia Taylor,Design,3.4,2/4/2021
i06816,Meera Taylor,Data Science,3.1,8/28/2020
i06817,Isabella Brown,Music,3.5,11/5/2020
i06818,Amelia Smith,History,4.2,9/12/2021
i06819,Aanya Wilson,Math,3,12/9/2021
i06820,Mia Wilson,Biology,3.6,10/19/2020
i06821,Noah Walker,Math,3.2,2/14/2019
i06822,Noah Brown,Physics,3.5,4/6/2019
i06823,Isabella Sharma,Math,3.9,11/20/2019
i06824,Liam Davis,Data Science,3.5,1/19/2021
i06825,Ethan Verma,Physics,4.9,6/13/2020
i06826,Emma Moore,Data Science,3.9,4/18/2020
i06827,Emma Davis,Math,4.3,10/18/2021
i06828,Olivia Lewis,Math,4.2,4/22/2021
i06829,Karan Clark,Biology,3.6,9/22/2021
i06830,Amelia Patel,Data Science,3.1,1/5/2018
i06831,Mia Patel,AI,4.5,2/9/2019
i06832,Aanya Lewis,Physics,4.9,3/1/2019
i06833,Meera Clark,Biology,3.3,3/27/2020
i06834,Isabella Taylor,Programming,4.6,9/7/2018
i06835,Eva Thomas,Data Science,4.6,11/13/2018
i06836,Zara Lee,AI,4.6,12/20/2020
i06837,Emma Anderson,Biology,3.3,4/9/2019
i06838,Aarav Sharma,Data Science,4.7,11/6/2021
i06839,Isabella Brown,Data Science,3.2,12/18/2018
i06840,Karan Lee,Music,3.1,1/22/2020
i06841,Mia Singh,Design,3.8,10/13/2018
i06842,Liam Patel,Music,3.2,12/17/2021
i06843,Amelia Brown,Design,4.9,10/16/2019
i06844,Aanya Lewis,Physics,4.2,6/4/2020
i06845,Eva Lewis,Design,3.2,11/13/2020
i06846,Meera Thomas,Math,4.7,8/18/2020
i06847,Liam Lee,Programming,4.4,8/5/2019
i06848,Meera Patel,Physics,3.4,2/25/2020
i06849,Benjamin Johnson,AI,4.9,1/28/2021
i06850,Sophia Johnson,Biology,3.8,8/19/2018
i06851,Ethan Wilson,Business,4.2,11/7/2018
i06852,Isabella Anderson,History,4.1,8/21/2019
i06853,Ethan Wilson,Music,3.4,5/5/2021
i06854,Liam Davis,Biology,3.4,6/5/2018
i06855,Aarav Smith,History,3.4,6/29/2020
i06856,Liam Singh,AI,3.2,1/22/2019
i06857,Zara Wilson,Biology,4.7,3/20/2021
i06858,Karan Lewis,Physics,3.2,2/27/2018
i06859,Aanya Singh,Biology,3.1,3/14/2019
i06860,Emma Clark,AI,3,6/11/2020
i06861,Arjun Taylor,Biology,5,2/20/2020
i06862,Liam Singh,Data Science,4.2,6/16/2019
i06863,Eva Lee,History,3,9/17/2020
i06864,Aanya Sharma,AI,3.5,8/24/2021
i06865,Karan Davis,Data Science,3.6,3/27/2020
i06866,Amelia Thomas,Music,3.8,6/5/2019
i06867,Olivia Smith,Math,4.3,8/30/2019
i06868,Amelia Anderson,Physics,4.4,9/25/2018
i06869,Aanya Walker,Design,4.5,12/29/2018
i06870,Eva Clark,Math,3.1,4/30/2019
i06871,Isabella Davis,Programming,3.8,12/30/2019
i06872,Arjun Davis,Math,4.2,12/7/2018
i06873,Amelia Taylor,Physics,3.3,1/24/2018
i06874,Riya Davis,Music,3.9,8/4/2019
i06875,Aanya Wilson,Programming,3.7,2/22/2019
i06876,Aanya Singh,Design,3.4,6/9/2018
i06877,Vihaan Wilson,Programming,4.5,7/22/2019
i06878,Aanya Lee,Programming,4,7/19/2020
i06879,Amelia Davis,Math,3.6,5/7/2019
i06880,Mia Lee,Data Science,3.1,3/22/2018
i06881,Mia Brown,Math,4.7,9/2/2021
i06882,Olivia Johnson,Programming,3.8,11/7/2021
i06883,Karan Anderson,Math,4.4,11/30/2020
i06884,Vihaan Hall,Programming,3.4,6/5/2020
i06885,Ethan Verma,Data Science,3.4,6/9/2018
i06886,Benjamin Wilson,Business,3,9/27/2021
i06887,Emma Clark,History,3.2,3/1/2020
i06888,Isabella Johnson,Data Science,3.3,12/11/2018
i06889,Mia Walker,History,3.4,12/18/2019
i06890,Olivia Johnson,Math,4.6,11/2/2020
i06891,Ethan Anderson,Design,4.3,7/8/2019
i06892,Vihaan Lewis,Programming,4.8,1/7/2021
i06893,Meera Walker,Biology,4.6,2/9/2020
i06894,Lucas Martin,Business,3.3,3/14/2021
i06895,Emma Taylor,AI,4.9,11/13/2018
i06896,Ethan Wilson,History,4.8,5/25/2018
i06897,Amelia Moore,History,3.9,3/11/2020
i06898,Liam Lewis,Programming,4.8,2/2/2018
i06899,Zara Walker,Biology,3.6,11/18/2018
i06900,Amelia Singh,AI,4.6,2/10/2018
i06901,Benjamin Taylor,AI,4.9,4/9/2018
i06902,Liam Sharma,Biology,3.7,10/18/2019
i06903,Amelia Patel,Data Science,4.9,5/9/2021
i06904,Benjamin Moore,Data Science,3.5,4/5/2021
i06905,Amelia Brown,AI,3.4,6/13/2020
i06906,Zara Sharma,Design,3.8,7/4/2019
i06907,Arjun Anderson,AI,3.7,6/8/2019
i06908,Benjamin Johnson,Biology,3.7,7/24/2021
i06909,Riya Singh,Data Science,3.1,6/3/2019
i06910,Arjun Taylor,Programming,4.9,7/23/2019
i06911,Mia Lewis,Music,3,2/13/2021
i06912,Aarav Sharma,Design,3.1,5/21/2020
i06913,Benjamin Taylor,Math,5,1/7/2021
i06914,Benjamin Smith,Physics,4.5,8/9/2020
i06915,Eva Johnson,Biology,3.2,6/21/2020
i06916,Sophia Anderson,Business,3.7,8/25/2020
i06917,Riya Walker,Programming,4.2,12/17/2018
i06918,Ethan Moore,History,3.1,7/9/2021
i06919,Riya Lee,History,4.1,3/31/2021
i06920,Mia Davis,Programming,4.4,1/3/2020
i06921,Emma Anderson,Music,4.8,6/6/2019
i06922,Ethan Miller,Programming,3.9,12/13/2021
i06923,Mia Lewis,Business,4.2,5/20/2021
i06924,Sophia Taylor,Business,4.6,11/25/2018
i06925,Mia Singh,Physics,4,4/1/2019
i06926,Lucas Brown,Design,3.8,11/14/2020
i06927,Olivia Walker,Data Science,4.6,7/21/2019
i06928,Zara Lewis,Programming,4.4,12/9/2019
i06929,Noah Walker,Business,3.8,3/25/2020
i06930,Zara Wilson,History,4.8,8/20/2019
i06931,Emma Verma,Programming,4.1,3/13/2019
i06932,Sophia Johnson,Design,4.4,4/24/2018
i06933,Isabella Walker,Biology,3.9,6/2/2019
i06934,Liam Hall,Business,3.5,12/22/2021
i06935,Amelia Clark,Biology,3.9,2/1/2019
i06936,Eva Miller,Design,3.6,10/16/2019
i06937,Zara Johnson,Music,4.4,9/4/2019
i06938,Karan Clark,Music,4.3,9/4/2021
i06939,Zara Brown,Biology,3.1,4/1/2019
i06940,Liam Patel,Programming,4.8,5/14/2020
i06941,Lucas Anderson,Math,3.6,5/9/2019
i06942,Arjun Verma,Physics,4,4/17/2018
i06943,Arjun Brown,Biology,4.2,6/30/2020
i06944,Olivia Sharma,AI,4.5,11/19/2019
i06945,Aanya Brown,Programming,3.1,1/6/2021
i06946,Sophia Taylor,Data Science,4.1,3/18/2019
i06947,Zara Moore,History,4.2,2/21/2021
i06948,Liam Thomas,Physics,4.1,2/16/2020
i06949,Aarav Hall,History,5,10/8/2018
i06950,Isabella Martin,Math,4.5,12/3/2020
i06951,Lucas Moore,History,3.2,10/27/2019
i06952,Lucas Walker,History,3.4,1/12/2018
i06953,Olivia Patel,AI,4.6,10/13/2020
i06954,Lucas Walker,AI,4.5,1/5/2021
i06955,Vihaan Wilson,Math,4.5,2/19/2019
i06956,Emma Moore,Physics,3.9,2/26/2021
i06957,Liam Sharma,Design,4.1,10/3/2021
i06958,Riya Sharma,Programming,4,5/8/2021
i06959,Ethan Hall,Design,3.7,1/10/2019
i06960,Olivia Wilson,History,3.6,3/1/2020
i06961,Ethan Davis,Programming,3.2,3/26/2018
i06962,Vihaan Lewis,Data Science,3.9,11/25/2019
i06963,Aanya Johnson,AI,4.8,9/21/2018
i06964,Ethan Clark,AI,4.9,7/3/2019
i06965,Sophia Moore,Business,3.1,3/21/2019
i06966,Amelia Lewis,History,3.6,11/23/2019
i06967,Amelia Thomas,Programming,4.1,1/8/2021
i06968,Karan Wilson,Design,4.1,5/17/2018
i06969,Olivia Davis,Programming,3.6,4/23/2020
i06970,Mia Martin,Physics,3.4,3/15/2019
i06971,Lucas Johnson,Data Science,3.2,3/31/2021
i06972,Aarav Taylor,Data Science,5,5/22/2021
i06973,Ethan Moore,Biology,4.8,8/24/2018
i06974,Amelia Singh,Physics,3.6,3/14/2018
i06975,Olivia Patel,Biology,4.6,9/22/2019
i06976,Riya Walker,History,4,3/26/2018
i06977,Zara Hall,Programming,4.9,2/7/2018
i06978,Ethan Walker,Biology,3.2,10/27/2018
i06979,Aanya Hall,Business,3.5,2/27/2021
i06980,Eva Martin,Biology,3.9,12/17/2021
i06981,Olivia Moore,Math,4.1,12/14/2020
i06982,Vihaan Wilson,AI,5,10/26/2018
i06983,Isabella Taylor,Programming,3.4,7/30/2019
i06984,Liam Martin,Physics,4,8/17/2020
i06985,Liam Miller,Biology,3,1/5/2019
i06986,Vihaan Lee,History,4.9,9/18/2020
i06987,Isabella Hall,Design,3.3,3/11/2021
i06988,Olivia Lewis,Business,3.2,3/9/2019
i06989,Karan Moore,Physics,4.9,10/4/2021
i06990,Liam Walker,Programming,3.9,1/6/2018
i06991,Karan Verma,History,4.3,1/13/2019
i06992,Vihaan Lewis,Programming,3.9,1/2/2021
i06993,Benjamin Martin,Physics,4.3,7/4/2018
i06994,Eva Verma,Business,3.1,3/18/2020
i06995,Riya Smith,Data Science,4.1,7/23/2020
i06996,Ethan Clark,Biology,3.3,4/26/2018
i06997,Aarav Johnson,History,4.8,7/5/2019
i06998,Benjamin Hall,History,4.3,11/29/2021
i06999,Meera Sharma,Music,4.3,8/9/2019
i07000,Aanya Moore,Biology,4.2,4/5/2020
i07001,Aanya Clark,Music,3.7,6/28/2018
i07002,Mia Davis,Math,3.3,7/22/2020
i07003,Amelia Sharma,Programming,3.6,7/5/2019
i07004,Eva Patel,History,3.3,5/3/2020
i07005,Sophia Davis,AI,4.5,7/27/2021
i07006,Benjamin Miller,Business,4.6,10/28/2018
i07007,Benjamin Johnson,History,3.4,12/16/2021
i07008,Aanya Miller,Data Science,4.6,5/15/2018
i07009,Benjamin Thomas,Biology,3.8,4/11/2018
i07010,Eva Lewis,Physics,3.6,11/24/2019
i07011,Karan Miller,Data Science,4.6,10/15/2019
i07012,Meera Miller,History,4,5/27/2018
i07013,Zara Hall,History,3,8/18/2020
i07014,Olivia Wilson,Business,3.2,11/11/2019
i07015,Sophia Lewis,Design,3.2,1/2/2020
i07016,Isabella Lewis,AI,3.8,10/27/2021
i07017,Vihaan Smith,Programming,4.4,8/6/2020
i07018,Ethan Moore,Music,4.9,12/23/2020
i07019,Isabella Clark,Music,4.4,7/6/2019
i07020,Mia Sharma,Biology,4.4,3/7/2018
i07021,Zara Hall,Programming,3.9,10/28/2019
i07022,Noah Sharma,Music,3.2,9/1/2019
i07023,Arjun Patel,Programming,3.8,5/9/2018
i07024,Meera Miller,Biology,4,3/30/2021
i07025,Aanya Taylor,Music,4,3/16/2018
i07026,Zara Moore,History,3.6,1/7/2018
i07027,Meera Martin,Math,4.3,4/18/2019
i07028,Aarav Walker,Programming,4.8,3/12/2021
i07029,Benjamin Clark,AI,3.5,1/9/2019
i07030,Riya Clark,Music,4.9,7/26/2020
i07031,Olivia Miller,Math,3.6,1/17/2020
i07032,Karan Miller,Physics,3.1,8/1/2020
i07033,Noah Patel,History,3.6,4/13/2018
i07034,Riya Thomas,Biology,4.5,9/26/2019
i07035,Aarav Brown,Business,3.9,10/26/2018
i07036,Mia Davis,Design,3.8,5/30/2018
i07037,Sophia Patel,Business,4.9,6/16/2021
i07038,Mia Walker,Biology,3.3,9/8/2021
i07039,Eva Verma,Music,3.2,3/15/2021
i07040,Meera Taylor,AI,3.6,2/3/2021
i07041,Emma Lee,AI,3.9,4/20/2020
i07042,Arjun Verma,AI,3.5,10/6/2019
i07043,Lucas Martin,Data Science,3.1,1/6/2021
i07044,Sophia Taylor,Biology,3.8,6/20/2021
i07045,Meera Johnson,Music,3.2,11/5/2018
i07046,Zara Moore,Programming,5,7/24/2019
i07047,Riya Lee,Business,5,3/15/2021
i07048,Amelia Sharma,Design,3.2,11/3/2021
i07049,Lucas Wilson,Data Science,4.3,3/4/2018
i07050,Sophia Martin,AI,4.9,5/22/2020
i07051,Isabella Thomas,Music,4,8/16/2019
i07052,Amelia Moore,Physics,3.4,4/19/2020
i07053,Olivia Walker,AI,4.9,11/27/2018
i07054,Aanya Davis,AI,3.6,5/7/2018
i07055,Arjun Patel,Data Science,4.4,6/20/2021
i07056,Amelia Hall,AI,4.4,2/26/2021
i07057,Vihaan Brown,Biology,4.3,4/25/2018
i07058,Aarav Singh,Biology,5,4/24/2019
i07059,Lucas Martin,Physics,3.6,10/31/2019
i07060,Lucas Moore,History,4.1,1/31/2019
i07061,Mia Moore,Programming,5,2/2/2018
i07062,Ethan Lee,Biology,4.3,3/15/2021
i07063,Riya Patel,Music,3.3,3/15/2018
i07064,Karan Hall,Programming,3.8,12/28/2021
i07065,Lucas Anderson,Biology,3.7,9/19/2020
i07066,Zara Wilson,History,3.5,3/6/2020
i07067,Zara Brown,Music,4.7,9/11/2019
i07068,Amelia Clark,Business,3.8,8/18/2021
i07069,Riya Johnson,Math,4,12/1/2019
i07070,Mia Singh,Programming,3.4,3/20/2021
i07071,Sophia Miller,Business,4.6,4/20/2020
i07072,Lucas Davis,Business,3.6,9/9/2019
i07073,Aanya Smith,Business,4.8,9/17/2018
i07074,Benjamin Walker,Business,4.1,1/16/2019
i07075,Zara Walker,Music,3.7,5/12/2021
i07076,Benjamin Moore,Biology,4.4,7/17/2021
i07077,Zara Hall,History,3.8,12/11/2021
i07078,Sophia Anderson,Business,4,9/5/2021
i07079,Zara Davis,Math,4,7/17/2021
i07080,Liam Taylor,Physics,4.8,9/10/2019
i07081,Karan Singh,Math,4.7,4/28/2021
i07082,Sophia Brown,Data Science,3.4,8/14/2021
i07083,Benjamin Lewis,Music,3.1,5/14/2019
i07084,Aarav Thomas,Design,4.1,11/1/2021
i07085,Amelia Singh,History,3.9,1/6/2020
i07086,Lucas Anderson,Math,4.1,6/10/2018
i07087,Olivia Smith,Music,3.8,10/2/2020
i07088,Meera Davis,Math,4.3,2/16/2020
i07089,Arjun Anderson,Physics,4.2,7/6/2020
i07090,Noah Sharma,AI,3.2,3/30/2018
i07091,Aanya Brown,Design,4.8,11/10/2021
i07092,Noah Anderson,Programming,4.1,2/12/2021
i07093,Riya Johnson,Music,3.8,2/21/2019
i07094,Sophia Taylor,Math,4.3,4/3/2020
i07095,Meera Taylor,Business,3.9,11/15/2019
i07096,Riya Walker,Data Science,3.7,6/8/2019
i07097,Liam Davis,Business,4.1,2/3/2021
i07098,Amelia Walker,History,4.4,2/14/2021
i07099,Noah Lee,Data Science,3.2,7/18/2021
i07100,Amelia Miller,Music,3.6,10/6/2018
i07101,Riya Patel,Physics,4.6,6/30/2021
i07102,Aarav Taylor,AI,4,6/8/2021
i07103,Emma Miller,Data Science,3.9,11/14/2018
i07104,Lucas Thomas,Math,4.3,6/14/2019
i07105,Ethan Lee,Biology,4.5,12/9/2018
i07106,Riya Lewis,Business,4.4,3/2/2020
i07107,Lucas Johnson,Physics,4.5,2/12/2020
i07108,Karan Singh,History,4.6,3/16/2021
i07109,Aanya Walker,Data Science,3.4,7/12/2020
i07110,Noah Walker,Biology,3.2,2/18/2019
i07111,Ethan Martin,Physics,4.3,4/20/2019
i07112,Meera Wilson,Biology,3.7,7/29/2018
i07113,Amelia Sharma,History,3.4,4/1/2019
i07114,Vihaan Moore,Physics,3.9,10/21/2020
i07115,Emma Brown,Programming,3.5,9/14/2021
i07116,Zara Hall,History,3.5,9/9/2018
i07117,Meera Singh,Math,4.1,6/3/2020
i07118,Isabella Lee,Music,4.3,12/20/2018
i07119,Olivia Martin,AI,3.1,12/9/2018
i07120,Meera Smith,Data Science,4.2,9/6/2018
i07121,Sophia Wilson,Biology,4,10/18/2021
i07122,Zara Wilson,Biology,4.7,4/4/2020
i07123,Mia Walker,Biology,4.6,6/12/2021
i07124,Ethan Moore,Music,4.7,4/7/2020
i07125,Eva Wilson,AI,3.9,6/7/2018
i07126,Olivia Verma,Design,4.6,12/2/2021
i07127,Riya Walker,Design,4.5,12/22/2018
i07128,Emma Walker,Business,4.7,3/12/2021
i07129,Vihaan Verma,Music,4.6,11/12/2020
i07130,Riya Verma,Biology,3.4,8/18/2021
i07131,Eva Moore,Music,4.3,6/17/2018
i07132,Karan Taylor,Design,4.6,7/10/2021
i07133,Eva Lewis,History,4.1,10/21/2019
i07134,Mia Clark,AI,3.2,3/26/2020
i07135,Liam Johnson,History,4.4,3/4/2021
i07136,Aanya Walker,Business,4.5,3/29/2019
i07137,Isabella Verma,Music,5,11/5/2018
i07138,Lucas Lewis,Design,4,11/16/2020
i07139,Aanya Thomas,Physics,3.7,11/23/2018
i07140,Liam Davis,Business,3.1,11/6/2021
i07141,Aanya Lee,Programming,3.6,1/31/2018
i07142,Benjamin Anderson,Biology,4.3,12/11/2019
i07143,Riya Taylor,AI,3.2,5/6/2020
i07144,Ethan Moore,Math,3.8,10/22/2018
i07145,Emma Johnson,AI,4.9,3/3/2020
i07146,Liam Martin,Business,3,12/2/2020
i07147,Olivia Clark,Math,5,7/29/2018
i07148,Riya Lewis,Biology,3,12/3/2020
i07149,Zara Brown,Programming,4.5,8/20/2019
i07150,Riya Hall,Biology,4.5,7/19/2021
i07151,Benjamin Davis,Programming,4.6,8/9/2020
i07152,Karan Walker,Business,4,9/13/2020
i07153,Noah Davis,AI,3.2,5/23/2021
i07154,Mia Walker,Physics,4.9,4/26/2021
i07155,Olivia Clark,Math,3.4,12/12/2021
i07156,Zara Lewis,Physics,4.5,11/19/2019
i07157,Sophia Johnson,Biology,3.9,3/27/2020
i07158,Mia Walker,Programming,4,9/10/2021
i07159,Olivia Lewis,Business,4.7,9/25/2021
i07160,Karan Verma,Programming,3.7,2/21/2021
i07161,Karan Hall,History,4.6,9/20/2021
i07162,Liam Brown,Design,4.4,11/7/2021
i07163,Vihaan Martin,Programming,4.1,2/21/2018
i07164,Emma Johnson,History,3.8,4/30/2019
i07165,Arjun Moore,History,3.6,10/14/2021
i07166,Lucas Wilson,Math,4.2,11/29/2021
i07167,Isabella Davis,Biology,4.5,8/14/2021
i07168,Emma Sharma,Music,4,2/9/2018
i07169,Amelia Miller,History,3.2,4/23/2019
i07170,Amelia Sharma,AI,4.2,12/20/2018
i07171,Isabella Taylor,Biology,4.1,8/23/2021
i07172,Isabella Davis,Business,3.5,6/30/2021
i07173,Mia Lewis,Physics,4.9,6/19/2020
i07174,Isabella Hall,Music,5,5/17/2021
i07175,Eva Moore,AI,3,4/20/2019
i07176,Arjun Johnson,Biology,3.7,5/27/2018
i07177,Olivia Moore,Data Science,3.7,2/14/2021
i07178,Zara Sharma,History,4,10/26/2019
i07179,Olivia Moore,Math,3.6,6/2/2021
i07180,Ethan Thomas,History,3.1,4/9/2018
i07181,Aarav Martin,Programming,3.6,1/28/2021
i07182,Noah Lee,Math,5,10/10/2020
i07183,Aarav Martin,Music,3.6,10/15/2018
i07184,Vihaan Davis,Biology,3.9,12/9/2021
i07185,Emma Davis,Programming,3.9,5/15/2019
i07186,Eva Davis,Biology,4.8,9/5/2020
i07187,Karan Hall,Biology,3.1,11/2/2021
i07188,Noah Wilson,Music,4.4,1/9/2020
i07189,Meera Lewis,Music,4.2,2/12/2018
i07190,Isabella Smith,AI,4.2,5/13/2019
i07191,Amelia Miller,Data Science,5,9/19/2021
i07192,Karan Verma,Physics,3.5,3/9/2019
i07193,Vihaan Martin,Math,4.7,2/26/2019
i07194,Arjun Thomas,Data Science,4.4,6/18/2018
i07195,Sophia Lewis,AI,3.2,2/15/2018
i07196,Ethan Walker,History,3.2,3/1/2018
i07197,Lucas Walker,Business,5,9/6/2020
i07198,Karan Hall,Business,3.5,3/9/2019
i07199,Karan Singh,Math,3.6,1/30/2021
i07200,Lucas Martin,Data Science,4.5,4/1/2019
i07201,Olivia Hall,AI,3.5,12/14/2019
i07202,Karan Johnson,AI,3.6,3/7/2020
i07203,Mia Verma,Biology,3.9,11/17/2020
i07204,Isabella Lee,Music,4.8,10/12/2018
i07205,Olivia Taylor,Math,3.4,7/27/2021
i07206,Karan Miller,AI,4.2,7/10/2019
i07207,Zara Taylor,Programming,4.7,3/17/2020
i07208,Lucas Wilson,Design,3.5,4/23/2021
i07209,Karan Martin,Design,3.6,10/20/2018
i07210,Aarav Sharma,Math,4.9,8/2/2021
i07211,Zara Miller,Biology,4.5,12/5/2020
i07212,Olivia Anderson,History,3.6,2/16/2021
i07213,Mia Walker,Data Science,4.1,10/26/2021
i07214,Liam Moore,Biology,4.3,9/8/2020
i07215,Aarav Walker,Music,3.1,6/23/2019
i07216,Ethan Taylor,Business,4,9/15/2019
i07217,Isabella Clark,Music,3.9,7/7/2021
i07218,Zara Hall,Data Science,3.2,6/2/2020
i07219,Isabella Wilson,History,4.9,9/2/2018
i07220,Isabella Taylor,Programming,3.3,7/26/2018
i07221,Aarav Davis,Programming,4.6,10/5/2020
i07222,Emma Patel,Physics,3.1,8/26/2021
i07223,Amelia Martin,Design,4.3,5/20/2021
i07224,Isabella Anderson,AI,3.5,7/24/2019
i07225,Aanya Sharma,History,3.3,12/6/2018
i07226,Karan Moore,Music,4.6,7/26/2020
i07227,Benjamin Smith,Data Science,4.3,12/28/2019
i07228,Aanya Singh,History,4.5,10/5/2018
i07229,Liam Verma,Programming,4.4,7/16/2020
i07230,Vihaan Smith,History,3.6,8/13/2021
i07231,Sophia Brown,Physics,3.2,1/25/2021
i07232,Sophia Verma,Design,4.2,10/4/2018
i07233,Olivia Lee,Design,4.9,7/8/2020
i07234,Zara Verma,AI,3.8,4/25/2020
i07235,Ethan Verma,Data Science,4.6,12/5/2021
i07236,Zara Miller,Programming,3.5,9/3/2018
i07237,Arjun Davis,AI,3.8,6/30/2018
i07238,Aanya Thomas,Biology,3.8,10/3/2018
i07239,Vihaan Anderson,Music,3.9,3/30/2020
i07240,Aarav Thomas,Physics,4.2,7/23/2019
i07241,Aanya Thomas,Math,3.9,5/24/2019
i07242,Vihaan Clark,Math,3.4,10/12/2019
i07243,Olivia Taylor,Programming,4.4,4/25/2019
i07244,Noah Thomas,Data Science,4.3,1/13/2018
i07245,Lucas Lee,Data Science,3.6,7/15/2019
i07246,Isabella Brown,Physics,3.4,9/6/2018
i07247,Isabella Davis,AI,3.7,5/10/2019
i07248,Lucas Patel,Design,4.8,7/1/2021
i07249,Aarav Brown,Business,3,4/23/2021
i07250,Arjun Johnson,Music,3.3,8/6/2020
i07251,Vihaan Hall,Physics,3.5,10/1/2019
i07252,Isabella Miller,Programming,3.2,4/18/2020
i07253,Olivia Hall,Design,3.6,12/13/2020
i07254,Karan Patel,Design,4.1,2/19/2021
i07255,Liam Davis,Business,4.2,6/25/2021
i07256,Aarav Thomas,Math,3.9,11/15/2020
i07257,Isabella Hall,Math,3.8,9/24/2021
i07258,Arjun Miller,History,3.3,10/3/2018
i07259,Olivia Sharma,Design,3.5,3/3/2021
i07260,Aanya Lee,Biology,3.4,9/23/2021
i07261,Noah Singh,Data Science,4.3,4/5/2021
i07262,Vihaan Davis,History,4.4,11/17/2020
i07263,Arjun Wilson,Programming,4.3,7/27/2021
i07264,Meera Sharma,History,4.7,12/3/2020
i07265,Eva Johnson,Business,4.9,6/21/2019
i07266,Benjamin Walker,Music,4.7,8/16/2021
i07267,Isabella Lewis,Math,4.9,2/8/2021
i07268,Noah Clark,Biology,4.5,9/19/2021
i07269,Emma Moore,Programming,4.8,7/20/2020
i07270,Liam Thomas,Music,3,6/23/2021
i07271,Zara Brown,Physics,4.7,2/23/2020
i07272,Aarav Clark,Business,5,12/5/2020
i07273,Aanya Brown,Business,3.1,1/19/2020
i07274,Eva Sharma,Programming,3.6,1/6/2020
i07275,Eva Taylor,Math,3.5,4/18/2020
i07276,Amelia Clark,Physics,4.1,11/30/2020
i07277,Isabella Johnson,Physics,4.9,3/22/2018
i07278,Noah Sharma,Programming,4,6/21/2020
i07279,Eva Taylor,Data Science,3.3,8/24/2021
i07280,Emma Clark,Data Science,3.2,2/18/2021
i07281,Zara Johnson,Programming,4.1,9/3/2020
i07282,Liam Walker,Business,4.7,6/25/2019
i07283,Eva Davis,Programming,3.8,10/19/2018
i07284,Emma Thomas,History,4.1,5/21/2020
i07285,Isabella Sharma,Music,3.8,12/26/2021
i07286,Liam Taylor,Programming,4.2,3/22/2019
i07287,Benjamin Sharma,Design,4.7,1/18/2019
i07288,Karan Singh,Design,4.5,10/10/2020
i07289,Aanya Lee,Math,3.1,7/26/2018
i07290,Riya Johnson,Music,3.2,12/4/2018
i07291,Lucas Anderson,Design,3.9,2/15/2019
i07292,Riya Smith,Music,4,10/1/2018
i07293,Noah Singh,Physics,3.7,3/21/2020
i07294,Benjamin Clark,Math,3.3,6/7/2019
i07295,Zara Walker,Design,4.5,10/21/2020
i07296,Arjun Thomas,Biology,3.7,7/18/2018
i07297,Aanya Anderson,Physics,3.7,5/12/2018
i07298,Olivia Wilson,AI,3.2,8/17/2020
i07299,Amelia Verma,Music,3.7,10/7/2021
i07300,Meera Moore,Music,4,9/21/2020
i07301,Aanya Davis,Music,4.5,2/3/2018
i07302,Arjun Smith,History,4.8,8/17/2021
i07303,Riya Patel,Business,4.2,8/29/2021
i07304,Olivia Lee,AI,3.1,7/19/2021
i07305,Noah Singh,Biology,3.9,4/20/2020
i07306,Amelia Sharma,History,3.4,12/5/2019
i07307,Eva Smith,Music,3.2,8/26/2021
i07308,Arjun Martin,History,3.7,5/18/2020
i07309,Isabella Johnson,Physics,4.9,3/19/2019
i07310,Liam Hall,Music,4,3/17/2021
i07311,Aarav Taylor,Business,4.1,6/24/2021
i07312,Riya Walker,Design,4.5,5/17/2019
i07313,Zara Patel,Data Science,3.1,10/15/2020
i07314,Amelia Smith,Physics,4.3,5/24/2018
i07315,Arjun Patel,Programming,4.7,9/6/2020
i07316,Zara Walker,Business,4.7,7/24/2021
i07317,Karan Singh,Design,3.4,4/21/2021
i07318,Sophia Verma,History,4.5,6/17/2020
i07319,Isabella Patel,Programming,3.6,7/4/2020
i07320,Aanya Davis,Business,3.5,2/4/2018
i07321,Lucas Moore,Business,3.4,4/2/2018
i07322,Lucas Smith,Programming,3.3,2/25/2020
i07323,Noah Thomas,Business,4.9,9/2/2018
i07324,Lucas Patel,Business,3.5,5/6/2019
i07325,Amelia Sharma,Physics,4.9,9/5/2019
i07326,Karan Wilson,Design,3.1,6/24/2019
i07327,Sophia Davis,Programming,4,7/17/2020
i07328,Meera Brown,History,4.2,4/24/2018
i07329,Sophia Davis,Data Science,3.9,4/1/2018
i07330,Emma Patel,Design,4.4,1/29/2019
i07331,Eva Moore,Biology,4.8,3/16/2020
i07332,Benjamin Sharma,Math,3.6,1/31/2020
i07333,Lucas Moore,Music,4.5,5/8/2019
i07334,Karan Singh,History,3.5,3/13/2019
i07335,Amelia Verma,Biology,4.7,6/14/2020
i07336,Arjun Wilson,Design,5,9/26/2020
i07337,Emma Wilson,Biology,4.2,10/13/2019
i07338,Karan Anderson,Physics,3.9,11/15/2021
i07339,Riya Smith,Data Science,4.3,4/23/2019
i07340,Ethan Smith,Biology,3.1,5/27/2018
i07341,Vihaan Sharma,Data Science,3.2,9/1/2018
i07342,Isabella Sharma,Biology,4.5,5/5/2021
i07343,Olivia Smith,Biology,3.3,2/2/2019
i07344,Arjun Davis,Biology,4.3,2/29/2020
i07345,Riya Wilson,Music,3.7,12/3/2018
i07346,Aarav Davis,Music,4.2,3/5/2020
i07347,Karan Moore,Programming,4.8,4/14/2020
i07348,Aanya Brown,Music,4.6,3/14/2021
i07349,Meera Johnson,AI,4.9,2/26/2018
i07350,Sophia Wilson,Biology,3.2,3/29/2019
i07351,Olivia Lewis,Math,4.2,3/31/2018
i07352,Meera Moore,Design,4.8,7/7/2021
i07353,Aanya Hall,Programming,4.5,12/3/2018
i07354,Meera Miller,Music,5,5/28/2019
i07355,Amelia Davis,Math,3.2,6/29/2021
i07356,Sophia Martin,Design,3.4,8/12/2019
i07357,Lucas Miller,Music,4.9,10/29/2019
i07358,Benjamin Moore,Music,3.3,8/17/2019
i07359,Olivia Verma,Biology,4.7,8/3/2020
i07360,Aarav Davis,Math,4.6,5/31/2020
i07361,Eva Taylor,Data Science,3,9/3/2021
i07362,Aarav Walker,Design,3.9,7/6/2020
i07363,Isabella Lewis,Music,4.6,7/24/2021
i07364,Arjun Brown,Programming,4.9,1/19/2020
i07365,Lucas Lee,Programming,4.2,11/16/2018
i07366,Arjun Lee,AI,4,3/29/2021
i07367,Vihaan Moore,AI,4,3/2/2019
i07368,Lucas Hall,Music,4,3/28/2018
i07369,Aanya Johnson,Programming,4.6,9/19/2021
i07370,Noah Martin,History,4.7,4/3/2020
i07371,Aanya Thomas,AI,3.1,2/17/2019
i07372,Liam Johnson,Math,4.7,5/14/2018
i07373,Vihaan Moore,Biology,3.2,4/11/2020
i07374,Sophia Patel,Biology,4.1,2/11/2020
i07375,Meera Hall,Business,4.5,9/11/2020
i07376,Benjamin Davis,Math,4.7,5/25/2021
i07377,Ethan Thomas,History,3.1,7/3/2021
i07378,Isabella Patel,Biology,3.3,9/14/2019
i07379,Eva Wilson,Physics,3,12/18/2018
i07380,Arjun Lee,Biology,3.2,1/7/2020
i07381,Mia Singh,Music,4.7,2/6/2020
i07382,Eva Lewis,Business,4.9,10/14/2019
i07383,Noah Smith,Music,3.7,8/20/2020
i07384,Olivia Anderson,History,3.3,3/6/2019
i07385,Mia Davis,Biology,3.3,1/17/2019
i07386,Ethan Lee,Biology,5,1/26/2020
i07387,Ethan Taylor,Design,3.4,12/7/2019
i07388,Karan Walker,Programming,5,1/10/2018
i07389,Isabella Thomas,AI,4.7,12/18/2018
i07390,Eva Hall,AI,4.7,3/19/2019
i07391,Isabella Verma,Music,3.1,9/14/2020
i07392,Mia Davis,Music,3.5,12/17/2020
i07393,Olivia Singh,History,4.1,4/9/2018
i07394,Noah Taylor,Math,3.3,4/27/2021
i07395,Lucas Sharma,Math,3,2/18/2020
i07396,Amelia Sharma,Biology,3,2/5/2020
i07397,Zara Johnson,Physics,4.6,8/13/2020
i07398,Olivia Patel,AI,4.8,11/18/2019
i07399,Eva Wilson,Physics,4.1,3/31/2018
i07400,Ethan Martin,Math,3,7/12/2019
i07401,Liam Patel,Music,4.2,7/30/2021
i07402,Mia Miller,Math,4.4,9/4/2018
i07403,Isabella Martin,Business,3.3,9/25/2019
i07404,Benjamin Hall,Physics,3.4,1/30/2020
i07405,Mia Lewis,Data Science,3.5,3/15/2021
i07406,Karan Taylor,History,3.7,10/6/2020
i07407,Emma Wilson,Physics,4.1,7/9/2018
i07408,Olivia Clark,Physics,4.6,6/20/2018
i07409,Zara Singh,Physics,3.7,10/15/2020
i07410,Mia Sharma,Biology,3.5,5/31/2019
i07411,Karan Taylor,Data Science,3.9,4/9/2020
i07412,Karan Taylor,Design,4.4,1/21/2019
i07413,Meera Miller,Programming,3.1,3/21/2021
i07414,Liam Johnson,Design,3.6,2/13/2019
i07415,Lucas Moore,Math,3.8,2/17/2020
i07416,Mia Singh,Programming,3.3,1/7/2020
i07417,Emma Smith,Math,4.4,1/16/2021
i07418,Arjun Martin,Math,4.2,2/14/2021
i07419,Amelia Verma,Data Science,3.8,1/27/2020
i07420,Ethan Thomas,Business,4.8,7/25/2019
i07421,Liam Hall,Business,3.8,7/6/2021
i07422,Eva Walker,Design,3.7,4/11/2019
i07423,Ethan Smith,Data Science,3.3,8/18/2019
i07424,Vihaan Johnson,Business,3.3,8/20/2020
i07425,Aarav Clark,Business,3.5,7/8/2018
i07426,Emma Walker,Business,3.7,8/31/2021
i07427,Lucas Patel,AI,4.5,1/9/2019
i07428,Karan Hall,Programming,3.5,7/31/2018
i07429,Karan Johnson,Data Science,3.9,3/8/2018
i07430,Aarav Wilson,Business,3.3,8/2/2020
i07431,Aanya Johnson,History,4.2,12/17/2020
i07432,Noah Lewis,Business,4.7,6/6/2018
i07433,Vihaan Brown,AI,3.8,3/20/2018
i07434,Ethan Taylor,Physics,3,12/15/2019
i07435,Amelia Walker,Biology,3,3/10/2020
i07436,Ethan Lee,Physics,4.2,6/21/2020
i07437,Liam Martin,Programming,3.4,1/30/2020
i07438,Lucas Singh,History,3.8,2/22/2020
i07439,Ethan Lee,Programming,3.9,2/15/2018
i07440,Isabella Singh,AI,4,12/4/2019
i07441,Isabella Brown,Biology,3.2,3/8/2019
i07442,Benjamin Lewis,Data Science,4.1,10/21/2020
i07443,Isabella Anderson,AI,3.1,5/5/2020
i07444,Meera Brown,Programming,4.1,7/1/2021
i07445,Riya Taylor,History,3.8,9/29/2021
i07446,Zara Moore,Physics,4.1,10/2/2018
i07447,Meera Patel,Math,4.2,4/26/2020
i07448,Ethan Walker,Music,3.1,9/12/2018
i07449,Vihaan Smith,Math,4.5,7/3/2020
i07450,Amelia Verma,History,4.3,3/31/2019
i07451,Riya Wilson,Biology,3.8,9/17/2018
i07452,Zara Patel,Music,3.3,12/12/2020
i07453,Zara Johnson,Design,4.7,12/3/2020
i07454,Zara Singh,Math,4.8,10/24/2018
i07455,Olivia Brown,Math,3.5,6/12/2021
i07456,Amelia Lee,Physics,3.3,7/11/2018
i07457,Lucas Verma,Design,4.4,10/17/2021
i07458,Aarav Singh,Programming,3.5,10/17/2018
i07459,Riya Smith,Business,3.3,10/17/2021
i07460,Arjun Miller,AI,3.3,2/3/2021
i07461,Sophia Singh,Business,4.3,7/5/2018
i07462,Amelia Miller,Math,4.3,11/9/2018
i07463,Eva Hall,Biology,4.2,6/16/2020
i07464,Ethan Taylor,History,3.9,7/23/2020
i07465,Benjamin Wilson,Business,3.7,6/2/2018
i07466,Mia Anderson,Biology,3.7,7/31/2018
i07467,Sophia Smith,Data Science,4.3,6/1/2019
i07468,Mia Singh,Biology,3.8,1/25/2021
i07469,Aanya Johnson,Biology,3.9,6/9/2018
i07470,Isabella Verma,Design,4.4,12/4/2021
i07471,Noah Walker,Programming,4.7,8/8/2020
i07472,Ethan Martin,Physics,3.7,7/22/2020
i07473,Benjamin Thomas,Data Science,3.1,4/14/2019
i07474,Aanya Martin,Design,3.6,5/3/2018
i07475,Amelia Singh,Biology,5,3/15/2019
i07476,Sophia Wilson,History,4.4,8/9/2021
i07477,Meera Anderson,Math,4.5,7/10/2018
i07478,Riya Walker,Design,3.5,7/3/2018
i07479,Aanya Thomas,Biology,4.8,1/27/2020
i07480,Olivia Martin,History,4.6,6/19/2020
i07481,Mia Lee,History,3.1,8/28/2020
i07482,Vihaan Brown,Physics,4.1,2/11/2021
i07483,Benjamin Martin,Math,3.9,2/3/2020
i07484,Lucas Clark,Music,3.7,4/3/2019
i07485,Arjun Johnson,AI,4,6/27/2021
i07486,Aanya Verma,Music,3.9,1/18/2020
i07487,Ethan Lewis,Physics,3.5,10/26/2018
i07488,Arjun Walker,History,4.4,7/26/2020
i07489,Lucas Anderson,Biology,4.4,6/4/2021
i07490,Vihaan Martin,Programming,4.2,7/2/2020
i07491,Isabella Wilson,Business,4.1,1/29/2021
i07492,Meera Johnson,Physics,4.1,8/4/2018
i07493,Noah Miller,Programming,3.4,9/11/2019
i07494,Riya Taylor,Design,3.5,3/18/2020
i07495,Karan Singh,Math,4.8,8/30/2021
i07496,Aanya Smith,Math,3.7,5/16/2018
i07497,Ethan Taylor,Data Science,3.6,8/8/2021
i07498,Lucas Johnson,Programming,4.9,6/16/2019
i07499,Mia Wilson,Physics,4.9,10/30/2018
i07500,Karan Smith,AI,3.6,6/21/2019
i07501,Meera Clark,History,4.3,7/13/2021
i07502,Aarav Miller,Design,3.6,3/21/2020
i07503,Meera Martin,Design,3.4,8/6/2021
i07504,Lucas Martin,Design,4.6,3/27/2020
i07505,Noah Clark,Music,4.8,5/3/2020
i07506,Benjamin Moore,Business,4.3,7/26/2019
i07507,Olivia Brown,Data Science,4.3,1/17/2018
i07508,Karan Sharma,Math,3.6,8/19/2020
i07509,Aarav Walker,History,3,4/5/2018
i07510,Vihaan Singh,Biology,4.1,12/17/2019
i07511,Zara Singh,Music,4.8,8/26/2020
i07512,Lucas Miller,Design,4.4,6/10/2018
i07513,Riya Thomas,Biology,4.2,1/2/2021
i07514,Sophia Lewis,Music,5,11/16/2019
i07515,Karan Brown,Business,3.9,2/17/2020
i07516,Meera Smith,Data Science,3,2/16/2020
i07517,Lucas Sharma,Design,4.8,7/4/2021
i07518,Eva Verma,History,3.6,5/17/2021
i07519,Karan Anderson,AI,3.1,9/10/2018
i07520,Arjun Smith,Biology,5,10/4/2020
i07521,Aanya Sharma,Math,5,5/9/2020
i07522,Liam Hall,Music,3.5,5/13/2020
i07523,Benjamin Moore,Biology,3.1,5/20/2018
i07524,Mia Thomas,Music,4.7,7/3/2019
i07525,Ethan Martin,Data Science,3.4,1/29/2021
i07526,Isabella Anderson,Design,4.4,8/10/2019
i07527,Meera Anderson,Design,3.9,5/25/2021
i07528,Eva Verma,History,4.1,6/23/2021
i07529,Aanya Miller,Physics,4.4,3/7/2018
i07530,Aanya Davis,Data Science,3.8,11/26/2018
i07531,Isabella Clark,Physics,4.2,8/11/2020
i07532,Vihaan Walker,AI,4.7,3/5/2020
i07533,Meera Walker,Music,4.1,3/23/2018
i07534,Riya Singh,Music,4.3,11/11/2019
i07535,Arjun Verma,Music,4.8,8/10/2018
i07536,Riya Taylor,Business,4.5,7/25/2021
i07537,Riya Wilson,Business,4.9,10/1/2020
i07538,Mia Singh,Biology,4.3,6/19/2018
i07539,Ethan Thomas,AI,4.9,7/27/2019
i07540,Zara Martin,Data Science,4.4,11/13/2021
i07541,Zara Singh,Design,4.9,7/10/2019
i07542,Mia Martin,AI,3.8,3/8/2020
i07543,Arjun Lee,Physics,4.2,8/12/2018
i07544,Vihaan Sharma,Programming,4.4,6/15/2019
i07545,Noah Singh,Design,4.2,11/1/2021
i07546,Karan Patel,Data Science,3.5,1/22/2019
i07547,Noah Wilson,Math,3.4,2/2/2018
i07548,Riya Thomas,AI,3.6,9/6/2021
i07549,Amelia Johnson,Physics,3.5,6/13/2018
i07550,Olivia Clark,Data Science,4.3,7/12/2018
i07551,Olivia Smith,Data Science,3.7,3/1/2019
i07552,Liam Clark,Business,4.9,5/12/2021
i07553,Aarav Walker,History,3.9,4/22/2019
i07554,Emma Lewis,Music,3.3,4/8/2019
i07555,Meera Singh,Design,3.2,4/20/2018
i07556,Riya Davis,Biology,3.9,7/29/2019
i07557,Eva Martin,Biology,3.9,5/28/2019
i07558,Aanya Davis,Biology,3.1,9/21/2018
i07559,Mia Verma,Physics,4.4,7/11/2021
i07560,Vihaan Davis,Data Science,3.7,7/21/2018
i07561,Arjun Clark,Math,3.9,2/16/2019
i07562,Liam Hall,Math,4.5,8/2/2021
i07563,Lucas Smith,Physics,4.6,2/21/2020
i07564,Meera Singh,Data Science,4.2,12/24/2020
i07565,Olivia Martin,AI,4.7,2/12/2019
i07566,Aarav Smith,Design,3.2,10/29/2021
i07567,Sophia Lewis,Design,4.8,6/20/2019
i07568,Riya Brown,Design,3.5,5/11/2018
i07569,Isabella Lewis,Programming,4.4,6/4/2019
i07570,Sophia Johnson,Math,3,6/24/2020
i07571,Arjun Moore,Physics,3.9,4/26/2020
i07572,Ethan Miller,Physics,3.3,4/13/2018
i07573,Lucas Miller,Programming,4.2,2/5/2019
i07574,Vihaan Verma,Music,4.3,11/13/2019
i07575,Eva Anderson,Music,3.2,10/30/2018
i07576,Mia Patel,Data Science,4.3,11/9/2018
i07577,Aarav Walker,AI,3.5,5/16/2018
i07578,Mia Taylor,Math,3,11/24/2019
i07579,Karan Walker,Biology,4.1,1/8/2018
i07580,Riya Hall,AI,4.3,2/15/2020
i07581,Amelia Davis,Math,4,6/6/2021
i07582,Benjamin Johnson,Business,4.2,7/28/2021
i07583,Lucas Anderson,Data Science,4.7,1/15/2018
i07584,Benjamin Walker,AI,3.6,1/15/2019
i07585,Benjamin Hall,Physics,4.4,11/27/2020
i07586,Riya Johnson,AI,4.7,8/17/2020
i07587,Mia Lewis,Data Science,4.3,9/7/2020
i07588,Zara Lee,AI,4.5,3/23/2020
i07589,Ethan Anderson,AI,3.8,2/3/2020
i07590,Benjamin Patel,Business,3.1,3/3/2019
i07591,Amelia Miller,Data Science,5,8/15/2021
i07592,Ethan Davis,Physics,4,9/20/2021
i07593,Amelia Lewis,Programming,4.7,8/10/2021
i07594,Arjun Davis,Programming,3.8,2/2/2021
i07595,Lucas Moore,AI,4,7/10/2021
i07596,Ethan Lewis,Music,3.4,11/19/2021
i07597,Ethan Moore,Music,3.7,11/22/2020
i07598,Arjun Singh,Data Science,4.6,10/6/2018
i07599,Amelia Clark,Data Science,3.8,8/31/2019
i07600,Ethan Smith,AI,3.3,12/9/2018
i07601,Liam Brown,Programming,4.6,1/30/2019
i07602,Eva Verma,AI,4.8,7/5/2018
i07603,Noah Clark,AI,3.3,8/11/2018
i07604,Aarav Lewis,Physics,3.3,1/10/2020
i07605,Liam Walker,AI,4.4,8/12/2019
i07606,Liam Smith,History,4.7,6/30/2019
i07607,Riya Smith,History,4.1,6/19/2021
i07608,Zara Taylor,History,3.9,3/4/2020
i07609,Riya Hall,Music,4.9,8/22/2019
i07610,Riya Singh,AI,3,12/11/2020
i07611,Riya Sharma,Biology,4.1,7/31/2019
i07612,Emma Johnson,Data Science,4.2,3/2/2018
i07613,Sophia Moore,Math,4.2,8/28/2020
i07614,Mia Patel,Data Science,5,5/3/2020
i07615,Riya Walker,Music,4.5,7/26/2020
i07616,Amelia Davis,Math,3.7,12/1/2019
i07617,Karan Lewis,Music,3.7,8/5/2018
i07618,Karan Thomas,Music,4.7,3/28/2020
i07619,Meera Thomas,Biology,4.5,1/10/2018
i07620,Sophia Wilson,Design,3.4,4/26/2021
i07621,Zara Singh,Biology,3.1,10/29/2019
i07622,Aarav Smith,AI,3.2,1/20/2019
i07623,Liam Smith,Business,4.3,5/4/2019
i07624,Mia Moore,Biology,3.6,10/27/2018
i07625,Vihaan Miller,History,3.2,4/12/2020
i07626,Benjamin Lewis,AI,5,7/24/2019
i07627,Zara Johnson,Design,4.6,2/22/2020
i07628,Lucas Moore,Music,3,12/24/2018
i07629,Eva Lewis,Biology,3,11/28/2019
i07630,Lucas Wilson,AI,4.4,3/23/2021
i07631,Zara Wilson,Music,3.1,9/8/2020
i07632,Olivia Brown,Biology,4.8,3/16/2020
i07633,Isabella Lewis,Biology,3.9,4/19/2018
i07634,Sophia Singh,Music,4.9,8/19/2021
i07635,Aanya Moore,Physics,3.4,3/8/2018
i07636,Aanya Johnson,AI,4.9,6/24/2019
i07637,Aarav Miller,Programming,4.4,12/3/2021
i07638,Benjamin Patel,Data Science,3.5,8/15/2021
i07639,Ethan Smith,History,4.9,11/2/2020
i07640,Lucas Johnson,Biology,3.8,10/28/2019
i07641,Amelia Lewis,Math,3,12/10/2021
i07642,Meera Anderson,Physics,4.4,5/25/2020
i07643,Meera Brown,AI,4.7,2/25/2018
i07644,Lucas Martin,Physics,3.4,10/13/2019
i07645,Vihaan Hall,Music,4.6,9/23/2021
i07646,Lucas Thomas,Music,3.1,1/7/2019
i07647,Ethan Lewis,Data Science,4.9,5/18/2018
i07648,Arjun Clark,Design,3.1,6/17/2019
i07649,Olivia Hall,Programming,4.8,10/20/2020
i07650,Mia Clark,Programming,4.8,8/25/2019
i07651,Amelia Lewis,History,3.9,9/9/2021
i07652,Arjun Lee,Data Science,3,1/20/2019
i07653,Riya Hall,Data Science,4.9,12/10/2021
i07654,Zara Smith,AI,4.9,7/7/2019
i07655,Arjun Walker,Math,4.5,4/30/2020
i07656,Zara Martin,Physics,4.7,11/21/2018
i07657,Ethan Lewis,Business,5,7/25/2021
i07658,Olivia Smith,Business,4.5,2/7/2018
i07659,Aanya Wilson,Design,4.5,3/26/2021
i07660,Vihaan Lewis,Math,3.6,6/17/2019
i07661,Ethan Johnson,Physics,3.7,4/4/2021
i07662,Vihaan Johnson,History,3.4,10/6/2019
i07663,Eva Martin,Math,4,2/21/2018
i07664,Mia Patel,Math,3.3,10/13/2021
i07665,Arjun Johnson,Math,4.2,10/28/2018
i07666,Eva Clark,AI,4.7,10/4/2019
i07667,Emma Moore,Business,3.1,11/4/2018
i07668,Sophia Brown,Math,3.6,2/20/2019
i07669,Emma Smith,Business,3.5,9/4/2019
i07670,Emma Walker,Music,3.8,2/3/2019
i07671,Emma Miller,Business,4.3,2/5/2019
i07672,Eva Moore,Physics,3.2,7/12/2018
i07673,Sophia Miller,Design,4.6,6/16/2021
i07674,Zara Singh,Physics,3.1,6/2/2018
i07675,Riya Patel,Business,3.5,10/5/2018
i07676,Vihaan Verma,Math,5,10/20/2020
i07677,Olivia Miller,Programming,3.3,12/8/2019
i07678,Vihaan Clark,Business,4.3,2/18/2018
i07679,Isabella Hall,Data Science,4.2,4/18/2018
i07680,Olivia Johnson,Music,4.2,6/8/2021
i07681,Benjamin Brown,AI,4.6,7/9/2020
i07682,Zara Smith,Programming,4.6,11/3/2018
i07683,Zara Johnson,Business,3.6,2/15/2020
i07684,Noah Miller,Music,4.1,12/4/2021
i07685,Noah Walker,Data Science,4.6,5/17/2020
i07686,Ethan Moore,Design,4.5,4/12/2021
i07687,Mia Clark,Math,4.6,4/2/2019
i07688,Arjun Walker,Design,4.1,4/3/2021
i07689,Benjamin Moore,Physics,5,12/18/2018
i07690,Aanya Davis,AI,3.8,3/12/2019
i07691,Aarav Johnson,Data Science,3.8,10/27/2018
i07692,Aarav Lewis,Music,4,1/20/2020
i07693,Zara Anderson,AI,4.9,1/30/2018
i07694,Amelia Moore,Math,3.5,3/7/2018
i07695,Riya Verma,History,3.5,10/11/2020
i07696,Amelia Moore,Design,4.9,9/16/2021
i07697,Aanya Singh,Programming,3.7,2/13/2019
i07698,Meera Clark,Design,3.9,2/1/2020
i07699,Karan Martin,Music,4.7,9/16/2018
i07700,Arjun Clark,Math,4.6,3/26/2021
i07701,Ethan Johnson,Design,4.3,10/17/2020
i07702,Noah Hall,History,3.3,5/14/2021
i07703,Mia Clark,Physics,3.9,9/29/2021
i07704,Meera Verma,Data Science,3.4,11/3/2021
i07705,Mia Hall,Programming,4.1,4/17/2018
i07706,Isabella Patel,Design,4.9,9/10/2021
i07707,Amelia Miller,Biology,4.2,9/28/2020
i07708,Aarav Thomas,AI,3.7,1/7/2019
i07709,Zara Sharma,Business,3.1,8/14/2020
i07710,Aarav Thomas,Data Science,4.2,4/6/2018
i07711,Sophia Johnson,Math,4.8,7/25/2018
i07712,Zara Johnson,AI,4,9/19/2021
i07713,Mia Singh,History,3,7/4/2018
i07714,Emma Walker,Physics,4.7,4/16/2021
i07715,Eva Smith,Biology,3.4,4/25/2018
i07716,Lucas Martin,Music,4.2,11/20/2020
i07717,Vihaan Patel,Design,4.8,12/29/2019
i07718,Sophia Brown,Programming,3,8/22/2018
i07719,Sophia Patel,Programming,4.9,8/11/2019
i07720,Isabella Hall,Music,3.2,3/12/2020
i07721,Noah Smith,Music,3.8,6/26/2018
i07722,Arjun Johnson,Physics,4.6,3/7/2021
i07723,Liam Davis,Programming,3.9,7/3/2018
i07724,Olivia Lee,Design,4.8,3/12/2018
i07725,Olivia Taylor,Math,3.6,12/3/2020
i07726,Isabella Verma,Biology,4.5,2/18/2020
i07727,Aarav Thomas,Math,4,2/23/2020
i07728,Sophia Miller,Business,4.7,6/6/2019
i07729,Eva Martin,Math,3.7,8/13/2019
i07730,Ethan Lee,Math,3.3,1/9/2020
i07731,Aarav Wilson,AI,3.4,8/16/2020
i07732,Isabella Anderson,Music,5,9/21/2018
i07733,Eva Taylor,Physics,3,5/22/2018
i07734,Vihaan Davis,Data Science,3.3,8/9/2020
i07735,Noah Clark,Physics,4.6,10/1/2019
i07736,Emma Singh,Business,4.5,9/4/2021
i07737,Vihaan Moore,History,4.8,3/6/2019
i07738,Amelia Wilson,AI,3.2,11/8/2019
i07739,Emma Brown,Biology,3.2,9/25/2019
i07740,Benjamin Taylor,Math,3.9,4/8/2018
i07741,Lucas Wilson,Programming,5,12/20/2021
i07742,Benjamin Lewis,Business,3.2,7/23/2020
i07743,Emma Lewis,Design,3.9,3/2/2021
i07744,Benjamin Smith,Biology,4.4,1/5/2018
i07745,Olivia Lewis,Music,3.2,12/23/2021
i07746,Meera Sharma,History,3.1,8/17/2020
i07747,Aanya Davis,Music,5,4/4/2019
i07748,Isabella Anderson,AI,4.7,11/1/2021
i07749,Arjun Patel,Programming,4.1,9/2/2019
i07750,Emma Martin,Music,4.5,9/8/2020
i07751,Lucas Taylor,History,3.3,4/9/2018
i07752,Emma Singh,Business,3.7,11/26/2019
i07753,Vihaan Walker,Physics,3.4,6/4/2020
i07754,Aanya Johnson,Music,4.1,3/11/2021
i07755,Aarav Wilson,Physics,3.5,4/14/2021
i07756,Zara Hall,Design,3.9,12/10/2020
i07757,Eva Lee,Physics,4.3,11/18/2019
i07758,Arjun Clark,Programming,4.5,4/6/2018
i07759,Emma Smith,Design,3.3,10/10/2020
i07760,Karan Martin,History,4.6,4/25/2018
i07761,Amelia Patel,Biology,4.7,8/9/2020
i07762,Liam Thomas,Math,4.7,7/18/2018
i07763,Riya Patel,Business,4.1,2/16/2020
i07764,Riya Johnson,AI,4.2,6/4/2018
i07765,Riya Smith,Design,3.3,7/30/2018
i07766,Olivia Miller,Business,5,11/8/2020
i07767,Olivia Clark,Data Science,4,6/8/2018
i07768,Aarav Clark,Design,3.1,9/15/2021
i07769,Arjun Thomas,Business,4.2,9/25/2019
i07770,Ethan Clark,Data Science,3.8,4/26/2020
i07771,Riya Walker,Physics,5,12/31/2018
i07772,Ethan Wilson,Design,4.5,8/19/2018
i07773,Sophia Moore,Math,3.5,10/27/2019
i07774,Mia Sharma,Programming,4,11/25/2021
i07775,Meera Martin,Business,3.2,5/22/2019
i07776,Amelia Wilson,AI,3.4,10/11/2019
i07777,Emma Hall,Design,4.9,3/9/2021
i07778,Ethan Anderson,Music,4.3,8/21/2020
i07779,Meera Walker,Math,3.9,9/13/2018
i07780,Arjun Wilson,Data Science,4.5,4/24/2019
i07781,Karan Lewis,Business,4.5,3/10/2018
i07782,Sophia Patel,Math,4.6,1/13/2018
i07783,Noah Anderson,AI,3.6,10/28/2019
i07784,Sophia Wilson,Music,3.4,12/29/2019
i07785,Karan Thomas,AI,3.1,1/21/2021
i07786,Karan Miller,Data Science,4.9,1/30/2018
i07787,Liam Anderson,Physics,3.9,1/13/2020
i07788,Arjun Hall,Math,3.5,3/23/2018
i07789,Zara Clark,Math,3.4,8/13/2020
i07790,Eva Smith,Biology,4.4,8/18/2021
i07791,Sophia Martin,Music,4,11/7/2018
i07792,Liam Davis,Design,3.2,6/10/2020
i07793,Emma Clark,AI,4.6,3/14/2021
i07794,Zara Lewis,History,4.7,8/14/2019
i07795,Mia Sharma,Music,3.2,11/17/2021
i07796,Meera Lewis,Music,4.1,9/25/2021
i07797,Arjun Hall,Design,3.4,2/21/2019
i07798,Isabella Martin,AI,4.1,1/6/2019
i07799,Olivia Smith,Math,4.4,7/27/2018
i07800,Amelia Anderson,Data Science,3.2,7/30/2020
i07801,Zara Smith,Math,4.6,12/5/2020
i07802,Isabella Sharma,Biology,4.3,8/27/2021
i07803,Emma Sharma,Data Science,4.9,2/26/2018
i07804,Ethan Smith,Math,3.4,2/8/2018
i07805,Karan Wilson,Design,4.8,11/30/2019
i07806,Amelia Anderson,Business,3.4,7/29/2019
i07807,Emma Anderson,Music,3.2,8/24/2019
i07808,Olivia Johnson,AI,3.4,2/10/2021
i07809,Riya Clark,Music,4.5,7/7/2019
i07810,Aanya Moore,Design,4.6,11/27/2018
i07811,Isabella Davis,AI,3.6,4/27/2021
i07812,Emma Martin,Music,4.4,2/17/2021
i07813,Vihaan Hall,Math,3.1,9/5/2019
i07814,Liam Lee,AI,3.6,5/14/2020
i07815,Olivia Sharma,Programming,4,7/13/2021
i07816,Eva Verma,Business,4.6,2/15/2019
i07817,Emma Miller,History,4.5,2/7/2021
i07818,Liam Walker,Programming,4.1,6/28/2020
i07819,Amelia Anderson,AI,4.7,5/3/2018
i07820,Liam Miller,History,4.1,9/11/2021
i07821,Eva Martin,History,3.5,10/29/2020
i07822,Emma Johnson,Music,3.5,8/8/2021
i07823,Amelia Anderson,Design,3.8,12/29/2021
i07824,Meera Lewis,Music,3.5,9/25/2019
i07825,Olivia Walker,Biology,3,5/17/2021
i07826,Arjun Walker,Biology,3.8,11/9/2018
i07827,Emma Davis,History,3,1/24/2019
i07828,Noah Taylor,Biology,4,5/9/2018
i07829,Noah Thomas,Design,4.2,8/9/2018
i07830,Riya Lewis,Programming,5,1/7/2018
i07831,Riya Taylor,Programming,3.7,11/9/2018
i07832,Amelia Davis,Biology,4.1,11/17/2021
i07833,Sophia Taylor,Design,4.8,5/1/2018
i07834,Amelia Anderson,Business,3.7,7/27/2019
i07835,Benjamin Verma,Music,3.5,3/20/2018
i07836,Vihaan Moore,History,3.3,3/5/2019
i07837,Mia Moore,Physics,3,8/7/2020
i07838,Emma Anderson,History,3.2,9/16/2021
i07839,Aarav Walker,Business,3.4,6/24/2020
i07840,Isabella Anderson,Physics,4.3,11/13/2018
i07841,Isabella Lewis,History,4,1/15/2021
i07842,Karan Davis,Physics,4.1,9/11/2018
i07843,Ethan Sharma,Math,3.1,8/17/2021
i07844,Aarav Thomas,Music,4.1,11/8/2021
i07845,Zara Davis,Music,4.7,2/11/2021
i07846,Noah Smith,History,4.2,2/20/2020
i07847,Meera Smith,Physics,4.3,9/26/2021
i07848,Lucas Wilson,Biology,3.3,5/16/2020
i07849,Mia Walker,AI,4.5,8/23/2018
i07850,Liam Verma,Math,3.8,6/18/2021
i07851,Liam Patel,Math,3.4,2/12/2021
i07852,Olivia Walker,Music,3.7,9/1/2018
i07853,Benjamin Taylor,Business,3.5,12/2/2018
i07854,Aarav Brown,Business,4.1,1/30/2018
i07855,Liam Smith,History,4.1,6/4/2020
i07856,Lucas Anderson,AI,3.2,6/22/2019
i07857,Benjamin Johnson,Design,4.6,7/29/2020
i07858,Karan Johnson,Data Science,4.3,4/29/2021
i07859,Arjun Walker,Biology,3.2,8/21/2019
i07860,Olivia Clark,AI,5,12/17/2019
i07861,Liam Brown,AI,3.3,7/4/2018
i07862,Noah Patel,Business,3.6,5/29/2019
i07863,Karan Singh,AI,4.7,5/25/2018
i07864,Amelia Martin,Biology,4.2,2/8/2020
i07865,Meera Anderson,AI,5,1/18/2021
i07866,Karan Anderson,Data Science,4.8,3/5/2021
i07867,Noah Martin,Design,4.1,11/14/2018
i07868,Zara Hall,Math,4.6,6/9/2021
i07869,Isabella Davis,History,5,12/29/2018
i07870,Aanya Patel,Music,4.9,4/3/2020
i07871,Lucas Lewis,Math,3.9,8/13/2018
i07872,Eva Verma,Business,4.8,3/14/2021
i07873,Zara Lee,Physics,4.7,11/7/2020
i07874,Riya Martin,Business,3.5,1/22/2019
i07875,Ethan Lee,Design,4.3,4/28/2018
i07876,Aarav Sharma,Biology,3.9,1/15/2019
i07877,Ethan Lewis,Music,4.9,9/6/2018
i07878,Noah Hall,Biology,4.3,12/5/2020
i07879,Zara Hall,Design,3.7,5/16/2018
i07880,Emma Miller,Biology,3.5,9/28/2020
i07881,Vihaan Clark,AI,3.1,9/13/2019
i07882,Isabella Moore,Design,4.1,8/31/2019
i07883,Noah Patel,Physics,4.5,7/13/2019
i07884,Riya Davis,Design,3.6,8/29/2021
i07885,Noah Wilson,Business,3.3,1/1/2021
i07886,Zara Verma,Biology,3.1,6/15/2021
i07887,Emma Moore,Programming,3.1,8/10/2019
i07888,Eva Lee,Data Science,3.9,10/18/2018
i07889,Olivia Walker,Math,4.6,7/30/2020
i07890,Liam Verma,Programming,4.1,4/4/2018
i07891,Noah Clark,Data Science,3.2,6/19/2020
i07892,Liam Sharma,History,3.2,10/16/2020
i07893,Aarav Hall,Business,4.4,9/15/2018
i07894,Arjun Lewis,Biology,4.1,1/10/2021
i07895,Sophia Miller,Programming,3.7,7/7/2021
i07896,Olivia Singh,Physics,3.4,2/3/2021
i07897,Ethan Verma,Math,3.1,12/14/2018
i07898,Olivia Verma,Data Science,3.5,1/21/2020
i07899,Noah Taylor,Design,4.1,4/5/2018
i07900,Noah Miller,Business,3.3,8/17/2020
i07901,Ethan Walker,Biology,3.8,1/26/2020
i07902,Liam Moore,Data Science,4.5,10/12/2019
i07903,Ethan Thomas,Physics,3.4,6/21/2021
i07904,Amelia Lewis,Programming,4.2,6/4/2018
i07905,Eva Martin,History,4.3,6/19/2019
i07906,Zara Lewis,Design,3.2,8/28/2019
i07907,Arjun Taylor,History,4.7,4/24/2019
i07908,Emma Johnson,Biology,3.7,1/15/2020
i07909,Vihaan Brown,Music,4.6,9/30/2021
i07910,Emma Smith,Business,3,3/23/2019
i07911,Olivia Johnson,Music,3.9,12/15/2019
i07912,Karan Sharma,Music,3.9,6/16/2020
i07913,Sophia Hall,Physics,3.8,7/23/2019
i07914,Benjamin Clark,Biology,3.4,8/24/2021
i07915,Benjamin Clark,Programming,4.3,11/9/2020
i07916,Ethan Verma,History,3.7,5/6/2021
i07917,Riya Singh,Business,3.6,3/2/2019
i07918,Amelia Johnson,Biology,3.3,11/3/2018
i07919,Zara Miller,Programming,3.2,8/6/2021
i07920,Emma Miller,Music,4,4/23/2018
i07921,Meera Johnson,Business,3.7,5/5/2018
i07922,Mia Martin,History,3.3,5/11/2021
i07923,Aanya Smith,Programming,3.5,3/25/2019
i07924,Lucas Brown,History,4.8,5/17/2020
i07925,Liam Taylor,Data Science,4.6,1/4/2019
i07926,Aanya Miller,Physics,3.9,1/5/2019
i07927,Ethan Clark,Programming,5,2/17/2019
i07928,Meera Miller,Design,3.8,7/22/2020
i07929,Mia Anderson,History,3.2,9/11/2018
i07930,Amelia Smith,Biology,4.8,2/16/2021
i07931,Benjamin Martin,AI,3.9,3/12/2020
i07932,Meera Lee,Physics,3.2,8/13/2020
i07933,Aanya Clark,Data Science,4.9,7/9/2019
i07934,Ethan Johnson,History,3.6,8/23/2018
i07935,Isabella Sharma,Physics,4.2,6/30/2019
i07936,Lucas Martin,Business,4.8,2/22/2020
i07937,Sophia Patel,Business,3.4,3/22/2020
i07938,Aanya Verma,Biology,3.6,1/22/2021
i07939,Mia Singh,Data Science,3,1/29/2021
i07940,Liam Walker,AI,4.3,5/25/2021
i07941,Isabella Singh,Math,4,5/24/2019
i07942,Sophia Lee,Biology,3.6,10/28/2019
i07943,Aanya Singh,Physics,4,3/1/2020
i07944,Mia Smith,Data Science,3.9,3/25/2021
i07945,Riya Taylor,Business,3.8,3/30/2019
i07946,Ethan Moore,Biology,4.5,2/15/2019
i07947,Zara Taylor,Business,3.9,7/20/2020
i07948,Sophia Clark,Physics,4.2,5/11/2021
i07949,Benjamin Thomas,Business,3.4,7/27/2019
i07950,Mia Davis,Data Science,3.6,3/31/2018
i07951,Aanya Hall,Math,3.1,3/3/2018
i07952,Olivia Clark,Data Science,3.7,5/15/2019
i07953,Arjun Davis,Design,4.6,5/3/2021
i07954,Emma Singh,Physics,3.9,2/22/2021
i07955,Benjamin Wilson,Physics,4.9,9/12/2018
i07956,Amelia Davis,Design,3.3,8/16/2018
i07957,Aarav Thomas,Data Science,4.3,6/8/2019
i07958,Emma Wilson,Business,4.7,9/21/2021
i07959,Mia Patel,Physics,3.8,12/24/2019
i07960,Riya Lewis,AI,4.3,9/20/2019
i07961,Ethan Davis,Music,3.7,10/26/2018
i07962,Emma Singh,Music,4.9,8/22/2019
i07963,Zara Anderson,Biology,3.1,5/12/2019
i07964,Liam Miller,History,4.2,9/30/2019
i07965,Aanya Moore,History,3.9,6/14/2018
i07966,Emma Taylor,Physics,4.9,5/15/2019
i07967,Riya Davis,Data Science,3.8,4/27/2019
i07968,Noah Clark,Design,4.8,11/10/2018
i07969,Eva Taylor,Business,3.8,5/17/2018
i07970,Amelia Walker,Design,4.9,2/5/2020
i07971,Olivia Sharma,Design,3.8,1/9/2020
i07972,Zara Wilson,Biology,4,6/4/2021
i07973,Emma Lee,Business,4.7,4/12/2020
i07974,Benjamin Miller,History,4.5,8/5/2021
i07975,Olivia Lee,Data Science,4.4,6/9/2020
i07976,Lucas Miller,Business,4.1,10/25/2021
i07977,Aanya Walker,Business,4.5,8/31/2021
i07978,Arjun Hall,AI,3.4,3/11/2018
i07979,Amelia Anderson,History,4.9,4/17/2020
i07980,Aarav Singh,Business,4,6/16/2018
i07981,Isabella Thomas,Programming,3.7,3/12/2018
i07982,Ethan Clark,AI,3.5,5/5/2020
i07983,Vihaan Davis,Physics,5,9/1/2021
i07984,Meera Patel,AI,3.1,3/5/2020
i07985,Ethan Anderson,Music,4.8,12/19/2020
i07986,Zara Hall,Data Science,3.2,1/7/2020
i07987,Benjamin Wilson,Business,4.9,6/10/2021
i07988,Karan Lee,Music,3.2,8/9/2019
i07989,Mia Miller,Physics,3.3,3/30/2018
i07990,Eva Moore,Business,4.3,9/25/2019
i07991,Meera Lee,Design,4.8,7/24/2019
i07992,Emma Moore,Data Science,3,7/12/2021
i07993,Lucas Thomas,Programming,3.5,1/31/2021
i07994,Karan Hall,Business,3.8,11/30/2020
i07995,Olivia Miller,Programming,3.4,11/18/2019
i07996,Lucas Patel,Physics,3.9,8/8/2020
i07997,Emma Thomas,Physics,4.8,11/14/2018
i07998,Ethan Taylor,Business,4,11/23/2019
i07999,Aarav Singh,Design,4.8,6/29/2019
i08000,Zara Singh,Math,3.5,9/9/2020
i08001,Aanya Moore,Physics,3.3,11/24/2020
i08002,Liam Verma,Programming,3.7,10/3/2019
i08003,Olivia Thomas,Business,4,7/19/2019
i08004,Noah Hall,Music,3.6,8/14/2021
i08005,Meera Johnson,Data Science,3.7,10/27/2019
i08006,Noah Anderson,Design,3.5,7/11/2020
i08007,Liam Brown,History,3.7,10/11/2019
i08008,Isabella Miller,AI,4.3,7/21/2021
i08009,Riya Walker,Business,4.6,7/26/2019
i08010,Karan Sharma,Programming,3.2,7/28/2018
i08011,Karan Moore,History,3.8,2/10/2018
i08012,Liam Clark,Physics,4,4/21/2019
i08013,Vihaan Lewis,Physics,4.5,11/13/2021
i08014,Aarav Clark,Programming,3.1,3/26/2019
i08015,Liam Smith,Business,4.8,12/4/2018
i08016,Riya Lee,Math,3.5,7/16/2021
i08017,Benjamin Taylor,Business,3.2,1/11/2019
i08018,Meera Brown,Math,3.6,4/4/2019
i08019,Olivia Clark,Business,3.3,5/28/2018
i08020,Eva Patel,Physics,4.2,7/4/2018
i08021,Aarav Brown,Music,3.4,7/3/2020
i08022,Meera Martin,Business,5,5/2/2019
i08023,Eva Brown,Music,3.9,10/17/2019
i08024,Sophia Johnson,Data Science,4.6,7/11/2020
i08025,Ethan Patel,AI,3.8,3/10/2021
i08026,Mia Verma,Music,3.2,9/19/2019
i08027,Emma Walker,Business,3.1,10/21/2020
i08028,Zara Smith,AI,3.3,8/5/2020
i08029,Isabella Hall,Biology,3.5,5/16/2021
i08030,Zara Miller,Business,4,7/7/2021
i08031,Aarav Patel,Biology,4.6,1/26/2018
i08032,Eva Lee,Design,3.9,6/17/2021
i08033,Karan Verma,Music,3.6,1/8/2018
i08034,Benjamin Wilson,Data Science,3.8,6/21/2021
i08035,Sophia Lee,Business,4,4/8/2021
i08036,Lucas Taylor,Music,3.9,12/2/2018
i08037,Vihaan Davis,Music,4.6,4/14/2021
i08038,Aanya Anderson,AI,4,5/12/2018
i08039,Aanya Martin,Business,4.6,4/19/2019
i08040,Arjun Wilson,Biology,4.6,9/10/2019
i08041,Karan Thomas,AI,3.6,2/24/2021
i08042,Aanya Wilson,Data Science,4.1,5/18/2020
i08043,Emma Clark,Physics,3.4,11/18/2019
i08044,Noah Hall,AI,3.8,3/10/2021
i08045,Karan Miller,Design,5,1/29/2019
i08046,Aanya Miller,AI,4.7,4/16/2021
i08047,Lucas Moore,Design,3.7,1/24/2018
i08048,Sophia Clark,Business,4.3,9/1/2021
i08049,Ethan Miller,History,3.4,10/18/2018
i08050,Aarav Johnson,Design,3.4,12/31/2019
i08051,Lucas Sharma,Physics,4.6,8/20/2020
i08052,Noah Davis,Design,3.7,11/26/2019
i08053,Benjamin Walker,Business,3.4,9/13/2021
i08054,Amelia Miller,Programming,4.7,1/2/2019
i08055,Mia Martin,Data Science,3.6,8/20/2021
i08056,Liam Martin,Business,3,10/9/2018
i08057,Aanya Wilson,History,4.8,12/14/2020
i08058,Karan Patel,AI,4.6,10/23/2018
i08059,Zara Singh,Biology,3.6,5/4/2021
i08060,Emma Lewis,Biology,4.9,12/22/2020
i08061,Zara Verma,Biology,4.8,4/21/2021
i08062,Riya Smith,Music,3.9,8/29/2021
i08063,Liam Davis,Data Science,4.2,6/19/2019
i08064,Lucas Sharma,History,4.6,1/18/2018
i08065,Aarav Hall,AI,3.1,7/26/2019
i08066,Eva Walker,Music,4.6,12/3/2021
i08067,Isabella Smith,History,3.4,12/28/2021
i08068,Ethan Walker,Design,3.5,9/1/2018
i08069,Sophia Singh,Music,5,3/3/2018
i08070,Karan Miller,AI,4.6,4/5/2018
i08071,Meera Singh,Data Science,4,1/18/2019
i08072,Zara Lewis,Data Science,4.5,10/29/2021
i08073,Riya Walker,Data Science,4.3,7/10/2020
i08074,Mia Clark,AI,3.7,8/9/2018
i08075,Liam Sharma,Business,4.7,12/18/2020
i08076,Aanya Johnson,Music,3.8,3/31/2021
i08077,Ethan Brown,Math,4.5,11/5/2018
i08078,Emma Sharma,Biology,3.1,10/30/2020
i08079,Eva Johnson,Biology,3.2,11/4/2020
i08080,Lucas Miller,Music,3.2,11/26/2021
i08081,Lucas Moore,Biology,4.3,5/29/2020
i08082,Riya Smith,Biology,3.5,6/19/2021
i08083,Vihaan Davis,Biology,3.7,7/6/2018
i08084,Vihaan Taylor,Programming,4.7,5/13/2019
i08085,Aarav Sharma,Physics,3.6,9/11/2019
i08086,Olivia Taylor,Math,4.6,12/5/2020
i08087,Isabella Thomas,Math,4.9,12/13/2020
i08088,Noah Anderson,Business,4.3,12/12/2020
i08089,Noah Lee,Music,4,2/6/2018
i08090,Lucas Martin,Physics,4.1,3/13/2018
i08091,Isabella Hall,Programming,4.2,2/20/2021
i08092,Noah Walker,Math,3.5,9/15/2021
i08093,Eva Verma,Business,4.2,10/31/2020
i08094,Ethan Walker,Design,3,12/16/2018
i08095,Aanya Smith,Music,3.8,7/28/2019
i08096,Amelia Moore,Programming,4.5,10/18/2021
i08097,Arjun Anderson,Business,3.1,5/25/2021
i08098,Zara Verma,Programming,4.3,1/9/2019
i08099,Aanya Lewis,History,3.4,6/26/2018
i08100,Mia Taylor,Design,3.4,12/7/2018
i08101,Meera Wilson,Business,3.3,7/18/2020
i08102,Liam Johnson,Music,4.1,7/21/2020
i08103,Karan Johnson,Programming,4.6,9/23/2020
i08104,Benjamin Patel,Business,4.8,1/13/2019
i08105,Sophia Martin,Business,4,3/11/2021
i08106,Eva Johnson,Programming,3.4,12/6/2020
i08107,Aarav Davis,Physics,4.7,4/2/2021
i08108,Karan Anderson,Music,3.3,8/19/2019
i08109,Arjun Hall,Business,4.6,2/15/2019
i08110,Liam Miller,Math,4.5,6/5/2018
i08111,Emma Johnson,Physics,3.6,12/13/2019
i08112,Ethan Sharma,Data Science,4.9,10/9/2018
i08113,Noah Walker,Data Science,3.1,1/5/2019
i08114,Noah Lee,Programming,3.8,6/25/2018
i08115,Ethan Clark,Biology,3.5,10/16/2021
i08116,Riya Anderson,History,4.3,3/25/2018
i08117,Mia Martin,History,3,6/16/2021
i08118,Arjun Sharma,Math,3.7,12/28/2018
i08119,Emma Clark,Biology,4.8,8/22/2019
i08120,Vihaan Davis,Design,4.7,11/6/2019
i08121,Benjamin Hall,Biology,3.4,7/14/2021
i08122,Meera Anderson,Physics,3.2,3/12/2020
i08123,Noah Moore,AI,4.7,11/16/2021
i08124,Liam Miller,Physics,3.9,12/11/2020
i08125,Sophia Sharma,Music,4.3,10/9/2018
i08126,Isabella Moore,History,3.7,10/4/2021
i08127,Karan Moore,Music,3.4,4/10/2019
i08128,Arjun Brown,Programming,3.9,8/13/2021
i08129,Vihaan Davis,Math,3.6,6/20/2020
i08130,Isabella Sharma,Data Science,3.7,4/30/2019
i08131,Riya Moore,Biology,4.2,8/6/2021
i08132,Arjun Martin,Math,3.2,6/8/2018
i08133,Emma Clark,Data Science,4.7,1/17/2018
i08134,Meera Taylor,Music,4.2,10/14/2021
i08135,Vihaan Miller,Biology,4.7,7/30/2021
i08136,Aarav Singh,Math,4.9,1/6/2018
i08137,Ethan Clark,Programming,5,6/6/2018
i08138,Lucas Singh,Design,4.5,6/18/2020
i08139,Isabella Sharma,Design,4.4,6/29/2021
i08140,Olivia Taylor,Music,4.5,12/28/2019
i08141,Ethan Verma,History,4.3,7/30/2018
i08142,Emma Clark,Programming,4.3,11/23/2019
i08143,Amelia Lewis,Business,3.1,6/20/2018
i08144,Emma Patel,Physics,4.7,3/20/2019
i08145,Eva Johnson,Biology,4,1/9/2018
i08146,Mia Anderson,Business,3.1,12/29/2021
i08147,Isabella Clark,Programming,3.2,3/12/2020
i08148,Meera Smith,Music,4.9,12/30/2019
i08149,Arjun Lee,Physics,4.8,4/24/2020
i08150,Aarav Clark,Music,3.7,7/29/2018
i08151,Zara Brown,Design,4.2,11/12/2021
i08152,Mia Wilson,Design,3.8,1/13/2019
i08153,Liam Lee,Data Science,3.8,1/16/2018
i08154,Isabella Lee,Data Science,3,7/15/2019
i08155,Olivia Lewis,Data Science,4.5,3/27/2018
i08156,Benjamin Moore,Math,4.8,2/8/2019
i08157,Zara Hall,Biology,3.9,2/14/2018
i08158,Zara Anderson,Programming,4.2,8/15/2021
i08159,Eva Sharma,Data Science,3.5,6/2/2019
i08160,Mia Thomas,Physics,3.2,9/12/2020
i08161,Riya Wilson,Biology,3.9,2/9/2020
i08162,Mia Miller,Design,3.3,5/10/2019
i08163,Olivia Lewis,Physics,3.3,3/28/2019
i08164,Eva Hall,Biology,3.3,3/26/2021
i08165,Sophia Patel,Music,3.4,11/17/2019
i08166,Amelia Moore,Math,4.7,5/2/2020
i08167,Riya Johnson,Music,5,4/1/2021
i08168,Vihaan Martin,Programming,3.1,5/15/2021
i08169,Isabella Singh,History,4.1,9/14/2019
i08170,Riya Martin,Programming,3.8,12/31/2019
i08171,Karan Moore,Business,3.1,3/1/2019
i08172,Liam Thomas,Physics,3.7,6/12/2020
i08173,Emma Moore,Math,3.7,7/21/2018
i08174,Aarav Patel,Music,3.1,12/1/2021
i08175,Isabella Wilson,Math,4.4,1/15/2019
i08176,Isabella Verma,Design,3.4,6/27/2018
i08177,Riya Taylor,Physics,4.8,12/28/2020
i08178,Sophia Patel,Math,4.8,6/13/2018
i08179,Mia Taylor,Design,4.7,10/1/2018
i08180,Karan Walker,Math,3.4,10/17/2020
i08181,Isabella Wilson,Music,4.2,2/12/2019
i08182,Ethan Brown,Biology,3.8,12/8/2020
i08183,Vihaan Moore,Business,4.9,9/18/2018
i08184,Sophia Hall,Business,4.2,6/30/2020
i08185,Benjamin Johnson,Biology,3.5,5/21/2020
i08186,Karan Verma,Programming,3.8,10/10/2018
i08187,Olivia Lewis,Physics,4.4,2/26/2019
i08188,Benjamin Miller,Business,4,9/17/2020
i08189,Sophia Anderson,Programming,4.7,4/27/2018
i08190,Eva Taylor,Business,4.6,5/24/2021
i08191,Liam Verma,Business,3.8,10/6/2019
i08192,Noah Thomas,Math,4.3,7/14/2019
i08193,Karan Brown,Biology,4.8,10/7/2018
i08194,Isabella Davis,Music,3.9,7/18/2018
i08195,Emma Lewis,AI,4.4,2/3/2019
i08196,Ethan Lewis,Math,3.4,8/31/2021
i08197,Vihaan Verma,AI,3.9,12/12/2019
i08198,Karan Sharma,History,3.4,7/20/2020
i08199,Mia Davis,Music,4.3,11/26/2018
i08200,Eva Anderson,Programming,4.8,9/21/2018
i08201,Riya Sharma,Music,4.7,4/11/2021
i08202,Ethan Wilson,AI,4.2,11/27/2020
i08203,Mia Moore,AI,3.5,10/8/2020
i08204,Aarav Johnson,Data Science,3.2,1/3/2021
i08205,Noah Taylor,Music,3.7,5/1/2018
i08206,Mia Verma,History,3,9/21/2021
i08207,Amelia Johnson,Music,4.6,3/26/2019
i08208,Zara Hall,AI,4.7,10/5/2021
i08209,Olivia Verma,AI,4.3,5/8/2019
i08210,Aanya Miller,Design,4.8,11/17/2021
i08211,Isabella Martin,Biology,4.2,10/28/2020
i08212,Zara Smith,History,3.5,6/5/2020
i08213,Emma Smith,Data Science,4.7,10/18/2018
i08214,Lucas Smith,Business,3.1,1/7/2021
i08215,Lucas Lee,Math,4.2,2/12/2019
i08216,Liam Singh,Math,4.5,5/18/2021
i08217,Lucas Johnson,History,5,10/28/2021
i08218,Arjun Davis,Data Science,4,3/22/2021
i08219,Riya Miller,Design,3,3/10/2019
i08220,Arjun Johnson,Biology,4.4,1/11/2021
i08221,Arjun Taylor,Music,3.6,5/11/2018
i08222,Vihaan Anderson,Programming,4.1,4/20/2018
i08223,Mia Wilson,Math,4.6,4/19/2021
i08224,Eva Taylor,Math,4.2,7/15/2018
i08225,Eva Smith,Math,3.4,5/25/2021
i08226,Karan Johnson,History,3.6,9/2/2019
i08227,Olivia Sharma,History,3.9,5/30/2019
i08228,Vihaan Wilson,Business,3.5,3/22/2020
i08229,Olivia Anderson,AI,3.5,4/8/2018
i08230,Olivia Smith,Data Science,4.2,12/9/2018
i08231,Aarav Lewis,Music,4.8,10/25/2021
i08232,Mia Sharma,Programming,5,1/11/2018
i08233,Amelia Smith,Biology,4,8/14/2018
i08234,Zara Taylor,Physics,4.3,10/29/2020
i08235,Noah Smith,Design,4.7,4/2/2021
i08236,Noah Brown,Math,4.6,12/17/2019
i08237,Emma Verma,Music,4.8,10/19/2019
i08238,Olivia Singh,History,4.2,4/22/2021
i08239,Riya Hall,Business,4.4,12/18/2018
i08240,Aanya Moore,History,4.5,8/7/2019
i08241,Ethan Smith,Programming,3.9,9/19/2020
i08242,Amelia Clark,AI,4.6,12/21/2021
i08243,Emma Hall,Math,3.7,11/4/2018
i08244,Aarav Hall,Biology,3.8,8/5/2020
i08245,Eva Lee,Programming,4.7,10/26/2021
i08246,Liam Anderson,Data Science,3.5,3/22/2021
i08247,Zara Sharma,Music,3.7,10/18/2019
i08248,Lucas Clark,Music,3.3,3/27/2019
i08249,Aanya Clark,Music,3.6,9/22/2019
i08250,Olivia Miller,Math,3.8,11/17/2020
i08251,Emma Sharma,Music,3.5,8/16/2020
i08252,Olivia Martin,Biology,4.8,7/5/2020
i08253,Amelia Johnson,Data Science,3.1,3/18/2019
i08254,Emma Verma,Programming,4.6,5/7/2020
i08255,Meera Singh,Business,4.7,8/28/2021
i08256,Isabella Singh,Business,4.5,10/19/2018
i08257,Emma Thomas,History,4.7,2/15/2020
i08258,Zara Moore,Design,3.7,3/21/2021
i08259,Aarav Martin,Data Science,4.8,12/26/2018
i08260,Arjun Miller,AI,4.5,4/21/2018
i08261,Noah Wilson,Math,3.9,4/15/2019
i08262,Arjun Brown,Math,5,2/17/2018
i08263,Emma Sharma,Business,3.3,8/29/2020
i08264,Eva Martin,Biology,3.9,9/16/2018
i08265,Olivia Johnson,AI,4.4,8/24/2018
i08266,Sophia Davis,Programming,3.3,7/30/2018
i08267,Emma Patel,History,3.1,10/6/2021
i08268,Liam Anderson,Design,4.1,3/28/2020
i08269,Karan Miller,Music,4.4,8/2/2020
i08270,Riya Walker,Music,3.8,1/28/2021
i08271,Eva Brown,AI,4.3,8/10/2018
i08272,Eva Brown,History,3.4,2/22/2019
i08273,Liam Singh,Programming,3.4,2/2/2019
i08274,Riya Sharma,AI,4.5,8/14/2018
i08275,Aarav Davis,Math,3.2,6/18/2019
i08276,Olivia Walker,AI,3.6,10/11/2018
i08277,Arjun Clark,Biology,4.9,11/30/2019
i08278,Meera Clark,Physics,4.7,2/5/2020
i08279,Liam Clark,Math,3.2,1/1/2020
i08280,Eva Brown,Math,4.7,2/19/2020
i08281,Meera Johnson,History,4,6/14/2018
i08282,Noah Wilson,History,3.5,6/15/2020
i08283,Noah Lewis,Business,4,9/27/2019
i08284,Aarav Hall,Math,4.2,3/1/2021
i08285,Aanya Hall,Business,3.7,2/19/2018
i08286,Riya Smith,Biology,4.1,10/11/2021
i08287,Aanya Wilson,Music,4.9,4/26/2021
i08288,Noah Lewis,Business,4,7/20/2019
i08289,Lucas Singh,Design,4.6,11/22/2021
i08290,Aarav Verma,Biology,4.9,5/16/2021
i08291,Arjun Singh,Business,3.2,2/6/2021
i08292,Liam Clark,History,3.7,7/11/2020
i08293,Karan Martin,Physics,4.6,1/9/2019
i08294,Aanya Moore,Data Science,3.1,1/11/2020
i08295,Olivia Lewis,Data Science,4,6/9/2021
i08296,Sophia Anderson,Data Science,4.9,3/15/2020
i08297,Benjamin Smith,Programming,4.7,7/29/2018
i08298,Liam Martin,Math,4.6,8/21/2019
i08299,Mia Patel,AI,4.2,1/23/2021
i08300,Aanya Davis,Business,4.6,8/25/2019
i08301,Zara Miller,Programming,3.1,4/4/2019
i08302,Mia Clark,Data Science,3.1,8/30/2020
i08303,Amelia Lee,Math,3.4,3/5/2020
i08304,Noah Anderson,Design,4.2,1/25/2021
i08305,Emma Martin,Music,3.7,7/19/2019
i08306,Emma Sharma,Math,4.8,7/28/2020
i08307,Zara Brown,Music,4.8,12/28/2019
i08308,Isabella Johnson,Programming,3,1/30/2021
i08309,Ethan Hall,Business,4.6,11/27/2019
i08310,Karan Lee,Data Science,4.6,5/12/2020
i08311,Noah Brown,History,4.2,3/25/2020
i08312,Liam Walker,Biology,3.1,8/5/2020
i08313,Meera Johnson,Design,4.3,12/14/2021
i08314,Ethan Martin,Data Science,3.3,8/12/2018
i08315,Meera Verma,Business,3.9,6/6/2021
i08316,Zara Lewis,Biology,3.6,7/2/2021
i08317,Isabella Clark,Physics,3.7,3/8/2019
i08318,Isabella Martin,History,3.3,1/5/2020
i08319,Liam Singh,Physics,3.2,3/5/2018
i08320,Karan Miller,Music,3.3,2/1/2019
i08321,Olivia Smith,Data Science,4.5,10/25/2018
i08322,Riya Walker,Biology,3.7,5/24/2018
i08323,Sophia Thomas,Design,4,5/11/2019
i08324,Emma Verma,Music,3.3,11/11/2019
i08325,Meera Smith,Data Science,4.5,2/27/2018
i08326,Amelia Hall,Biology,3.6,7/4/2019
i08327,Lucas Davis,Biology,4.9,11/25/2021
i08328,Mia Clark,Design,4.9,12/2/2021
i08329,Vihaan Thomas,Programming,4.8,4/26/2020
i08330,Amelia Hall,Biology,4.8,2/17/2019
i08331,Amelia Hall,Physics,3.9,6/28/2019
i08332,Mia Lewis,AI,4.2,1/1/2020
i08333,Eva Davis,Business,4,5/19/2021
i08334,Amelia Miller,Data Science,4.7,7/6/2021
i08335,Isabella Martin,Music,4.7,12/27/2018
i08336,Isabella Patel,Music,4.8,4/16/2019
i08337,Riya Thomas,Music,3.2,5/17/2019
i08338,Zara Moore,History,3.9,10/19/2020
i08339,Isabella Walker,History,3.7,5/21/2020
i08340,Liam Lee,Physics,3.3,2/28/2020
i08341,Eva Thomas,Programming,4.9,1/21/2021
i08342,Aanya Miller,History,3.4,3/14/2018
i08343,Lucas Taylor,Physics,4.9,11/3/2018
i08344,Karan Hall,Design,4.4,9/4/2020
i08345,Karan Brown,Programming,4.5,10/3/2021
i08346,Eva Lewis,AI,3.1,2/6/2019
i08347,Karan Lee,Biology,3.5,7/18/2020
i08348,Benjamin Brown,Biology,4.6,12/12/2018
i08349,Riya Moore,Business,4.8,11/5/2018
i08350,Ethan Verma,Math,3.3,10/31/2019
i08351,Karan Singh,Data Science,3.9,6/7/2018
i08352,Arjun Johnson,Data Science,3.1,11/15/2018
i08353,Vihaan Walker,Data Science,3.3,5/24/2020
i08354,Riya Walker,Data Science,3.1,2/28/2020
i08355,Meera Martin,AI,3.1,12/4/2021
i08356,Karan Johnson,Data Science,4.2,7/9/2019
i08357,Benjamin Davis,Business,4.8,10/30/2019
i08358,Mia Miller,AI,3.7,12/24/2018
i08359,Liam Anderson,Design,3.6,3/8/2021
i08360,Benjamin Johnson,Math,3.4,10/8/2021
i08361,Vihaan Lewis,Biology,3.3,4/7/2021
i08362,Mia Miller,Data Science,3.2,4/27/2018
i08363,Lucas Davis,AI,4.3,5/18/2021
i08364,Mia Hall,Music,4.7,7/28/2020
i08365,Emma Smith,Design,4,4/22/2021
i08366,Karan Johnson,Design,3.7,2/19/2021
i08367,Olivia Brown,Music,3.1,9/19/2021
i08368,Sophia Lee,Data Science,4.3,6/26/2018
i08369,Liam Sharma,Music,3.3,9/24/2020
i08370,Meera Johnson,Business,3.2,2/11/2018
i08371,Ethan Moore,History,3.4,11/12/2019
i08372,Benjamin Moore,History,3.8,10/27/2020
i08373,Liam Wilson,AI,3.1,8/2/2018
i08374,Lucas Singh,History,4.3,10/28/2018
i08375,Benjamin Martin,Data Science,4.1,1/19/2021
i08376,Riya Lewis,Programming,4.1,12/12/2019
i08377,Meera Johnson,Music,3.8,7/26/2019
i08378,Arjun Patel,Music,3.6,12/10/2020
i08379,Benjamin Thomas,Programming,4.3,5/23/2018
i08380,Karan Smith,Design,3.3,7/23/2018
i08381,Noah Thomas,Physics,4.4,10/26/2020
i08382,Meera Johnson,Physics,4.3,11/26/2018
i08383,Mia Lee,Programming,4,7/4/2020
i08384,Aarav Lewis,Business,3.3,5/8/2019
i08385,Karan Sharma,Biology,4,8/25/2019
i08386,Karan Verma,AI,3.4,1/29/2021
i08387,Emma Brown,Programming,4.7,12/19/2021
i08388,Aanya Sharma,Business,4.4,12/27/2019
i08389,Liam Sharma,Biology,4.4,12/13/2020
i08390,Lucas Smith,Business,4.3,2/23/2019
i08391,Eva Sharma,Business,3.8,5/22/2019
i08392,Aanya Sharma,Biology,3,10/13/2018
i08393,Eva Hall,Design,4.9,7/21/2018
i08394,Olivia Anderson,Math,3.8,7/28/2020
i08395,Lucas Anderson,Design,3.5,6/28/2018
i08396,Isabella Sharma,Programming,3.2,5/13/2019
i08397,Amelia Miller,Design,4.1,11/3/2020
i08398,Olivia Lee,Data Science,3.8,2/23/2021
i08399,Zara Clark,AI,3.6,12/4/2019
i08400,Lucas Martin,History,3.1,9/9/2020
i08401,Sophia Martin,Physics,3.9,11/12/2021
i08402,Sophia Patel,Data Science,3.4,2/19/2021
i08403,Riya Taylor,Music,4.3,7/6/2019
i08404,Amelia Thomas,Physics,3.1,6/7/2021
i08405,Benjamin Sharma,Programming,4.9,11/11/2021
i08406,Mia Miller,Programming,3.9,10/24/2021
i08407,Aanya Thomas,History,4.6,12/25/2019
i08408,Zara Lewis,AI,3.1,1/9/2018
i08409,Liam Sharma,Data Science,4.2,7/20/2019
i08410,Sophia Thomas,Design,3.5,12/12/2018
i08411,Zara Anderson,Programming,3.4,5/19/2020
i08412,Emma Thomas,Design,4,9/19/2019
i08413,Noah Walker,Design,4.4,11/19/2018
i08414,Zara Walker,Math,4.6,5/12/2021
i08415,Isabella Patel,History,4.1,10/30/2020
i08416,Amelia Wilson,History,3.2,8/4/2020
i08417,Emma Johnson,Biology,3.8,9/5/2021
i08418,Emma Martin,Design,4.4,1/15/2020
i08419,Liam Moore,Math,3.4,5/26/2019
i08420,Vihaan Thomas,Business,3.7,10/3/2021
i08421,Isabella Martin,AI,3.4,11/3/2020
i08422,Vihaan Patel,History,4.8,5/11/2020
i08423,Zara Johnson,Math,3.1,5/6/2018
i08424,Olivia Moore,Design,3.3,10/27/2020
i08425,Aarav Clark,Physics,3.7,8/3/2020
i08426,Arjun Thomas,History,4.2,3/5/2019
i08427,Eva Davis,Programming,3.2,11/13/2019
i08428,Meera Taylor,Math,4.3,11/30/2021
i08429,Emma Sharma,Business,3.4,12/13/2019
i08430,Aanya Davis,Data Science,4.7,12/19/2018
i08431,Isabella Sharma,Math,3.7,2/1/2019
i08432,Amelia Lewis,Business,4.2,4/7/2018
i08433,Amelia Verma,Math,4.7,6/9/2019
i08434,Sophia Clark,Math,4.1,4/29/2020
i08435,Riya Johnson,Music,4.5,4/12/2018
i08436,Aarav Hall,Design,4.5,4/14/2020
i08437,Arjun Martin,Programming,4,4/23/2018
i08438,Eva Taylor,Physics,4.9,11/14/2019
i08439,Isabella Taylor,Math,3.4,10/18/2020
i08440,Karan Wilson,Math,4.6,2/19/2019
i08441,Mia Singh,Music,4.4,8/15/2021
i08442,Meera Brown,AI,3.2,8/17/2019
i08443,Amelia Thomas,Design,4.3,6/7/2021
i08444,Liam Johnson,AI,4.9,2/27/2020
i08445,Riya Lewis,Programming,5,12/17/2019
i08446,Aanya Sharma,History,4.5,2/1/2020
i08447,Aanya Thomas,AI,4.6,9/26/2021
i08448,Vihaan Thomas,Biology,4.6,3/23/2018
i08449,Benjamin Clark,Physics,4.6,5/24/2020
i08450,Amelia Moore,Business,3.8,1/3/2018
i08451,Karan Johnson,Programming,3.7,12/27/2020
i08452,Riya Moore,AI,4.8,8/27/2019
i08453,Riya Singh,Math,4.8,12/13/2019
i08454,Aanya Anderson,Programming,3.3,3/4/2018
i08455,Vihaan Martin,Business,3.9,8/18/2020
i08456,Aanya Sharma,Data Science,4.3,5/30/2018
i08457,Sophia Moore,Math,3.9,5/25/2019
i08458,Aanya Lee,Programming,4,2/28/2021
i08459,Aanya Smith,History,4.4,8/8/2020
i08460,Meera Anderson,Biology,4.7,8/25/2018
i08461,Olivia Patel,Data Science,4.7,4/8/2021
i08462,Vihaan Sharma,Biology,3,9/7/2020
i08463,Isabella Anderson,History,4.4,5/3/2021
i08464,Aanya Davis,Data Science,3.2,11/11/2018
i08465,Aarav Singh,Physics,3.3,11/15/2021
i08466,Eva Anderson,Design,3.1,5/28/2019
i08467,Eva Verma,Design,4.2,12/15/2019
i08468,Aarav Patel,History,4.3,8/16/2019
i08469,Emma Lee,Music,3.8,5/9/2020
i08470,Liam Sharma,Math,3.7,1/19/2021
i08471,Benjamin Anderson,Biology,4.1,9/1/2018
i08472,Sophia Martin,Biology,4.1,3/27/2018
i08473,Olivia Walker,Data Science,5,11/7/2021
i08474,Eva Brown,Math,3.9,10/2/2018
i08475,Meera Lee,Music,4.8,2/20/2019
i08476,Amelia Hall,Business,4.9,4/22/2021
i08477,Meera Brown,Biology,3.7,10/14/2018
i08478,Mia Davis,Math,4.9,9/1/2018
i08479,Noah Lee,Physics,3.5,3/5/2020
i08480,Isabella Brown,Programming,4,10/16/2018
i08481,Ethan Patel,Data Science,3.9,8/12/2020
i08482,Benjamin Smith,Math,3.7,5/27/2021
i08483,Aanya Johnson,Design,4.5,4/1/2021
i08484,Karan Singh,Biology,3.1,7/17/2019
i08485,Sophia Verma,Business,3.4,7/29/2019
i08486,Eva Lee,Math,3.1,11/19/2020
i08487,Meera Taylor,Business,3.8,6/3/2020
i08488,Ethan Johnson,Design,3.9,11/13/2018
i08489,Aarav Lewis,Physics,4.7,5/9/2018
i08490,Eva Thomas,Business,3.9,12/12/2021
i08491,Karan Moore,AI,3.3,1/28/2020
i08492,Emma Davis,Design,3.4,1/15/2021
i08493,Karan Brown,Data Science,3.7,7/3/2021
i08494,Eva Patel,Math,5,4/14/2018
i08495,Emma Singh,History,3.2,4/5/2018
i08496,Mia Martin,Design,3.8,8/17/2021
i08497,Eva Thomas,Data Science,3.3,9/9/2021
i08498,Isabella Wilson,Math,3.8,3/7/2020
i08499,Karan Smith,History,4.2,4/20/2019
i08500,Zara Johnson,History,3.9,1/19/2020
i08501,Liam Brown,AI,4.8,6/24/2021
i08502,Mia Hall,Physics,3.6,11/6/2018
i08503,Isabella Wilson,Music,3.2,4/30/2021
i08504,Aarav Patel,Physics,3.6,5/24/2018
i08505,Karan Lee,Physics,3.3,1/13/2021
i08506,Isabella Walker,Programming,3.4,7/14/2021
i08507,Mia Hall,AI,3.8,6/6/2021
i08508,Meera Verma,Music,3.7,2/17/2018
i08509,Ethan Taylor,Biology,3.5,8/10/2020
i08510,Arjun Davis,Programming,3.1,1/18/2021
i08511,Eva Johnson,AI,3.2,8/8/2021
i08512,Amelia Brown,AI,4.9,3/10/2018
i08513,Zara Sharma,Music,3.2,8/3/2020
i08514,Meera Singh,Math,3.6,2/8/2018
i08515,Emma Clark,Business,4.8,6/12/2021
i08516,Aanya Thomas,Design,4,3/9/2021
i08517,Benjamin Miller,Programming,4,8/8/2019
i08518,Sophia Miller,Math,3.3,1/8/2020
i08519,Vihaan Miller,Physics,3.5,6/19/2020
i08520,Ethan Anderson,History,3.3,4/17/2018
i08521,Zara Miller,Math,4.9,11/17/2018
i08522,Noah Miller,History,3.9,6/11/2020
i08523,Arjun Singh,Programming,3.2,9/29/2018
i08524,Benjamin Davis,Physics,3.1,9/30/2018
i08525,Lucas Lee,Biology,3.4,11/25/2018
i08526,Lucas Verma,Business,4.7,7/8/2018
i08527,Olivia Verma,Math,3.6,7/21/2018
i08528,Liam Lee,Design,4.4,1/1/2018
i08529,Isabella Clark,Physics,3.4,6/16/2020
i08530,Aarav Thomas,Physics,3.6,5/31/2020
i08531,Liam Martin,Data Science,3.3,12/4/2019
i08532,Riya Miller,Design,4.9,12/21/2018
i08533,Amelia Clark,Data Science,3.8,9/25/2019
i08534,Amelia Hall,AI,4.9,3/29/2018
i08535,Benjamin Taylor,Programming,4.7,3/4/2021
i08536,Ethan Miller,Programming,3.3,3/8/2020
i08537,Mia Lewis,Data Science,3.1,5/23/2018
i08538,Sophia Lewis,History,4.9,10/12/2020
i08539,Ethan Johnson,Business,3.1,3/25/2021
i08540,Noah Taylor,Biology,3.6,7/7/2019
i08541,Vihaan Walker,Physics,3.7,4/22/2021
i08542,Benjamin Patel,Design,3.2,1/12/2019
i08543,Eva Miller,Music,4.6,4/8/2019
i08544,Aarav Patel,Physics,3.8,11/14/2018
i08545,Amelia Moore,Math,3.4,6/26/2020
i08546,Vihaan Anderson,Business,4.7,5/2/2019
i08547,Emma Patel,Math,3.4,8/26/2021
i08548,Aanya Lee,Biology,3.9,8/6/2020
i08549,Isabella Clark,Business,3.8,6/11/2021
i08550,Meera Thomas,Business,3.3,2/1/2020
i08551,Zara Lee,Physics,4.7,8/25/2020
i08552,Olivia Hall,Design,4.1,8/3/2020
i08553,Meera Lewis,Music,3.6,11/25/2020
i08554,Meera Wilson,Physics,3.1,9/6/2018
i08555,Ethan Verma,Business,3.2,8/6/2020
i08556,Sophia Singh,Math,3.5,3/12/2018
i08557,Liam Taylor,Physics,4.8,11/26/2018
i08558,Meera Walker,AI,4,11/22/2021
i08559,Olivia Smith,Design,4.3,7/4/2020
i08560,Olivia Moore,Music,3.8,10/15/2018
i08561,Arjun Patel,Physics,3.2,10/24/2019
i08562,Aarav Lee,Data Science,4.6,2/27/2021
i08563,Emma Smith,Music,4,8/19/2018
i08564,Lucas Martin,Biology,4.4,5/31/2018
i08565,Aanya Brown,Design,3.9,7/22/2020
i08566,Karan Martin,Design,4.9,8/1/2021
i08567,Riya Smith,Biology,3.9,4/28/2018
i08568,Karan Verma,Physics,3.5,5/31/2020
i08569,Riya Smith,Design,4,2/15/2019
i08570,Isabella Brown,AI,4.3,10/17/2019
i08571,Arjun Davis,Data Science,3.8,6/29/2020
i08572,Noah Moore,Biology,3.6,2/9/2019
i08573,Riya Patel,Physics,3.9,12/29/2018
i08574,Emma Sharma,Design,3.3,11/20/2019
i08575,Eva Martin,Design,4.9,1/20/2019
i08576,Sophia Brown,Business,4.1,9/9/2019
i08577,Karan Patel,Biology,3.1,11/15/2020
i08578,Mia Martin,Programming,5,12/24/2021
i08579,Meera Johnson,Programming,4.8,6/12/2018
i08580,Zara Hall,Business,4.5,6/19/2018
i08581,Aanya Verma,Physics,4.7,6/6/2019
i08582,Aarav Sharma,History,3.1,9/10/2018
i08583,Liam Wilson,Business,4.8,11/21/2020
i08584,Riya Martin,Programming,4.4,2/5/2018
i08585,Liam Wilson,Biology,3.4,10/31/2021
i08586,Zara Miller,Biology,3.4,6/4/2019
i08587,Liam Johnson,Programming,4,12/19/2020
i08588,Lucas Lee,Programming,4.5,7/5/2018
i08589,Sophia Smith,Design,4,10/8/2019
i08590,Vihaan Hall,Music,3.6,3/20/2021
i08591,Riya Smith,Programming,4.7,6/4/2019
i08592,Riya Lee,AI,4,5/7/2018
i08593,Zara Thomas,Business,4.6,4/2/2021
i08594,Lucas Lewis,Math,4.8,3/23/2019
i08595,Mia Wilson,Biology,4.5,9/27/2020
i08596,Mia Miller,Programming,3.4,10/13/2018
i08597,Eva Miller,Music,4.4,2/16/2021
i08598,Aarav Thomas,Business,4.9,2/20/2020
i08599,Liam Lewis,Biology,4.3,11/1/2018
i08600,Liam Clark,Design,4.6,4/3/2019
i08601,Isabella Lee,Programming,4.1,11/26/2020
i08602,Aanya Miller,Data Science,3.5,12/26/2019
i08603,Aarav Smith,Biology,3.8,5/26/2020
i08604,Arjun Verma,History,3.9,12/31/2020
i08605,Sophia Lewis,Math,3.6,4/21/2020
i08606,Mia Verma,AI,3.3,1/4/2018
i08607,Vihaan Brown,AI,3.6,1/21/2020
i08608,Ethan Davis,Math,3.8,9/9/2019
i08609,Mia Lewis,AI,4.4,1/1/2021
i08610,Riya Davis,Math,4.7,10/22/2019
i08611,Amelia Singh,Biology,3.7,5/26/2018
i08612,Riya Moore,Math,3.4,5/12/2020
i08613,Vihaan Thomas,Biology,4.4,5/10/2021
i08614,Emma Smith,Physics,3.9,5/21/2018
i08615,Noah Brown,Design,3.2,12/20/2021
i08616,Noah Martin,Physics,4,1/8/2019
i08617,Mia Johnson,Design,4.8,12/11/2020
i08618,Liam Lee,AI,4.6,7/18/2018
i08619,Amelia Thomas,Physics,4.9,4/17/2018
i08620,Lucas Davis,Design,4.3,12/10/2021
i08621,Arjun Martin,Business,3.1,11/8/2018
i08622,Karan Sharma,History,3.9,12/26/2019
i08623,Isabella Taylor,Business,4.8,1/4/2018
i08624,Karan Singh,Data Science,4.9,3/10/2018
i08625,Vihaan Davis,Design,3.1,4/12/2018
i08626,Vihaan Moore,Design,4.4,1/18/2020
i08627,Karan Patel,AI,3.7,1/13/2019
i08628,Karan Walker,Math,3.1,9/4/2018
i08629,Meera Thomas,Business,3.6,12/1/2021
i08630,Amelia Lee,Design,3.9,6/20/2021
i08631,Meera Thomas,Music,4.1,3/12/2020
i08632,Noah Martin,Programming,3.4,10/13/2018
i08633,Zara Taylor,Programming,4.8,1/28/2021
i08634,Mia Thomas,Physics,4.3,6/13/2021
i08635,Eva Verma,Biology,4.4,12/25/2020
i08636,Sophia Moore,History,4.6,10/22/2018
i08637,Amelia Smith,AI,3.5,1/13/2021
i08638,Isabella Sharma,Physics,4.2,9/7/2020
i08639,Aanya Hall,Music,4.6,3/18/2019
i08640,Eva Johnson,Design,3.6,9/13/2019
i08641,Zara Taylor,Data Science,3.3,7/26/2020
i08642,Mia Patel,AI,4.3,9/16/2021
i08643,Olivia Wilson,Programming,3.1,8/5/2020
i08644,Vihaan Smith,History,3.8,10/22/2021
i08645,Arjun Singh,Biology,4.3,5/27/2018
i08646,Benjamin Walker,AI,4.7,7/4/2021
i08647,Vihaan Johnson,Music,3.5,2/26/2021
i08648,Mia Brown,Design,4.4,7/10/2020
i08649,Amelia Sharma,AI,3.1,10/31/2020
i08650,Lucas Davis,AI,4.9,7/31/2020
i08651,Noah Lee,Physics,4.1,8/4/2021
i08652,Vihaan Johnson,History,3.5,4/2/2018
i08653,Aarav Verma,Biology,4.9,2/20/2021
i08654,Mia Davis,Music,4.2,7/11/2018
i08655,Vihaan Smith,Programming,4.6,6/14/2021
i08656,Eva Miller,Design,3.5,7/17/2019
i08657,Eva Brown,History,4.3,11/23/2020
i08658,Liam Lewis,AI,3.7,9/13/2018
i08659,Ethan Lewis,History,4.1,6/8/2020
i08660,Riya Smith,Physics,4.4,4/4/2020
i08661,Isabella Lee,Physics,4.9,5/21/2019
i08662,Benjamin Davis,Biology,4.3,2/23/2019
i08663,Aarav Singh,Music,3.7,11/28/2020
i08664,Ethan Singh,Programming,4.3,9/13/2021
i08665,Aarav Lewis,Physics,4.9,5/24/2021
i08666,Amelia Davis,Business,3.9,1/25/2020
i08667,Benjamin Patel,Design,3.4,9/12/2018
i08668,Amelia Singh,Physics,4.6,8/25/2018
i08669,Meera Singh,Business,4.6,9/16/2018
i08670,Mia Walker,Biology,3.9,10/23/2021
i08671,Amelia Brown,Business,4,10/12/2020
i08672,Olivia Martin,Business,4.2,9/5/2018
i08673,Ethan Singh,AI,3.1,11/23/2021
i08674,Lucas Sharma,AI,4.7,4/24/2019
i08675,Meera Clark,Music,3.3,12/2/2021
i08676,Eva Moore,Design,3.7,2/10/2021
i08677,Aanya Johnson,Biology,4,3/21/2018
i08678,Lucas Hall,Programming,4.5,2/18/2021
i08679,Emma Thomas,Physics,4.7,1/9/2019
i08680,Noah Lewis,Data Science,3.2,8/4/2020
i08681,Sophia Taylor,Biology,3.2,6/16/2021
i08682,Olivia Verma,Physics,4.8,4/14/2018
i08683,Emma Davis,Physics,4.9,4/17/2021
i08684,Arjun Moore,Programming,3.5,12/16/2018
i08685,Eva Smith,AI,4.8,7/18/2020
i08686,Meera Lewis,Design,4.5,8/17/2020
i08687,Vihaan Anderson,AI,4.7,11/21/2018
i08688,Mia Taylor,AI,3.5,2/28/2018
i08689,Zara Moore,History,4.9,12/18/2018
i08690,Aanya Smith,Biology,4.5,7/27/2018
i08691,Olivia Davis,Programming,4.8,10/15/2020
i08692,Meera Davis,Biology,3.6,8/28/2021
i08693,Sophia Davis,Biology,5,12/28/2020
i08694,Noah Martin,Music,4.5,11/27/2020
i08695,Liam Brown,Physics,4.4,2/10/2018
i08696,Vihaan Taylor,Design,4.9,10/24/2018
i08697,Sophia Patel,History,3.9,10/19/2020
i08698,Mia Johnson,Data Science,3.7,9/7/2020
i08699,Ethan Brown,Data Science,3.9,12/16/2021
i08700,Sophia Anderson,AI,4.7,8/3/2018
i08701,Isabella Clark,Business,4.5,4/18/2020
i08702,Eva Anderson,Math,4.5,1/10/2021
i08703,Lucas Martin,History,4.5,9/1/2020
i08704,Noah Taylor,Business,3.1,10/16/2021
i08705,Amelia Walker,History,3.4,9/1/2021
i08706,Zara Moore,Biology,4.8,3/18/2019
i08707,Benjamin Lewis,Biology,4.3,3/4/2019
i08708,Zara Davis,Programming,3.6,8/2/2018
i08709,Isabella Walker,Design,5,1/13/2021
i08710,Noah Wilson,Business,4.2,8/11/2021
i08711,Olivia Johnson,Data Science,3.2,5/3/2020
i08712,Amelia Hall,Math,4.6,11/3/2021
i08713,Isabella Hall,Physics,4.7,10/11/2019
i08714,Lucas Verma,Design,3.3,3/12/2020
i08715,Arjun Walker,Biology,3.7,11/24/2020
i08716,Amelia Verma,History,4.2,10/19/2020
i08717,Arjun Walker,Biology,4,7/26/2019
i08718,Emma Moore,History,4.8,8/26/2020
i08719,Aanya Hall,Business,3.6,8/23/2019
i08720,Liam Verma,Biology,3.3,7/2/2019
i08721,Arjun Thomas,Business,3.7,11/23/2020
i08722,Vihaan Thomas,Data Science,3.4,7/10/2020
i08723,Aarav Verma,Design,3.7,3/30/2018
i08724,Aarav Verma,Math,4.6,1/2/2018
i08725,Amelia Lee,Data Science,4.9,6/14/2021
i08726,Arjun Verma,History,4.4,1/22/2019
i08727,Vihaan Brown,Music,3.9,12/30/2019
i08728,Sophia Anderson,Physics,4.8,1/31/2021
i08729,Isabella Lewis,Math,4.2,11/10/2021
i08730,Liam Brown,Business,3.8,12/17/2018
i08731,Ethan Brown,Math,3.2,10/26/2020
i08732,Aarav Hall,Design,4.4,11/30/2021
i08733,Olivia Davis,History,4,6/12/2019
i08734,Mia Smith,Math,3.8,2/21/2021
i08735,Isabella Anderson,History,4.6,9/4/2020
i08736,Amelia Brown,Biology,4.1,11/13/2020
i08737,Mia Martin,Biology,4.8,1/5/2019
i08738,Meera Patel,History,4.8,4/7/2018
i08739,Olivia Verma,Music,4.5,2/10/2021
i08740,Eva Patel,Physics,3.5,1/19/2021
i08741,Isabella Wilson,Programming,3.5,3/4/2019
i08742,Emma Walker,History,3.5,3/4/2021
i08743,Benjamin Walker,Business,4.3,2/12/2020
i08744,Eva Johnson,Programming,4.6,1/28/2020
i08745,Emma Thomas,AI,4.2,8/27/2021
i08746,Amelia Davis,Physics,3.8,4/6/2018
i08747,Olivia Lewis,Math,4.6,5/26/2020
i08748,Isabella Martin,Biology,4.9,7/6/2019
i08749,Karan Davis,AI,3.8,2/13/2019
i08750,Lucas Sharma,Business,4.3,3/8/2019
i08751,Arjun Hall,Design,3.5,8/6/2021
i08752,Aarav Verma,Business,4.5,7/9/2018
i08753,Meera Davis,Programming,4.4,3/14/2018
i08754,Mia Anderson,Music,4.3,2/24/2019
i08755,Isabella Patel,Programming,4.8,10/14/2019
i08756,Riya Davis,Physics,4.8,7/7/2021
i08757,Karan Lewis,Biology,4.9,7/11/2020
i08758,Meera Hall,AI,4.7,8/16/2021
i08759,Aarav Thomas,Data Science,3.3,7/24/2019
i08760,Amelia Taylor,Math,3.9,10/8/2020
i08761,Liam Anderson,Data Science,5,9/13/2018
i08762,Meera Smith,Biology,4.1,1/2/2019
i08763,Zara Anderson,Biology,4.7,10/27/2018
i08764,Karan Moore,Biology,4.4,6/24/2020
i08765,Lucas Brown,Programming,4.1,1/19/2019
i08766,Sophia Hall,History,4.4,1/28/2018
i08767,Karan Patel,Data Science,3,12/21/2021
i08768,Benjamin Verma,History,4.6,10/16/2018
i08769,Riya Sharma,Business,3.3,8/2/2021
i08770,Sophia Taylor,Data Science,4.8,9/18/2021
i08771,Zara Sharma,Math,4.4,12/29/2021
i08772,Liam Anderson,Physics,3.2,3/28/2020
i08773,Benjamin Thomas,Physics,3.1,1/23/2019
i08774,Aanya Lewis,Music,4.8,1/15/2020
i08775,Eva Davis,Business,3.5,12/9/2020
i08776,Meera Thomas,History,3.8,6/1/2018
i08777,Emma Davis,Programming,3,4/4/2020
i08778,Liam Hall,Math,3.8,4/17/2019
i08779,Isabella Martin,Design,4.3,9/25/2019
i08780,Noah Smith,Design,5,9/20/2021
i08781,Zara Singh,Music,3.4,4/18/2021
i08782,Benjamin Johnson,Physics,4,5/28/2021
i08783,Noah Anderson,Business,4.9,7/2/2020
i08784,Aarav Moore,Data Science,4.4,11/2/2021
i08785,Vihaan Wilson,Music,3.9,1/24/2020
i08786,Vihaan Taylor,Biology,3.3,7/27/2021
i08787,Ethan Taylor,Music,3.4,3/19/2018
i08788,Zara Lee,Math,3.6,6/11/2018
i08789,Ethan Martin,Math,3.6,8/2/2021
i08790,Amelia Clark,AI,4.1,12/26/2019
i08791,Aarav Johnson,Biology,4.2,1/4/2018
i08792,Meera Taylor,Data Science,3.8,11/5/2020
i08793,Aarav Anderson,Design,3.1,4/10/2021
i08794,Arjun Lee,Biology,5,3/4/2019
i08795,Riya Hall,Physics,3.1,2/11/2019
i08796,Mia Patel,AI,3.6,1/27/2020
i08797,Riya Anderson,Business,4.5,6/10/2020
i08798,Aanya Brown,Programming,3.9,2/24/2019
i08799,Sophia Lee,Data Science,4.9,12/5/2021
i08800,Ethan Singh,Design,4.5,12/12/2021
i08801,Sophia Wilson,Business,3.5,6/30/2018
i08802,Sophia Lee,Physics,4.3,8/31/2021
i08803,Eva Brown,Physics,4,6/28/2020
i08804,Noah Clark,Business,3.1,9/18/2020
i08805,Ethan Taylor,History,3.1,8/1/2018
i08806,Olivia Smith,Physics,3.7,9/11/2021
i08807,Aarav Lee,Business,4.2,2/8/2018
i08808,Amelia Johnson,Data Science,4.1,2/17/2019
i08809,Meera Sharma,Programming,3.8,1/13/2018
i08810,Aanya Martin,AI,4.7,3/1/2020
i08811,Amelia Verma,Music,4.6,3/3/2020
i08812,Liam Hall,AI,4.9,10/23/2020
i08813,Meera Brown,Business,4.1,4/18/2019
i08814,Noah Sharma,Business,4.8,9/3/2021
i08815,Liam Walker,Data Science,4.3,8/17/2020
i08816,Noah Hall,Music,4.2,4/28/2021
i08817,Liam Walker,Biology,4.5,2/15/2019
i08818,Karan Martin,Physics,3.3,2/14/2020
i08819,Ethan Verma,Music,3.9,4/10/2021
i08820,Emma Lee,Design,4.9,2/23/2021
i08821,Aarav Hall,Design,4.4,5/1/2020
i08822,Emma Wilson,AI,4.3,12/9/2018
i08823,Isabella Brown,Physics,3.2,10/21/2018
i08824,Vihaan Singh,Programming,3.2,6/23/2018
i08825,Noah Clark,Physics,4.4,10/7/2021
i08826,Aanya Johnson,Programming,4.2,7/18/2020
i08827,Noah Johnson,Programming,4.8,10/25/2021
i08828,Sophia Smith,Data Science,3.3,8/1/2021
i08829,Ethan Walker,Design,4.4,11/16/2019
i08830,Benjamin Singh,Music,4.1,3/15/2018
i08831,Karan Thomas,Music,3,10/15/2018
i08832,Isabella Anderson,Biology,4.7,2/12/2018
i08833,Eva Verma,History,4.6,10/9/2019
i08834,Riya Anderson,AI,4,5/25/2019
i08835,Amelia Moore,Math,3.9,4/25/2020
i08836,Zara Lee,Biology,4.2,3/30/2020
i08837,Eva Johnson,AI,4.2,3/3/2021
i08838,Liam Lewis,Biology,4,6/29/2018
i08839,Noah Martin,Math,4,10/23/2020
i08840,Liam Patel,Biology,4,7/6/2021
i08841,Sophia Thomas,Music,3.1,5/24/2019
i08842,Vihaan Martin,Music,3.2,1/27/2018
i08843,Arjun Singh,Programming,4.5,5/9/2018
i08844,Aarav Clark,Business,3.8,1/7/2021
i08845,Benjamin Anderson,Music,4.8,11/17/2020
i08846,Ethan Hall,Data Science,4.5,5/14/2020
i08847,Emma Anderson,Math,4.5,8/19/2018
i08848,Riya Sharma,Business,3.9,8/19/2020
i08849,Vihaan Sharma,Music,3.6,2/19/2020
i08850,Mia Clark,Programming,3,4/23/2018
i08851,Emma Miller,Biology,3.4,3/2/2018
i08852,Emma Walker,Physics,3.7,9/23/2019
i08853,Aarav Davis,Math,4.6,11/2/2018
i08854,Noah Thomas,History,4.9,6/25/2019
i08855,Liam Lewis,Physics,3.8,8/13/2018
i08856,Noah Sharma,Business,4,1/22/2018
i08857,Olivia Sharma,Physics,4.2,11/19/2019
i08858,Mia Martin,Design,4.8,12/11/2021
i08859,Meera Brown,Programming,4.4,2/17/2021
i08860,Karan Brown,AI,3.4,12/1/2020
i08861,Mia Smith,Math,4.2,10/2/2021
i08862,Mia Miller,Physics,4.8,6/16/2019
i08863,Amelia Hall,Programming,3.9,11/2/2018
i08864,Riya Walker,Design,4,6/1/2019
i08865,Zara Moore,Data Science,3,3/31/2018
i08866,Noah Taylor,History,3.7,9/9/2021
i08867,Olivia Miller,Design,4.9,11/23/2020
i08868,Liam Wilson,Data Science,4.7,5/23/2019
i08869,Meera Martin,Design,3.4,10/14/2018
i08870,Noah Smith,History,4,11/19/2021
i08871,Vihaan Wilson,Biology,3.7,1/3/2018
i08872,Noah Patel,History,4.5,3/4/2020
i08873,Mia Verma,Programming,4.7,9/19/2019
i08874,Sophia Thomas,Design,3.3,9/22/2020
i08875,Zara Thomas,Physics,3.1,5/13/2021
i08876,Karan Walker,History,3.6,9/19/2018
i08877,Noah Miller,Math,3.1,6/10/2019
i08878,Noah Taylor,History,4.3,6/14/2021
i08879,Aarav Taylor,Design,4.2,11/3/2018
i08880,Aarav Moore,Design,3.5,7/12/2021
i08881,Aarav Taylor,Business,3.6,1/5/2020
i08882,Amelia Patel,History,4.3,6/9/2018
i08883,Arjun Lee,Math,4.1,2/29/2020
i08884,Riya Verma,Design,4.6,6/4/2018
i08885,Isabella Thomas,Business,3.8,1/26/2018
i08886,Liam Walker,Programming,3.3,6/17/2020
i08887,Meera Thomas,Business,3.9,6/11/2019
i08888,Sophia Wilson,AI,4,11/16/2019
i08889,Benjamin Lee,Design,4.8,11/7/2021
i08890,Mia Singh,Music,4.1,8/12/2019
i08891,Sophia Anderson,AI,3.7,12/7/2019
i08892,Aarav Anderson,Music,3.8,6/1/2019
i08893,Riya Thomas,Programming,3.2,1/30/2019
i08894,Ethan Sharma,Business,4,6/19/2019
i08895,Lucas Verma,Business,4.2,10/12/2021
i08896,Lucas Lee,Music,3.5,3/5/2019
i08897,Amelia Moore,Math,4.1,11/27/2020
i08898,Emma Lee,Music,3.2,1/19/2021
i08899,Sophia Clark,History,4.8,11/20/2018
i08900,Aarav Verma,Biology,3.4,5/4/2020
i08901,Aanya Anderson,Math,3.4,11/4/2020
i08902,Mia Moore,Design,5,7/18/2018
i08903,Vihaan Brown,Music,3.2,9/11/2019
i08904,Eva Davis,Design,3.9,2/2/2019
i08905,Amelia Wilson,Design,3.1,4/30/2018
i08906,Zara Singh,Data Science,3.4,3/14/2020
i08907,Meera Thomas,Music,4.9,8/15/2021
i08908,Amelia Thomas,Math,3.5,6/20/2019
i08909,Sophia Sharma,Data Science,4.5,4/10/2021
i08910,Ethan Brown,Biology,4.1,2/22/2019
i08911,Sophia Lewis,AI,3.3,3/17/2019
i08912,Olivia Anderson,Data Science,4.3,8/23/2018
i08913,Isabella Clark,Math,4.7,7/31/2021
i08914,Aarav Hall,Math,3.6,7/30/2021
i08915,Aarav Smith,History,4.2,5/16/2021
i08916,Arjun Sharma,Business,4.1,8/19/2020
i08917,Mia Miller,AI,3,3/24/2020
i08918,Lucas Brown,History,4.4,3/15/2020
i08919,Arjun Sharma,History,4.5,9/5/2021
i08920,Liam Lewis,Data Science,3.7,12/14/2021
i08921,Eva Walker,Music,3.4,3/18/2018
i08922,Isabella Lewis,History,5,12/27/2021
i08923,Karan Smith,History,4,12/7/2018
i08924,Meera Singh,Physics,4,4/20/2020
i08925,Arjun Hall,Programming,3.6,2/13/2021
i08926,Aanya Wilson,Design,3.5,9/18/2018
i08927,Amelia Sharma,Programming,3.5,1/3/2020
i08928,Isabella Thomas,AI,4,4/14/2020
i08929,Riya Sharma,Math,4.5,10/30/2019
i08930,Noah Wilson,Physics,4.4,4/25/2021
i08931,Benjamin Taylor,Physics,3.7,5/13/2019
i08932,Eva Taylor,Business,4.1,7/6/2021
i08933,Zara Hall,Programming,4.3,5/14/2019
i08934,Aarav Patel,Data Science,3.8,12/3/2018
i08935,Aarav Taylor,Physics,3.4,2/18/2021
i08936,Meera Smith,History,4.1,4/7/2019
i08937,Karan Lewis,Programming,4.8,5/20/2020
i08938,Mia Sharma,Data Science,3.9,9/19/2019
i08939,Mia Anderson,Biology,3.4,12/13/2019
i08940,Karan Johnson,Business,4.2,3/18/2020
i08941,Aanya Thomas,AI,3.2,9/16/2021
i08942,Arjun Thomas,Music,3.5,9/29/2020
i08943,Aarav Hall,Music,4,3/1/2021
i08944,Olivia Hall,Data Science,4.7,9/23/2019
i08945,Karan Smith,Biology,4.9,2/20/2021
i08946,Eva Thomas,Business,4.4,12/24/2020
i08947,Amelia Hall,Design,3.1,2/27/2020
i08948,Olivia Lewis,Programming,4.9,4/3/2021
i08949,Noah Johnson,Biology,3.1,6/20/2018
i08950,Vihaan Singh,Music,3.4,4/27/2021
i08951,Sophia Smith,History,4,2/11/2018
i08952,Olivia Anderson,Data Science,3.3,10/31/2020
i08953,Lucas Brown,History,4.3,8/27/2019
i08954,Amelia Sharma,Design,3.9,10/30/2019
i08955,Sophia Davis,Business,4.8,1/20/2021
i08956,Arjun Hall,Business,3.3,5/15/2018
i08957,Aarav Moore,Data Science,4,3/18/2021
i08958,Amelia Johnson,History,4.6,6/13/2021
i08959,Zara Wilson,Music,3.2,10/1/2021
i08960,Karan Patel,Math,3,6/19/2021
i08961,Meera Sharma,Biology,3.7,5/19/2020
i08962,Karan Hall,Math,4.2,9/2/2018
i08963,Aanya Singh,Math,3.8,1/9/2020
i08964,Isabella Wilson,Math,4.8,6/18/2020
i08965,Riya Lewis,Programming,3.9,7/8/2021
i08966,Aanya Brown,AI,3.1,6/16/2021
i08967,Aanya Moore,Design,4.1,4/27/2021
i08968,Riya Johnson,Physics,4.9,3/4/2018
i08969,Karan Davis,Data Science,4.4,6/10/2018
i08970,Arjun Miller,AI,4.3,9/21/2018
i08971,Olivia Martin,Data Science,3.2,5/2/2018
i08972,Liam Martin,History,4.4,9/2/2018
i08973,Olivia Sharma,Biology,3.9,4/23/2020
i08974,Zara Lewis,Programming,4.1,11/18/2018
i08975,Arjun Wilson,AI,3.9,5/4/2021
i08976,Karan Lewis,Programming,4.9,4/27/2020
i08977,Karan Taylor,Math,3.8,2/19/2020
i08978,Benjamin Davis,Programming,3.1,12/28/2020
i08979,Mia Miller,Programming,4.2,12/2/2018
i08980,Ethan Lee,Programming,5,6/8/2019
i08981,Noah Patel,Biology,4.9,1/23/2021
i08982,Liam Walker,Math,3.3,5/27/2021
i08983,Aanya Clark,Design,3.4,5/18/2019
i08984,Emma Wilson,Biology,4.6,12/1/2018
i08985,Aarav Johnson,AI,3.5,1/30/2019
i08986,Zara Verma,History,4.3,8/10/2020
i08987,Emma Miller,Design,4.6,12/13/2021
i08988,Isabella Walker,Math,4.6,8/19/2018
i08989,Sophia Davis,Business,4.4,7/29/2021
i08990,Benjamin Wilson,Programming,3.1,7/28/2018
i08991,Benjamin Lee,History,3.4,11/3/2020
i08992,Sophia Miller,History,5,2/10/2020
i08993,Mia Wilson,Design,3.5,6/27/2019
i08994,Eva Johnson,Design,3.8,4/21/2021
i08995,Aanya Patel,Math,4.4,6/24/2019
i08996,Benjamin Lewis,Business,5,11/10/2018
i08997,Arjun Moore,History,4.8,8/22/2020
i08998,Isabella Davis,Physics,3.9,4/26/2018
i08999,Sophia Clark,Music,3.9,8/17/2018
i09000,Lucas Singh,Data Science,3.6,10/6/2019
i09001,Eva Martin,Physics,3.4,2/18/2018
i09002,Arjun Clark,Math,4.4,2/21/2020
i09003,Emma Wilson,AI,3.5,1/4/2021
i09004,Riya Verma,Biology,3.2,3/30/2019
i09005,Emma Moore,Physics,3.5,1/14/2020
i09006,Ethan Brown,Biology,3.5,1/11/2020
i09007,Amelia Johnson,Math,3.7,12/26/2020
i09008,Aanya Patel,History,3.1,5/24/2018
i09009,Liam Taylor,AI,4.3,2/9/2019
i09010,Benjamin Hall,Music,3.5,10/8/2019
i09011,Aanya Anderson,Physics,4.2,3/6/2019
i09012,Olivia Patel,Design,3.1,5/20/2019
i09013,Lucas Miller,Music,3.1,3/24/2019
i09014,Aanya Davis,Programming,4.1,3/9/2021
i09015,Ethan Clark,Design,4.2,4/9/2020
i09016,Zara Verma,Physics,3.4,5/26/2020
i09017,Riya Clark,Music,3.6,11/12/2021
i09018,Emma Wilson,Business,4.4,10/23/2019
i09019,Lucas Martin,Business,4.7,10/16/2020
i09020,Mia Johnson,AI,4.8,7/4/2018
i09021,Amelia Anderson,AI,4.1,6/22/2021
i09022,Vihaan Johnson,Programming,4.3,11/19/2019
i09023,Noah Moore,Math,3.8,10/23/2020
i09024,Isabella Lee,Physics,4.8,5/17/2019
i09025,Olivia Walker,Physics,3.5,12/3/2019
i09026,Emma Thomas,Math,3.9,6/26/2021
i09027,Olivia Martin,AI,3.8,11/2/2018
i09028,Mia Taylor,Music,3.2,1/25/2020
i09029,Amelia Lewis,Math,4.7,12/10/2019
i09030,Lucas Johnson,Business,4.2,4/21/2020
i09031,Zara Miller,Business,3.7,3/13/2018
i09032,Noah Brown,Programming,4.4,11/18/2020
i09033,Mia Anderson,Programming,3.9,7/23/2018
i09034,Meera Lewis,Physics,3.3,8/3/2018
i09035,Aanya Smith,AI,4.4,11/27/2020
i09036,Mia Walker,Programming,4.1,10/30/2018
i09037,Arjun Moore,Music,4.5,10/11/2019
i09038,Isabella Hall,Math,3.5,6/6/2021
i09039,Aanya Verma,Math,4.1,4/19/2021
i09040,Aarav Martin,Physics,3.4,8/4/2019
i09041,Meera Walker,Data Science,3.5,3/18/2020
i09042,Noah Singh,Music,3.9,9/13/2020
i09043,Aanya Martin,Design,3.7,10/4/2021
i09044,Zara Johnson,Biology,3.9,9/12/2018
i09045,Isabella Lewis,AI,3.4,1/15/2018
i09046,Ethan Thomas,Music,4.9,7/8/2019
i09047,Benjamin Verma,Data Science,3.7,2/17/2020
i09048,Sophia Johnson,Programming,4.8,4/18/2021
i09049,Emma Lee,Business,3.4,3/27/2021
i09050,Arjun Lewis,AI,3.4,9/17/2021
i09051,Amelia Moore,Programming,4.5,6/6/2020
i09052,Aarav Johnson,AI,3.4,6/1/2021
i09053,Noah Patel,Data Science,3.8,6/18/2020
i09054,Liam Brown,History,4.2,1/27/2018
i09055,Vihaan Johnson,Physics,4,9/21/2020
i09056,Sophia Lewis,Music,4.5,11/24/2021
i09057,Riya Singh,Programming,3,11/12/2021
i09058,Aarav Verma,Music,4.4,8/1/2019
i09059,Aarav Patel,AI,4.8,11/26/2019
i09060,Zara Smith,Programming,3.3,3/15/2021
i09061,Vihaan Miller,History,4.7,2/23/2018
i09062,Zara Smith,History,3.5,10/4/2019
i09063,Ethan Anderson,Business,4.9,2/1/2018
i09064,Aarav Brown,Data Science,3.1,12/7/2021
i09065,Noah Johnson,Data Science,4.3,8/29/2021
i09066,Ethan Johnson,Design,3.2,12/14/2019
i09067,Noah Lee,Business,3.2,7/26/2020
i09068,Riya Davis,Physics,3.7,7/1/2018
i09069,Aanya Moore,Design,4.9,1/25/2020
i09070,Vihaan Hall,History,4.4,4/27/2020
i09071,Ethan Lewis,Music,3.1,1/6/2018
i09072,Vihaan Miller,AI,4.9,1/29/2018
i09073,Karan Davis,Math,4,10/10/2019
i09074,Zara Anderson,Biology,4.4,8/2/2019
i09075,Sophia Martin,Business,3.3,9/25/2020
i09076,Noah Walker,AI,4.1,11/11/2018
i09077,Meera Thomas,History,4.4,3/2/2018
i09078,Emma Taylor,Math,3.2,1/7/2020
i09079,Lucas Sharma,AI,4.9,7/11/2021
i09080,Meera Taylor,AI,3.5,9/25/2020
i09081,Riya Clark,Music,4.4,7/26/2021
i09082,Ethan Smith,Biology,3.2,3/12/2020
i09083,Aanya Johnson,Data Science,4.4,12/20/2019
i09084,Arjun Moore,Math,4.4,3/31/2018
i09085,Emma Johnson,Biology,3.9,6/26/2018
i09086,Benjamin Brown,Music,4.8,12/24/2020
i09087,Zara Verma,History,4,12/20/2020
i09088,Aanya Moore,History,4.4,5/6/2018
i09089,Amelia Sharma,Biology,3.9,4/4/2018
i09090,Benjamin Anderson,Data Science,4.2,9/16/2018
i09091,Olivia Verma,History,4.3,4/22/2019
i09092,Eva Davis,Music,4.9,9/22/2021
i09093,Liam Davis,Business,3,10/25/2021
i09094,Ethan Walker,Design,3.6,5/3/2020
i09095,Amelia Lee,Business,4.3,11/14/2021
i09096,Benjamin Clark,Design,4.1,2/4/2019
i09097,Benjamin Taylor,Music,3.9,5/20/2019
i09098,Aarav Wilson,Data Science,4.9,7/27/2018
i09099,Amelia Smith,Data Science,4.1,10/31/2018
i09100,Karan Smith,Math,4.4,1/5/2018
i09101,Meera Anderson,Programming,3.5,2/1/2018
i09102,Arjun Lee,Math,3.1,5/30/2019
i09103,Olivia Singh,AI,4.7,3/13/2019
i09104,Mia Walker,Physics,4.2,5/2/2018
i09105,Riya Walker,Business,4.8,11/6/2018
i09106,Aarav Thomas,AI,3.8,10/29/2019
i09107,Noah Anderson,Music,3.3,10/28/2019
i09108,Noah Patel,Math,3.9,10/31/2021
i09109,Liam Smith,Physics,4.1,11/8/2020
i09110,Vihaan Smith,History,3.5,8/24/2020
i09111,Aanya Smith,Biology,4.1,6/1/2021
i09112,Olivia Walker,Math,4,3/1/2018
i09113,Aanya Anderson,Music,3.9,5/17/2021
i09114,Aarav Martin,Physics,3.9,2/7/2018
i09115,Karan Thomas,Programming,4.6,11/19/2019
i09116,Karan Davis,Music,4.7,1/18/2019
i09117,Zara Johnson,AI,3.4,8/8/2019
i09118,Liam Martin,Data Science,4.1,5/6/2021
i09119,Vihaan Patel,Biology,3.4,1/4/2018
i09120,Olivia Thomas,AI,4.7,6/19/2021
i09121,Benjamin Hall,Physics,3.2,11/13/2019
i09122,Arjun Patel,History,3.4,1/7/2021
i09123,Emma Moore,Math,3.7,3/13/2019
i09124,Meera Brown,Design,4.9,9/17/2021
i09125,Liam Smith,Physics,3.3,10/12/2020
i09126,Isabella Lewis,Physics,3.1,8/21/2019
i09127,Ethan Hall,Design,3.7,3/5/2020
i09128,Riya Brown,Design,3.1,1/8/2018
i09129,Aanya Wilson,Physics,3.3,9/16/2019
i09130,Isabella Thomas,Math,4.5,11/14/2018
i09131,Karan Wilson,Music,4.1,11/25/2020
i09132,Meera Verma,AI,3.6,7/20/2018
i09133,Olivia Martin,Music,3.3,12/18/2020
i09134,Karan Thomas,Data Science,4.2,4/20/2019
i09135,Amelia Davis,Biology,4.8,8/23/2019
i09136,Eva Clark,History,4.7,1/29/2018
i09137,Amelia Taylor,Programming,4.8,9/25/2020
i09138,Isabella Taylor,Design,3.8,2/14/2019
i09139,Isabella Moore,Biology,3.6,3/9/2019
i09140,Sophia Hall,Programming,4.6,3/18/2020
i09141,Isabella Walker,Biology,4.3,5/25/2019
i09142,Amelia Verma,Data Science,3.1,9/7/2018
i09143,Arjun Anderson,Business,3.7,10/24/2018
i09144,Eva Moore,Biology,3.3,8/10/2019
i09145,Mia Johnson,Data Science,3.1,2/15/2019
i09146,Ethan Singh,Data Science,4.1,11/30/2018
i09147,Riya Patel,History,5,9/4/2018
i09148,Aarav Thomas,Design,4.8,7/2/2019
i09149,Aanya Lewis,AI,3.8,10/10/2021
i09150,Aanya Walker,Biology,3.7,5/4/2019
i09151,Benjamin Walker,Business,4,11/22/2019
i09152,Zara Singh,Biology,4.4,1/20/2020
i09153,Isabella Singh,Biology,4.5,3/9/2019
i09154,Riya Davis,Biology,4.8,11/3/2021
i09155,Meera Sharma,History,3.3,8/22/2018
i09156,Benjamin Moore,Programming,5,5/26/2018
i09157,Benjamin Johnson,Physics,4.4,3/8/2018
i09158,Vihaan Hall,Music,4.7,10/27/2021
i09159,Noah Singh,Design,4.9,6/8/2018
i09160,Ethan Lewis,Music,3.9,1/6/2018
i09161,Emma Miller,History,3.8,1/25/2020
i09162,Riya Patel,History,4.4,11/30/2019
i09163,Sophia Thomas,Music,4.5,3/14/2021
i09164,Karan Smith,Data Science,4.6,3/19/2020
i09165,Karan Brown,AI,4.8,5/25/2020
i09166,Emma Taylor,Math,3.6,2/7/2019
i09167,Aarav Lewis,Math,3.8,5/17/2018
i09168,Arjun Verma,Music,5,11/9/2018
i09169,Olivia Martin,Business,4.7,3/12/2019
i09170,Amelia Lewis,Business,4.8,12/12/2019
i09171,Noah Hall,Design,3.5,4/1/2018
i09172,Arjun Thomas,Math,3,7/2/2018
i09173,Amelia Brown,Biology,4.4,5/4/2020
i09174,Isabella Lewis,Business,3.5,5/19/2020
i09175,Mia Moore,Design,4.2,5/16/2020
i09176,Amelia Verma,Programming,4.4,6/3/2018
i09177,Riya Smith,Data Science,3.4,10/17/2021
i09178,Eva Singh,AI,3.7,9/17/2021
i09179,Zara Verma,AI,3,12/20/2018
i09180,Riya Thomas,Business,4.2,1/9/2020
i09181,Liam Verma,AI,4.6,3/27/2020
i09182,Zara Patel,Design,3.6,9/21/2020
i09183,Ethan Verma,Data Science,3.2,11/29/2018
i09184,Amelia Martin,Programming,4.8,6/10/2018
i09185,Lucas Brown,Biology,3.1,2/26/2019
i09186,Benjamin Singh,Biology,3.5,5/21/2019
i09187,Lucas Brown,Programming,4.4,9/10/2018
i09188,Aarav Patel,History,3.2,10/20/2019
i09189,Amelia Martin,History,4.3,12/17/2018
i09190,Riya Davis,Programming,3.4,12/23/2019
i09191,Benjamin Patel,Business,3.3,12/29/2018
i09192,Karan Lewis,Programming,3.3,11/28/2018
i09193,Zara Patel,Programming,3.2,11/13/2018
i09194,Sophia Miller,History,4.5,2/9/2019
i09195,Arjun Anderson,AI,3.4,2/27/2019
i09196,Eva Johnson,Data Science,3.4,4/26/2021
i09197,Benjamin Taylor,Design,4,9/2/2018
i09198,Sophia Miller,Business,3.4,12/17/2019
i09199,Arjun Miller,Physics,4.7,8/8/2021
i09200,Vihaan Anderson,History,4.6,9/30/2018
i09201,Isabella Anderson,AI,3.9,8/10/2021
i09202,Noah Sharma,Music,3.9,2/24/2018
i09203,Isabella Anderson,Physics,4.9,10/24/2021
i09204,Aanya Hall,Music,3.8,10/21/2020
i09205,Vihaan Davis,Math,3.2,8/20/2021
i09206,Olivia Lewis,Music,4.8,6/29/2018
i09207,Eva Singh,Music,3.9,4/22/2019
i09208,Lucas Anderson,Music,4.3,11/30/2018
i09209,Karan Davis,AI,4.7,4/3/2018
i09210,Zara Hall,Biology,3.2,5/16/2020
i09211,Arjun Anderson,Design,3.6,11/28/2018
i09212,Sophia Johnson,AI,4.7,1/11/2018
i09213,Riya Wilson,Physics,3.5,11/28/2020
i09214,Amelia Walker,Design,3.5,4/10/2020
i09215,Eva Hall,Physics,4.2,3/7/2020
i09216,Aanya Johnson,Music,3.1,8/12/2020
i09217,Vihaan Thomas,Business,4.5,4/29/2020
i09218,Meera Sharma,Data Science,3,1/27/2019
i09219,Lucas Anderson,Biology,3.2,12/24/2020
i09220,Zara Smith,AI,3,3/31/2018
i09221,Vihaan Anderson,Design,3.5,10/11/2018
i09222,Sophia Walker,AI,5,2/9/2020
i09223,Aanya Verma,Design,4.5,12/16/2019
i09224,Eva Lewis,Data Science,4.4,4/9/2019
i09225,Eva Lewis,Biology,3.3,10/3/2018
i09226,Riya Hall,Design,3.8,11/12/2018
i09227,Eva Moore,Programming,3.3,2/13/2020
i09228,Aarav Smith,Design,4.2,3/3/2021
i09229,Sophia Walker,Biology,4.1,7/14/2021
i09230,Emma Lewis,AI,3.3,7/5/2018
i09231,Noah Taylor,AI,4.1,1/28/2021
i09232,Eva Lee,Business,3.7,5/19/2019
i09233,Mia Sharma,Music,4.8,8/27/2021
i09234,Arjun Brown,Music,4,11/14/2018
i09235,Meera Taylor,Music,3.4,9/15/2018
i09236,Isabella Verma,Music,4.6,8/30/2020
i09237,Eva Lee,History,3.9,10/7/2018
i09238,Ethan Moore,Data Science,3.2,6/16/2018
i09239,Noah Patel,History,3.6,11/24/2019
i09240,Meera Lee,Business,5,8/23/2018
i09241,Meera Johnson,Business,3.4,6/14/2018
i09242,Amelia Davis,Physics,4,8/6/2021
i09243,Isabella Verma,AI,4.9,4/21/2020
i09244,Zara Miller,History,5,1/15/2021
i09245,Zara Martin,Biology,3.1,5/25/2020
i09246,Arjun Davis,Programming,4.7,12/21/2019
i09247,Amelia Moore,Design,4.5,4/23/2018
i09248,Emma Thomas,Music,3.8,12/23/2020
i09249,Aarav Miller,AI,4,3/25/2018
i09250,Liam Brown,Biology,4.7,10/28/2021
i09251,Isabella Sharma,Data Science,4.5,1/31/2019
i09252,Meera Brown,Math,3.5,7/28/2018
i09253,Meera Patel,History,4.9,11/30/2018
i09254,Aarav Verma,History,4.2,10/6/2021
i09255,Sophia Miller,Design,4.8,3/1/2018
i09256,Noah Lewis,Data Science,4.5,7/10/2020
i09257,Zara Clark,Math,3.6,6/9/2019
i09258,Riya Martin,History,4.6,9/9/2020
i09259,Karan Hall,Physics,3.5,2/3/2020
i09260,Sophia Verma,Music,4.5,9/6/2021
i09261,Isabella Singh,Physics,4.7,2/19/2021
i09262,Aanya Walker,Biology,4.1,3/31/2018
i09263,Aanya Lewis,Data Science,3.3,11/21/2021
i09264,Lucas Brown,Programming,4.2,1/7/2020
i09265,Noah Johnson,AI,4.4,2/3/2020
i09266,Mia Clark,Programming,4.9,5/31/2021
i09267,Isabella Miller,AI,4,1/5/2018
i09268,Isabella Brown,Data Science,3.6,11/1/2021
i09269,Aanya Davis,AI,3.8,6/16/2018
i09270,Isabella Lewis,Biology,3.1,10/21/2020
i09271,Arjun Clark,Programming,4.7,4/14/2018
i09272,Liam Brown,Business,3.2,6/28/2021
i09273,Lucas Lewis,Math,4.4,9/7/2018
i09274,Karan Moore,History,4.8,8/6/2019
i09275,Sophia Singh,Math,3.2,10/31/2021
i09276,Sophia Verma,AI,4.1,6/15/2020
i09277,Eva Singh,Physics,3.4,12/8/2019
i09278,Liam Johnson,Design,3.7,7/2/2020
i09279,Olivia Brown,Business,4.7,10/4/2020
i09280,Aarav Martin,Physics,3.9,3/19/2018
i09281,Ethan Lee,Math,3.2,5/14/2020
i09282,Amelia Anderson,Data Science,4.3,11/25/2021
i09283,Noah Martin,Biology,4.3,5/20/2021
i09284,Vihaan Taylor,Design,3.7,4/19/2018
i09285,Karan Verma,Physics,4.3,9/1/2021
i09286,Aarav Taylor,History,4.6,9/5/2021
i09287,Sophia Lewis,Music,4.1,4/4/2018
i09288,Aarav Lee,Programming,3.9,5/3/2019
i09289,Isabella Patel,History,3.5,5/8/2020
i09290,Ethan Verma,Programming,4.7,1/4/2020
i09291,Vihaan Singh,History,4.8,2/11/2021
i09292,Eva Lewis,Design,4,4/18/2019
i09293,Amelia Davis,Business,3.7,6/23/2021
i09294,Eva Singh,Biology,5,10/9/2020
i09295,Ethan Lewis,Physics,4.9,4/12/2018
i09296,Arjun Sharma,Data Science,3.8,10/31/2021
i09297,Aarav Clark,Business,3.6,10/27/2018
i09298,Ethan Johnson,Music,3.9,9/2/2021
i09299,Aanya Singh,History,3.4,7/7/2020
i09300,Eva Hall,Physics,3.9,12/23/2019
i09301,Meera Sharma,Business,3.5,7/26/2020
i09302,Emma Verma,Programming,4.9,11/26/2021
i09303,Olivia Patel,Math,4.7,11/14/2020
i09304,Benjamin Brown,Physics,3.7,7/10/2021
i09305,Olivia Miller,Biology,3.1,4/6/2020
i09306,Arjun Lee,Math,3.4,6/30/2021
i09307,Amelia Sharma,Biology,3.7,7/15/2021
i09308,Aarav Patel,Physics,4.9,1/20/2021
i09309,Liam Moore,AI,4.5,6/28/2021
i09310,Aanya Lewis,AI,5,9/22/2020
i09311,Mia Walker,Biology,4.2,11/7/2020
i09312,Emma Anderson,AI,3.7,7/28/2020
i09313,Liam Johnson,AI,3.6,3/1/2018
i09314,Arjun Miller,Music,3.7,8/2/2019
i09315,Zara Walker,Physics,4.9,9/4/2021
i09316,Noah Hall,Data Science,4,12/17/2019
i09317,Lucas Lewis,Design,3.6,8/10/2019
i09318,Olivia Wilson,Programming,3.6,8/23/2019
i09319,Noah Moore,Biology,4.7,4/21/2019
i09320,Riya Clark,History,4.9,10/4/2019
i09321,Zara Taylor,Business,5,10/8/2018
i09322,Isabella Walker,Business,4.8,4/14/2021
i09323,Karan Lee,AI,4.7,12/22/2021
i09324,Mia Martin,AI,4.2,11/24/2021
i09325,Amelia Wilson,AI,4,5/3/2019
i09326,Amelia Wilson,Design,3.2,9/22/2018
i09327,Noah Johnson,Business,3.6,12/14/2021
i09328,Karan Moore,Design,4.5,12/20/2018
i09329,Aanya Hall,Programming,4.2,11/5/2020
i09330,Riya Martin,Data Science,4,9/21/2021
i09331,Zara Verma,Music,4.6,4/16/2020
i09332,Zara Hall,Physics,4.3,8/14/2019
i09333,Noah Hall,Physics,3.8,1/18/2019
i09334,Lucas Martin,Programming,4.1,8/7/2019
i09335,Noah Thomas,Math,4.5,3/27/2019
i09336,Riya Walker,Programming,4.7,9/20/2021
i09337,Arjun Miller,Biology,3.9,7/7/2018
i09338,Aanya Sharma,Business,3.7,7/27/2018
i09339,Zara Martin,Music,3.8,3/31/2021
i09340,Aanya Walker,Math,3.2,11/13/2020
i09341,Aarav Wilson,Data Science,4.8,6/9/2019
i09342,Benjamin Thomas,Physics,4.7,9/16/2021
i09343,Lucas Lewis,History,3.4,10/5/2018
i09344,Vihaan Miller,Physics,4.3,6/14/2019
i09345,Meera Sharma,History,3.1,9/6/2019
i09346,Olivia Davis,AI,4.7,4/6/2019
i09347,Isabella Walker,History,3.9,1/25/2020
i09348,Lucas Moore,Data Science,3.2,1/31/2019
i09349,Isabella Wilson,Data Science,4.1,8/13/2021
i09350,Benjamin Davis,Data Science,3.8,6/8/2020
i09351,Zara Martin,History,4.4,5/29/2020
i09352,Aanya Hall,Math,3.5,7/28/2019
i09353,Amelia Wilson,Music,3.4,4/30/2018
i09354,Lucas Lee,Design,4.8,9/12/2021
i09355,Mia Brown,Programming,3.8,1/9/2021
i09356,Vihaan Davis,Physics,4.4,7/24/2021
i09357,Arjun Clark,Business,3.4,9/18/2018
i09358,Sophia Brown,Physics,4.6,10/10/2020
i09359,Sophia Lee,Business,4.2,6/7/2019
i09360,Ethan Anderson,Data Science,4.9,5/6/2019
i09361,Amelia Moore,Physics,3.6,12/28/2020
i09362,Lucas Lewis,Programming,4.5,2/12/2020
i09363,Lucas Thomas,Physics,3.6,9/25/2020
i09364,Amelia Johnson,Music,5,8/28/2018
i09365,Ethan Taylor,Physics,4.4,11/21/2019
i09366,Meera Moore,Programming,4.8,8/8/2021
i09367,Riya Moore,Biology,4.4,5/16/2020
i09368,Sophia Lewis,Music,4.8,6/12/2021
i09369,Liam Sharma,Data Science,3.6,11/16/2021
i09370,Arjun Moore,Biology,4,11/28/2020
i09371,Aanya Walker,Math,4.7,5/9/2018
i09372,Aarav Verma,AI,4.6,4/21/2021
i09373,Vihaan Hall,Biology,3,11/5/2019
i09374,Aanya Johnson,Physics,4.3,10/20/2020
i09375,Eva Miller,AI,4.7,12/6/2019
i09376,Zara Martin,Biology,3.5,2/6/2020
i09377,Isabella Wilson,AI,4.8,1/17/2020
i09378,Amelia Moore,Music,3.7,8/22/2021
i09379,Olivia Smith,AI,4.1,7/5/2020
i09380,Eva Brown,History,4.5,12/24/2021
i09381,Karan Smith,Math,4,10/30/2020
i09382,Meera Moore,Programming,4.5,7/28/2019
i09383,Lucas Hall,Biology,4.4,4/26/2019
i09384,Amelia Sharma,Math,3.2,1/14/2018
i09385,Eva Patel,Design,5,8/25/2018
i09386,Karan Verma,Biology,4,4/15/2020
i09387,Mia Davis,Music,3.4,9/27/2019
i09388,Olivia Lewis,AI,3.1,6/30/2019
i09389,Liam Thomas,Physics,3.4,10/19/2019
i09390,Ethan Lee,History,5,5/1/2021
i09391,Benjamin Hall,AI,4.3,4/21/2021
i09392,Aarav Anderson,Programming,4.1,2/25/2018
i09393,Eva Johnson,Biology,4.1,8/21/2021
i09394,Lucas Miller,Physics,3.7,7/25/2019
i09395,Isabella Hall,Data Science,3.4,7/20/2021
i09396,Vihaan Lewis,Business,3.4,7/24/2020
i09397,Olivia Lewis,AI,3.5,1/21/2019
i09398,Arjun Clark,Biology,3.4,9/22/2020
i09399,Aanya Miller,History,4.8,12/2/2021
i09400,Aanya Singh,Math,3.4,10/19/2021
i09401,Arjun Anderson,History,3.1,3/25/2020
i09402,Ethan Johnson,History,4.2,10/26/2020
i09403,Sophia Miller,Biology,4.3,12/1/2018
i09404,Eva Brown,AI,4.3,9/27/2019
i09405,Vihaan Lee,Design,4.7,12/3/2021
i09406,Arjun Moore,Programming,4.4,2/2/2021
i09407,Olivia Moore,Physics,4.2,2/1/2018
i09408,Arjun Patel,History,4.7,7/2/2021
i09409,Aarav Moore,Math,4.6,4/27/2018
i09410,Eva Anderson,AI,3.5,2/28/2018
i09411,Riya Clark,AI,3.4,3/27/2018
i09412,Amelia Wilson,History,3.3,7/20/2020
i09413,Olivia Walker,Design,4.2,6/13/2021
i09414,Ethan Clark,Data Science,3.5,2/7/2021
i09415,Ethan Anderson,Business,3.7,2/14/2021
i09416,Isabella Lewis,Business,5,7/10/2020
i09417,Noah Singh,Business,4,5/8/2021
i09418,Mia Martin,Biology,4.4,3/3/2018
i09419,Noah Sharma,Music,4.6,7/13/2020
i09420,Isabella Verma,AI,3.5,3/23/2018
i09421,Meera Patel,History,3.5,12/21/2019
i09422,Amelia Walker,Physics,4.4,12/10/2019
i09423,Olivia Brown,Music,4.9,6/19/2020
i09424,Eva Miller,Math,4.5,4/14/2020
i09425,Amelia Wilson,Biology,3.3,1/27/2021
i09426,Emma Hall,Physics,4.3,2/24/2021
i09427,Arjun Lee,History,4.8,9/9/2018
i09428,Aarav Miller,Math,3.5,9/29/2021
i09429,Ethan Patel,AI,3.7,5/31/2020
i09430,Aarav Singh,Business,4.1,3/9/2018
i09431,Sophia Wilson,Programming,4.8,4/13/2018
i09432,Mia Smith,AI,3.2,2/11/2019
i09433,Meera Davis,Data Science,3.9,2/10/2018
i09434,Vihaan Brown,Physics,3.7,1/15/2020
i09435,Lucas Singh,Biology,4.6,6/13/2019
i09436,Karan Lewis,Programming,4.9,4/19/2020
i09437,Olivia Smith,Design,4.9,4/30/2019
i09438,Emma Patel,Math,4.2,1/13/2019
i09439,Karan Davis,AI,4.7,6/3/2018
i09440,Meera Martin,AI,3.6,5/3/2019
i09441,Amelia Smith,Physics,4.3,9/23/2021
i09442,Eva Lewis,Math,4.2,11/23/2020
i09443,Arjun Lee,Physics,4.8,7/9/2020
i09444,Liam Wilson,Data Science,4,12/22/2021
i09445,Benjamin Clark,Biology,3.7,3/19/2021
i09446,Ethan Brown,History,3.7,6/27/2021
i09447,Eva Verma,Physics,5,12/15/2021
i09448,Emma Davis,Programming,3.7,8/18/2019
i09449,Amelia Clark,Biology,3.9,7/19/2018
i09450,Eva Hall,Music,4.6,10/18/2019
i09451,Liam Singh,Design,3.1,12/29/2021
i09452,Sophia Miller,Math,3.2,4/12/2021
i09453,Noah Davis,Design,4,6/19/2018
i09454,Zara Clark,Physics,4.1,8/30/2020
i09455,Aarav Martin,Music,3.9,2/15/2020
i09456,Emma Martin,Physics,4.9,11/25/2018
i09457,Olivia Miller,Math,3.4,2/11/2021
i09458,Isabella Lee,AI,3.6,10/14/2020
i09459,Ethan Brown,Business,4.4,4/1/2020
i09460,Karan Taylor,AI,3.7,11/5/2020
i09461,Karan Hall,Programming,3.2,9/8/2020
i09462,Benjamin Hall,Physics,3.3,9/4/2019
i09463,Riya Davis,AI,3.1,4/29/2019
i09464,Zara Moore,Physics,3.1,9/19/2019
i09465,Emma Clark,Math,4.2,1/13/2019
i09466,Olivia Patel,History,3.4,9/24/2018
i09467,Olivia Johnson,AI,3.1,5/19/2019
i09468,Arjun Verma,Math,4,1/11/2021
i09469,Aarav Hall,Math,4.2,1/31/2019
i09470,Meera Davis,Music,3.4,2/11/2021
i09471,Sophia Smith,Math,3.1,4/15/2021
i09472,Aanya Smith,Programming,3.7,3/23/2021
i09473,Sophia Thomas,Business,3.6,1/12/2020
i09474,Lucas Johnson,AI,4.1,7/23/2021
i09475,Ethan Patel,Math,4.2,10/8/2019
i09476,Aarav Lewis,Math,3.6,7/20/2021
i09477,Amelia Patel,History,3.3,6/28/2019
i09478,Mia Taylor,Math,3.7,3/13/2021
i09479,Olivia Patel,History,4.6,1/8/2021
i09480,Zara Martin,Music,4.6,8/17/2018
i09481,Emma Anderson,Biology,4.1,4/17/2021
i09482,Zara Lee,Design,3.2,11/26/2018
i09483,Benjamin Miller,Biology,3.4,11/10/2019
i09484,Emma Miller,Data Science,4.9,5/30/2018
i09485,Isabella Sharma,AI,4.9,7/29/2020
i09486,Liam Anderson,Biology,4.9,12/11/2020
i09487,Meera Martin,Business,5,12/8/2020
i09488,Arjun Miller,AI,3.7,12/10/2019
i09489,Amelia Taylor,Design,4.9,4/10/2018
i09490,Vihaan Clark,Design,4.1,11/20/2018
i09491,Karan Miller,Data Science,3.6,9/18/2018
i09492,Vihaan Thomas,History,4,5/19/2018
i09493,Lucas Davis,Data Science,3.4,1/19/2020
i09494,Benjamin Wilson,Programming,3.1,2/23/2019
i09495,Vihaan Patel,Programming,3.9,11/18/2018
i09496,Noah Moore,Physics,5,9/21/2019
i09497,Liam Walker,Music,4.5,7/6/2021
i09498,Aanya Brown,AI,3.4,1/10/2021
i09499,Sophia Sharma,Music,4.5,12/25/2018
i09500,Benjamin Patel,Biology,3.5,5/7/2020
i09501,Isabella Walker,Biology,4.8,9/24/2018
i09502,Liam Miller,Biology,4.5,1/28/2020
i09503,Vihaan Wilson,Music,3,5/22/2020
i09504,Meera Sharma,Programming,3.6,12/3/2019
i09505,Zara Johnson,Physics,3.8,6/5/2020
i09506,Emma Martin,Programming,3.2,6/5/2019
i09507,Arjun Miller,Math,3.9,2/12/2020
i09508,Riya Thomas,Data Science,3.4,6/14/2020
i09509,Vihaan Taylor,History,4.3,5/1/2020
i09510,Mia Moore,Programming,4.2,6/30/2020
i09511,Eva Walker,Biology,3.1,10/26/2019
i09512,Olivia Davis,History,3.5,11/19/2021
i09513,Zara Miller,Math,4.7,2/21/2018
i09514,Karan Martin,Data Science,3.3,2/29/2020
i09515,Emma Hall,Biology,3.4,3/28/2018
i09516,Mia Hall,Design,4.8,12/29/2021
i09517,Riya Davis,AI,3.8,11/24/2018
i09518,Olivia Patel,Programming,3.5,2/18/2020
i09519,Mia Walker,AI,4.9,6/8/2021
i09520,Aarav Hall,Programming,4.4,5/5/2021
i09521,Noah Taylor,AI,4.8,10/15/2019
i09522,Sophia Thomas,Business,3.7,10/7/2020
i09523,Riya Singh,Math,3.4,4/5/2019
i09524,Ethan Martin,History,3.6,8/23/2021
i09525,Sophia Hall,Programming,3.3,11/27/2018
i09526,Arjun Moore,Programming,3.2,4/21/2019
i09527,Olivia Davis,AI,4.6,4/12/2018
i09528,Meera Lee,Biology,4.2,6/8/2021
i09529,Vihaan Anderson,Biology,4.1,12/29/2018
i09530,Amelia Lee,Music,3.6,7/9/2020
i09531,Sophia Lewis,Programming,3.6,11/13/2021
i09532,Lucas Sharma,Physics,3.5,9/24/2020
i09533,Mia Clark,Math,3.5,9/7/2019
i09534,Amelia Wilson,Data Science,4.9,3/12/2019
i09535,Ethan Patel,Math,4,8/31/2019
i09536,Eva Singh,Physics,4.8,6/25/2019
i09537,Lucas Sharma,Data Science,4.5,6/27/2018
i09538,Zara Verma,AI,3.5,11/4/2020
i09539,Aanya Brown,History,3.2,2/9/2021
i09540,Zara Brown,Business,3.8,8/19/2021
i09541,Olivia Anderson,AI,4.6,12/9/2018
i09542,Ethan Thomas,Design,3.6,2/9/2020
i09543,Arjun Walker,Music,4.6,5/20/2019
i09544,Karan Patel,Programming,4.4,11/7/2020
i09545,Meera Singh,Design,4.9,8/9/2018
i09546,Liam Johnson,Physics,3.1,9/16/2019
i09547,Isabella Wilson,Data Science,3.8,3/28/2019
i09548,Aarav Anderson,Data Science,3.1,2/17/2019
i09549,Olivia Miller,Design,3.7,3/13/2020
i09550,Arjun Lee,Physics,3.1,2/12/2021
i09551,Amelia Lewis,Music,4.3,1/19/2018
i09552,Benjamin Hall,Programming,3.2,4/20/2021
i09553,Eva Smith,Math,3.9,5/20/2020
i09554,Olivia Patel,Business,4.7,11/16/2019
i09555,Riya Clark,Programming,3.1,8/1/2021
i09556,Arjun Lee,Design,3.1,7/6/2021
i09557,Liam Sharma,Physics,3.3,3/12/2020
i09558,Liam Lewis,Data Science,3.5,2/8/2021
i09559,Emma Clark,History,3.1,7/16/2018
i09560,Liam Johnson,History,3.5,4/6/2021
i09561,Emma Thomas,Business,4.5,5/3/2021
i09562,Arjun Lee,Math,4.1,7/15/2021
i09563,Olivia Lewis,Math,3.9,8/8/2021
i09564,Benjamin Taylor,Business,3.1,12/11/2020
i09565,Olivia Miller,Design,3.9,10/19/2021
i09566,Liam Davis,History,4,7/21/2020
i09567,Isabella Clark,Design,3.9,11/28/2020
i09568,Sophia Miller,History,4,1/26/2019
i09569,Arjun Sharma,Design,3.3,6/28/2020
i09570,Eva Davis,Business,3.9,2/24/2018
i09571,Zara Clark,Biology,3.8,7/6/2021
i09572,Meera Taylor,Business,4.3,5/14/2018
i09573,Liam Brown,Physics,3.3,8/11/2018
i09574,Zara Hall,Biology,3.1,2/27/2021
i09575,Zara Johnson,Business,3.2,4/26/2019
i09576,Aarav Clark,Design,3.6,4/25/2021
i09577,Meera Moore,Math,3.9,8/21/2018
i09578,Vihaan Verma,History,4.1,7/25/2020
i09579,Mia Thomas,Physics,4,9/25/2020
i09580,Isabella Sharma,Physics,4.8,7/30/2021
i09581,Meera Smith,History,4.2,10/27/2020
i09582,Lucas Johnson,Biology,4.3,5/5/2020
i09583,Arjun Miller,Biology,3.3,7/5/2021
i09584,Isabella Anderson,Physics,3.1,3/10/2019
i09585,Riya Hall,AI,4.8,10/28/2021
i09586,Lucas Lewis,Music,3.4,2/3/2019
i09587,Aanya Thomas,History,4.2,4/2/2021
i09588,Sophia Moore,AI,3.9,12/1/2018
i09589,Ethan Singh,AI,4.5,12/8/2020
i09590,Arjun Brown,Biology,4.5,4/27/2018
i09591,Vihaan Singh,Music,4.4,6/20/2021
i09592,Ethan Patel,Biology,4.5,5/3/2019
i09593,Isabella Patel,History,3.2,8/21/2019
i09594,Karan Lee,Business,4.2,5/5/2021
i09595,Riya Walker,Math,4.3,1/22/2019
i09596,Riya Patel,Math,4.6,6/23/2021
i09597,Riya Sharma,Business,4,5/21/2021
i09598,Karan Walker,Math,4.6,11/15/2019
i09599,Liam Smith,Music,4.6,8/25/2020
i09600,Aarav Brown,Design,3,10/24/2020
i09601,Ethan Moore,Biology,3.1,12/31/2019
i09602,Riya Lee,Physics,5,2/20/2019
i09603,Riya Hall,AI,3.4,7/28/2019
i09604,Amelia Moore,Biology,3.7,3/2/2018
i09605,Karan Walker,Programming,3.6,12/22/2019
i09606,Olivia Davis,Physics,3.7,8/31/2021
i09607,Mia Brown,Physics,4.8,8/22/2020
i09608,Riya Davis,Biology,3.4,11/7/2018
i09609,Amelia Sharma,Design,3,4/11/2019
i09610,Vihaan Brown,Math,4.8,9/27/2018
i09611,Riya Anderson,Music,3.8,7/10/2021
i09612,Lucas Johnson,Biology,3.1,11/5/2021
i09613,Mia Thomas,Music,4.4,6/10/2019
i09614,Zara Martin,Design,3.9,7/27/2020
i09615,Benjamin Lewis,Business,3.5,9/26/2018
i09616,Vihaan Patel,Math,4.7,2/13/2021
i09617,Meera Singh,Math,4.3,1/23/2018
i09618,Riya Anderson,Math,3.6,12/14/2020
i09619,Riya Hall,History,4.9,9/30/2019
i09620,Zara Miller,Programming,4.5,6/23/2021
i09621,Arjun Singh,Biology,4,12/15/2019
i09622,Aanya Hall,Data Science,4.9,5/23/2021
i09623,Amelia Brown,AI,4.2,11/26/2021
i09624,Noah Martin,Math,4.5,5/11/2020
i09625,Meera Martin,Programming,3.2,8/31/2018
i09626,Lucas Moore,Biology,3,10/23/2019
i09627,Isabella Moore,Business,3.2,9/1/2021
i09628,Arjun Johnson,Business,3.5,3/15/2018
i09629,Olivia Anderson,Design,5,6/11/2018
i09630,Karan Singh,AI,3.4,1/13/2021
i09631,Karan Anderson,Design,3.3,8/9/2019
i09632,Emma Taylor,Data Science,4.6,3/4/2019
i09633,Aanya Wilson,Physics,3.7,6/7/2020
i09634,Eva Moore,Music,4.4,6/15/2021
i09635,Karan Lewis,Math,3.3,10/28/2020
i09636,Benjamin Walker,Music,3.4,3/30/2021
i09637,Aarav Thomas,AI,3.9,8/28/2018
i09638,Isabella Wilson,Design,3.5,9/8/2019
i09639,Aarav Moore,Music,3.4,2/27/2018
i09640,Karan Taylor,History,3.3,4/6/2021
i09641,Mia Wilson,AI,4.3,9/14/2019
i09642,Benjamin Clark,Business,4.4,5/31/2020
i09643,Meera Lewis,Data Science,3.2,10/21/2019
i09644,Aarav Martin,Business,3.9,6/21/2018
i09645,Zara Patel,Math,3.8,1/20/2021
i09646,Emma Miller,Biology,4.3,4/12/2020
i09647,Riya Taylor,AI,3.4,12/30/2021
i09648,Liam Patel,History,4.9,12/19/2019
i09649,Olivia Hall,Design,4.7,1/14/2020
i09650,Aarav Lewis,Business,4.4,10/2/2021
i09651,Eva Davis,Data Science,3.2,3/26/2018
i09652,Noah Johnson,AI,5,5/5/2021
i09653,Meera Davis,Physics,3.7,6/6/2021
i09654,Isabella Martin,Physics,4.4,5/11/2018
i09655,Sophia Anderson,Data Science,3.8,12/20/2021
i09656,Liam Sharma,Math,3.1,1/10/2019
i09657,Aarav Davis,Design,4.4,11/5/2019
i09658,Ethan Lee,Physics,3.4,12/3/2020
i09659,Liam Verma,Biology,4.4,4/29/2021
i09660,Vihaan Walker,Programming,4.3,4/23/2019
i09661,Zara Sharma,Music,4.7,3/12/2018
i09662,Lucas Taylor,Biology,3.4,2/2/2018
i09663,Karan Johnson,AI,4.4,11/29/2018
i09664,Amelia Walker,Biology,3.6,5/25/2018
i09665,Aarav Lee,Design,4.6,8/9/2020
i09666,Riya Johnson,AI,4.2,2/21/2019
i09667,Aanya Moore,History,3.5,9/21/2021
i09668,Meera Patel,AI,3.5,11/5/2018
i09669,Sophia Wilson,Physics,4.1,1/6/2020
i09670,Aanya Martin,Business,4.4,5/26/2020
i09671,Lucas Miller,Physics,3.7,9/30/2019
i09672,Noah Taylor,Business,3.8,11/5/2019
i09673,Isabella Moore,Data Science,3.1,3/29/2021
i09674,Arjun Anderson,Biology,4.5,3/21/2021
i09675,Lucas Thomas,Business,4.6,2/25/2020
i09676,Vihaan Lee,Data Science,4.4,10/2/2021
i09677,Eva Hall,Data Science,4.5,8/27/2018
i09678,Liam Davis,Math,3.2,2/6/2018
i09679,Zara Taylor,Math,3.7,4/18/2021
i09680,Ethan Lee,Design,4.4,7/2/2020
i09681,Olivia Martin,Design,4.1,3/26/2020
i09682,Zara Taylor,Business,4.9,8/10/2021
i09683,Riya Moore,Physics,4.2,8/8/2019
i09684,Emma Thomas,History,4.6,2/24/2020
i09685,Vihaan Sharma,Business,4.2,6/10/2018
i09686,Aanya Patel,Physics,4,1/22/2018
i09687,Lucas Walker,Biology,4.3,1/13/2020
i09688,Isabella Wilson,AI,4.8,3/14/2018
i09689,Aarav Thomas,Math,4.5,6/2/2019
i09690,Aanya Singh,Programming,3.2,9/9/2020
i09691,Ethan Taylor,Business,4.8,9/2/2021
i09692,Arjun Verma,Music,3.5,12/19/2020
i09693,Benjamin Miller,Biology,3.2,1/8/2020
i09694,Aarav Davis,Programming,4.1,8/11/2021
i09695,Isabella Brown,Data Science,4.2,6/8/2018
i09696,Zara Singh,Music,3.2,1/14/2021
i09697,Zara Brown,Data Science,4.3,8/31/2020
i09698,Lucas Singh,AI,3.8,12/30/2020
i09699,Riya Martin,Biology,3.5,9/7/2019
i09700,Eva Hall,Data Science,3.6,11/21/2021
i09701,Amelia Verma,AI,4.1,12/30/2021
i09702,Karan Singh,Music,3.5,4/30/2020
i09703,Mia Hall,Biology,3,12/21/2019
i09704,Arjun Davis,Business,4.1,8/17/2019
i09705,Karan Thomas,History,3.4,4/2/2021
i09706,Mia Smith,History,3.4,3/20/2021
i09707,Noah Clark,AI,4,4/21/2018
i09708,Lucas Lee,Design,3.7,1/17/2021
i09709,Riya Wilson,AI,4.5,9/2/2020
i09710,Mia Miller,Programming,4.6,6/23/2018
i09711,Emma Martin,Physics,4.9,7/9/2021
i09712,Isabella Walker,Data Science,3.3,8/8/2020
i09713,Lucas Clark,Business,3,5/11/2020
i09714,Lucas Smith,Business,3.7,3/14/2021
i09715,Arjun Singh,AI,4.3,4/5/2021
i09716,Isabella Hall,Math,3,8/13/2020
i09717,Olivia Davis,Business,3.2,7/30/2018
i09718,Riya Brown,Business,4.9,7/13/2021
i09719,Vihaan Brown,Business,3.1,3/17/2018
i09720,Olivia Verma,Math,3.1,5/3/2019
i09721,Isabella Singh,Math,4.7,4/29/2018
i09722,Aanya Brown,Physics,3.9,7/6/2018
i09723,Emma Thomas,Physics,3.4,7/8/2021
i09724,Sophia Clark,Design,4.1,2/26/2018
i09725,Karan Lee,Music,3.6,5/31/2019
i09726,Vihaan Martin,Programming,3.4,12/28/2021
i09727,Ethan Thomas,Music,3.6,10/24/2018
i09728,Eva Johnson,Biology,3.7,6/1/2021
i09729,Isabella Patel,Math,3.4,7/28/2019
i09730,Sophia Brown,Physics,4.5,3/30/2019
i09731,Aanya Wilson,Business,4.3,8/8/2019
i09732,Emma Walker,Data Science,4.8,9/9/2020
i09733,Meera Verma,Physics,4.8,1/22/2021
i09734,Amelia Verma,AI,3.2,12/28/2019
i09735,Mia Walker,Data Science,4.3,12/19/2019
i09736,Sophia Walker,Biology,5,2/13/2019
i09737,Eva Patel,Music,4.8,9/30/2018
i09738,Liam Walker,Biology,5,11/19/2018
i09739,Sophia Smith,Physics,4.1,8/29/2018
i09740,Isabella Smith,Music,4.8,1/27/2020
i09741,Riya Patel,Music,3.1,9/24/2018
i09742,Sophia Walker,Math,4,6/5/2019
i09743,Benjamin Moore,Music,3.8,9/11/2018
i09744,Emma Davis,AI,3.6,4/1/2019
i09745,Arjun Lee,History,4.3,4/2/2021
i09746,Benjamin Verma,Programming,3.8,8/26/2021
i09747,Vihaan Moore,Biology,4.8,8/30/2018
i09748,Eva Lewis,Business,3.3,11/3/2021
i09749,Karan Taylor,Programming,4.1,12/7/2021
i09750,Vihaan Clark,Math,3.8,6/23/2021
i09751,Aanya Wilson,Biology,4.7,11/10/2021
i09752,Karan Patel,Math,4.1,2/5/2020
i09753,Arjun Sharma,Programming,3.8,12/10/2021
i09754,Aanya Lee,Music,4.7,7/29/2020
i09755,Isabella Johnson,Business,4.9,7/16/2018
i09756,Arjun Johnson,Data Science,3.7,9/24/2020
i09757,Aanya Verma,Programming,4.2,4/6/2019
i09758,Zara Johnson,Programming,4.6,5/20/2018
i09759,Amelia Miller,Biology,3.3,9/25/2021
i09760,Emma Singh,Data Science,3.2,4/13/2019
i09761,Arjun Anderson,Programming,5,9/4/2018
i09762,Aanya Martin,Programming,4.6,1/14/2020
i09763,Amelia Clark,Math,4.2,2/7/2019
i09764,Sophia Smith,AI,4,6/26/2021
i09765,Benjamin Sharma,History,3.3,11/11/2020
i09766,Benjamin Singh,Design,4.2,4/19/2021
i09767,Aanya Walker,Music,3.6,6/20/2021
i09768,Lucas Verma,Design,3.2,10/9/2018
i09769,Olivia Davis,Design,3,3/24/2019
i09770,Mia Walker,Business,4.3,8/16/2021
i09771,Amelia Miller,Math,4.4,6/1/2018
i09772,Amelia Lee,Business,3.4,10/10/2019
i09773,Aarav Brown,Design,3.1,12/30/2021
i09774,Aarav Brown,Physics,3.4,11/25/2019
i09775,Aarav Thomas,Music,4.4,11/23/2019
i09776,Zara Thomas,Music,4.2,12/1/2020
i09777,Karan Lewis,Design,3.6,9/17/2021
i09778,Lucas Singh,Business,3.3,8/12/2019
i09779,Mia Miller,AI,3,11/15/2019
i09780,Karan Singh,Biology,3.2,7/30/2021
i09781,Amelia Miller,Data Science,3.9,5/2/2019
i09782,Arjun Lee,Data Science,3.2,6/25/2019
i09783,Aarav Singh,Physics,3.8,10/25/2020
i09784,Aarav Davis,Physics,3.5,11/21/2020
i09785,Noah Anderson,Business,3.3,1/9/2019
i09786,Olivia Sharma,Physics,4.3,8/17/2020
i09787,Olivia Moore,Math,4.3,3/22/2021
i09788,Isabella Sharma,Data Science,4.7,12/31/2018
i09789,Lucas Johnson,Music,3.5,7/15/2021
i09790,Emma Clark,Biology,4.2,5/11/2018
i09791,Noah Hall,Data Science,3.9,7/25/2021
i09792,Amelia Lee,Design,4.9,6/16/2019
i09793,Ethan Hall,AI,4.3,8/14/2018
i09794,Isabella Singh,Design,3.3,2/27/2021
i09795,Vihaan Sharma,Biology,3.1,11/14/2021
i09796,Karan Walker,Music,3.4,4/1/2019
i09797,Olivia Thomas,Physics,3.7,5/13/2020
i09798,Zara Taylor,Business,3.1,12/4/2018
i09799,Lucas Wilson,Business,4.5,1/11/2019
i09800,Noah Singh,Physics,3.4,3/26/2020
i09801,Amelia Martin,History,3.6,12/21/2020
i09802,Ethan Brown,Business,4.1,10/29/2021
i09803,Benjamin Hall,Data Science,3.5,9/7/2019
i09804,Arjun Lewis,Design,3.4,2/5/2019
i09805,Isabella Taylor,Business,4.6,8/16/2018
i09806,Emma Moore,Math,3.1,12/31/2019
i09807,Aanya Verma,Biology,4.9,2/21/2021
i09808,Riya Clark,Biology,3.9,10/5/2019
i09809,Emma Lee,Data Science,5,6/10/2018
i09810,Emma Thomas,Physics,4.4,10/11/2019
i09811,Karan Smith,AI,3.6,5/5/2020
i09812,Zara Verma,Programming,3.4,11/25/2019
i09813,Benjamin Brown,Data Science,3.3,2/20/2021
i09814,Zara Clark,Physics,4.5,5/18/2021
i09815,Isabella Martin,Design,3.8,8/19/2021
i09816,Benjamin Martin,Math,4.9,8/4/2018
i09817,Sophia Hall,Biology,4.1,6/2/2020
i09818,Isabella Lee,Biology,3.7,4/17/2021
i09819,Mia Miller,Music,4.8,10/14/2021
i09820,Amelia Martin,AI,4.7,11/11/2020
i09821,Aarav Thomas,Biology,4.8,11/26/2018
i09822,Mia Brown,Data Science,4.2,11/26/2018
i09823,Zara Lee,Math,3.1,4/18/2020
i09824,Liam Lee,Biology,3.2,11/19/2021
i09825,Sophia Verma,Programming,3.7,8/12/2021
i09826,Isabella Verma,History,4,12/25/2021
i09827,Eva Clark,Business,3.5,4/15/2021
i09828,Vihaan Brown,Design,3.9,5/15/2020
i09829,Aanya Hall,Business,3.6,7/17/2021
i09830,Riya Singh,Programming,3.6,5/18/2019
i09831,Arjun Sharma,Biology,3.2,3/15/2020
i09832,Eva Johnson,Programming,4.8,4/9/2018
i09833,Riya Moore,Design,3.7,11/6/2018
i09834,Emma Miller,Programming,3.9,7/14/2019
i09835,Lucas Thomas,Physics,4.8,8/16/2019
i09836,Vihaan Lee,Business,4.3,1/12/2018
i09837,Sophia Johnson,Physics,5,1/2/2020
i09838,Noah Verma,Business,4.2,7/20/2021
i09839,Liam Wilson,Math,4.2,7/2/2018
i09840,Liam Verma,Physics,4,4/13/2021
i09841,Aarav Smith,History,3.5,8/9/2020
i09842,Liam Anderson,Math,3.8,10/28/2020
i09843,Eva Thomas,Business,4.2,6/25/2018
i09844,Ethan Lewis,History,3.2,11/25/2021
i09845,Meera Moore,Biology,4.6,9/5/2020
i09846,Isabella Martin,Math,4.3,2/28/2020
i09847,Lucas Verma,Math,4.8,4/5/2018
i09848,Vihaan Johnson,AI,3.5,12/22/2020
i09849,Zara Taylor,Programming,4.3,1/10/2018
i09850,Emma Thomas,Programming,4.4,12/3/2021
i09851,Riya Smith,Business,3.3,12/30/2020
i09852,Benjamin Patel,Physics,4.3,1/3/2018
i09853,Vihaan Patel,Programming,3.1,9/22/2019
i09854,Liam Wilson,Physics,3.7,4/18/2020
i09855,Liam Patel,History,3.8,8/19/2018
i09856,Karan Thomas,Math,3.5,11/8/2020
i09857,Eva Davis,Physics,3.3,2/11/2018
i09858,Noah Taylor,History,3.6,6/27/2018
i09859,Arjun Taylor,Music,3.7,7/18/2020
i09860,Amelia Wilson,Business,3.2,7/16/2021
i09861,Amelia Patel,Design,4.5,5/5/2018
i09862,Ethan Smith,AI,4.5,8/18/2019
i09863,Liam Miller,Business,3.2,5/6/2021
i09864,Riya Lee,Physics,3.5,10/21/2019
i09865,Noah Hall,Biology,3.8,2/22/2019
i09866,Aanya Anderson,History,3.1,11/25/2019
i09867,Riya Davis,Biology,4.1,6/8/2019
i09868,Lucas Miller,History,4.5,4/21/2018
i09869,Benjamin Smith,Design,4.6,1/6/2018
i09870,Noah Anderson,Business,3.7,11/22/2019
i09871,Amelia Lee,Business,3.6,11/20/2021
i09872,Noah Clark,Business,4.5,8/16/2018
i09873,Arjun Wilson,Design,3.2,10/26/2021
i09874,Aanya Martin,Math,3.6,1/27/2019
i09875,Meera Moore,Design,4.2,2/25/2020
i09876,Sophia Wilson,Business,4.3,8/24/2019
i09877,Zara Moore,History,4,1/24/2021
i09878,Lucas Hall,Data Science,4.3,7/14/2020
i09879,Aanya Walker,Music,4.6,4/22/2021
i09880,Emma Lee,Biology,3.2,3/23/2021
i09881,Ethan Sharma,Math,3.3,4/14/2020
i09882,Noah Walker,Math,4.1,3/26/2020
i09883,Emma Singh,History,4.4,12/20/2018
i09884,Arjun Clark,Data Science,4.5,3/17/2018
i09885,Karan Clark,History,4.4,7/15/2021
i09886,Aarav Clark,Data Science,4.5,4/30/2019
i09887,Aarav Brown,Math,3,10/5/2018
i09888,Aarav Hall,Data Science,4.5,6/16/2020
i09889,Aarav Patel,Music,4.7,2/18/2021
i09890,Aarav Wilson,Math,4.8,8/29/2020
i09891,Emma Thomas,Math,3.9,12/5/2018
i09892,Meera Johnson,History,3.3,1/19/2020
i09893,Eva Singh,Data Science,3.4,4/23/2020
i09894,Meera Singh,History,4.9,1/7/2018
i09895,Mia Martin,Biology,3.7,4/8/2021
i09896,Aanya Miller,Music,3.1,6/1/2021
i09897,Ethan Lewis,Business,4.9,12/1/2020
i09898,Noah Davis,Music,3.8,8/20/2020
i09899,Karan Johnson,Math,4.8,3/7/2021
i09900,Vihaan Johnson,Design,4.1,9/14/2019
i09901,Emma Brown,Physics,4.6,8/21/2020
i09902,Eva Brown,Physics,3.4,3/26/2018
i09903,Mia Taylor,Math,4.7,12/30/2019
i09904,Karan Brown,Business,3.9,9/22/2021
i09905,Eva Verma,Business,4.3,11/11/2020
i09906,Isabella Singh,Business,4.7,2/4/2018
i09907,Sophia Martin,History,4.5,12/28/2019
i09908,Liam Clark,AI,3.7,8/31/2018
i09909,Amelia Miller,Biology,3.3,8/2/2019
i09910,Arjun Anderson,Math,3.9,9/6/2021
i09911,Aanya Walker,Music,3.9,10/18/2018
i09912,Aarav Sharma,Math,4.2,9/22/2019
i09913,Riya Anderson,History,4.3,6/11/2021
i09914,Olivia Smith,Data Science,4.2,7/5/2019
i09915,Sophia Verma,Design,3.5,6/15/2020
i09916,Arjun Davis,Math,4.1,8/29/2020
i09917,Arjun Martin,Data Science,3.2,2/1/2021
i09918,Vihaan Moore,History,3.3,7/12/2021
i09919,Benjamin Smith,History,4.8,12/28/2018
i09920,Benjamin Thomas,AI,4.8,5/29/2021
i09921,Aarav Verma,Data Science,3.1,5/24/2019
i09922,Riya Moore,Physics,4.1,11/23/2019
i09923,Aarav Thomas,Design,4.6,6/16/2021
i09924,Lucas Verma,Data Science,4.8,11/28/2020
i09925,Benjamin Lee,Design,4.4,3/6/2020
i09926,Meera Hall,Physics,3.7,5/13/2020
i09927,Noah Verma,Programming,3.8,5/5/2020
i09928,Eva Smith,Design,4.7,10/18/2019
i09929,Ethan Patel,History,4.9,8/5/2019
i09930,Arjun Hall,Math,4.4,2/14/2021
i09931,Vihaan Wilson,Music,4.3,3/22/2019
i09932,Liam Patel,Music,3.8,7/17/2020
i09933,Amelia Lee,Business,3.9,10/1/2018
i09934,Arjun Clark,Business,4.7,4/7/2020
i09935,Aarav Johnson,Data Science,4.4,11/6/2020
i09936,Eva Davis,Biology,4.2,6/30/2021
i09937,Riya Davis,Physics,4.6,7/15/2019
i09938,Arjun Verma,AI,3.3,1/29/2018
i09939,Benjamin Taylor,Music,3.1,6/2/2018
i09940,Liam Patel,Data Science,4.8,11/5/2018
i09941,Aarav Taylor,Music,4.7,12/20/2021
i09942,Isabella Smith,Physics,4.2,11/10/2019
i09943,Riya Smith,AI,4.9,2/11/2019
i09944,Amelia Miller,Math,4.8,8/18/2018
i09945,Ethan Singh,Math,3.2,6/24/2020
i09946,Benjamin Verma,History,3.5,10/4/2019
i09947,Noah Verma,Physics,4.7,4/8/2021
i09948,Eva Martin,Design,3.9,1/14/2021
i09949,Aarav Hall,AI,3.7,8/13/2021
i09950,Lucas Walker,Business,3.6,6/4/2019
i09951,Karan Walker,Physics,4.2,1/23/2021
i09952,Zara Johnson,Business,3.6,9/4/2019
i09953,Riya Johnson,Math,3.1,4/20/2020
i09954,Lucas Clark,Programming,3.6,4/29/2018
i09955,Arjun Sharma,Business,5,8/31/2018
i09956,Sophia Clark,Data Science,4,1/18/2021
i09957,Benjamin Wilson,Music,4.4,3/26/2021
i09958,Riya Walker,AI,4.8,2/2/2021
i09959,Isabella Singh,Design,4.9,11/11/2020
i09960,Isabella Patel,Programming,3.6,6/8/2020
i09961,Mia Taylor,Math,4.1,10/13/2019
i09962,Emma Thomas,Design,3.3,6/13/2020
i09963,Aanya Verma,Music,3.3,8/29/2021
i09964,Sophia Walker,Business,4.6,5/14/2021
i09965,Sophia Johnson,Music,3.7,6/23/2019
i09966,Amelia Hall,Data Science,4.7,6/26/2020
i09967,Karan Miller,Data Science,3.2,11/14/2020
i09968,Eva Verma,AI,4.4,1/7/2018
i09969,Benjamin Lee,Business,4,1/13/2020
i09970,Meera Brown,AI,4.7,2/4/2018
i09971,Olivia Taylor,Math,3.5,10/30/2018
i09972,Olivia Lee,Biology,4,8/20/2020
i09973,Aarav Thomas,Data Science,3.8,3/1/2018
i09974,Vihaan Lewis,AI,4.1,9/30/2021
i09975,Vihaan Brown,Design,4,7/4/2018
i09976,Benjamin Brown,AI,4.6,6/5/2020
i09977,Isabella Sharma,Music,4.9,4/22/2018
i09978,Lucas Walker,Math,3.5,6/1/2020
i09979,Arjun Verma,Programming,4,2/24/2019
i09980,Lucas Wilson,Business,3.2,3/4/2019
i09981,Vihaan Sharma,Business,4.9,4/4/2019
i09982,Isabella Verma,History,4.8,7/16/2019
i09983,Aarav Hall,Math,4.6,9/24/2020
i09984,Isabella Lee,Biology,3.7,4/11/2018
i09985,Zara Clark,Physics,3.7,3/11/2019
i09986,Aanya Moore,AI,3.1,12/7/2020
i09987,Lucas Anderson,Programming,4.9,4/16/2021
i09988,Isabella Patel,Math,4.8,2/8/2019
i09989,Aanya Taylor,Design,3.3,5/1/2018
i09990,Lucas Taylor,AI,3.4,5/15/2021
i09991,Amelia Smith,AI,3.6,2/27/2021
i09992,Emma Singh,Physics,3.4,3/21/2020
i09993,Noah Johnson,Design,3.4,10/12/2019
i09994,Olivia Martin,Design,3.1,5/23/2019
i09995,Emma Moore,Design,4.4,11/5/2018
i09996,Lucas Davis,Design,4.3,5/25/2020
i09997,Aarav Clark,Programming,4.1,7/4/2020
i09998,Aanya Brown,Business,4.3,11/6/2019
i09999,Lucas Singh,Business,4.3,5/16/2020
i10000,Amelia Smith,AI,4.3,9/2/2018